column,dtype
Timestamp,str
BODY_MOMENTUM_HX,float64
BODY_MOMENTUM_HY,float64
BODY_MOMENTUM_HZ,float64
DELTA_MOMENTUM_YAW,float64
DELTA_MOMENTUM_ROL,float64
DELTA_MOMENTUM_PCH,float64
QOB-1,float64
QOB-2,float64
QOB-3,float64
QOB-4,float64
QIB-1,float64
QIB-2,float64
QIB-3,float64
QIB-4,float64
QREF-1,float64
QREF-2,float64
QREF-3,float64
QREF-4,float64
QSUNB-1,float64
QSUNB-2,float64
QSUNB-3,float64
QSUNB-4,float64
SKF_QIB-1,float64
SKF_QIB-2,float64
SKF_QIB-3,float64
SKF_QIB-4,float64
DYN_OBS_QIB-1,float64
DYN_OBS_QIB-2,float64
DYN_OBS_QIB-3,float64
DYN_OBS_QIB-4,float64
SKF_RES_QIB-1,float64
SKF_RES_QIB-2,float64
SKF_RES_QIB-3,float64
DER_RATE_YAW,float64
DER_RATE_ROL,float64
DER_RATE_PCH,float64
REF_RATE_YAW,float64
REF_RATE_ROL,float64
REF_RATE_PCH,float64
RES_RATE_YAW,float64
RES_RATE_ROL,float64
RES_RATE_PCH,float64
DYN_OBS_RATE_YAW,float64
DYN_OBS_RATE_ROL,float64
DYN_OBS_RATE_PCH,float64
RF_RATE_YAW,float64
RF_RATE_ROL,float64
RF_RATE_PCH,float64
MAG_BASED_RATE_YAW,float64
MAG_BASED_RATE_ROL,float64
MAG_BASED_RATE_PCH,float64
RF_RES_RATE_YAW,float64
RF_RES_RATE_ROL,float64
RF_RES_RATE_PCH,float64
MAG_EST_RATE_YAW,float64
MAG_EST_RATE_ROL,float64
MAG_EST_RATE_PCH,float64
SKF_DRIFT_YAW,float64
SKF_DRIFT_ROL,float64
SKF_DRIFT_PCH,float64
DF_DIST_TORQ_YAW,float64
DF_DIST_TORQ_ROL,float64
DF_DIST_TORQ_PCH,float64
RF_DIST_TORQ_YAW,float64
RF_DIST_TORQ_ROL,float64
RF_DIST_TORQ_PCH,float64
PROC_ERR_YAW,float64
PROC_ERR_ROL,float64
PROC_ERR_PCH,float64
PROC_ERR_RES_SEL,str
STEERING_BIAS_YAW,float64
STEERING_BIAS_PCH,float64
OM_FIRE_DUR,float64
OM_ROTN_DUR,float64
R-1_THR_HIST,float64
R-2_THR_HIST,float64
R-3_THR_HIST,float64
R-4_THR_HIST,float64
R-5_THR_HIST,float64
R-6_THR_HIST,float64
R-7_THR_HIST,float64
R-8_THR_HIST,float64
Y-1_THR_HIST,float64
Y-2_THR_HIST,float64
Y-3_THR_HIST,float64
Y-4_THR_HIST,float64
AUTO_FIRE_R1_STS,str
AUTO_FIRE_R2_STS,str
AUTO_FIRE_R3_STS,str
AUTO_FIRE_R4_STS,str
AUTO_FIRE_R5_STS,str
AUTO_FIRE_R6_STS,str
AUTO_FIRE_R7_STS,str
AUTO_FIRE_R8_STS,str
MANUAL_FIRE_R1_STS,str
MANUAL_FIRE_R2_STS,str
MANUAL_FIRE_R3_STS,str
MANUAL_FIRE_R4_STS,str
MANUAL_FIRE_R5_STS,str
MANUAL_FIRE_R6_STS,str
MANUAL_FIRE_R7_STS,str
MANUAL_FIRE_R8_STS,str
AUTO_FIRE_D1_STS,str
AUTO_FIRE_D2_STS,str
AUTO_FIRE_D3_STS,str
AUTO_FIRE_D4_STS,str
MANUAL_FIRE_D1_STS,str
MANUAL_FIRE_D2_STS,str
MANUAL_FIRE_D3_STS,str
MANUAL_FIRE_D4_STS,str
D-1_THR_HIST,float64
D-2_THR_HIST,float64
D-3_THR_HIST,float64
D-4_THR_HIST,float64
ORB_PERIOD_SEC,float64
ORB_TIMER_SEC,float64
DAMP_TORQ_YAW,float64
DAMP_TORQ_ROL,float64
DTG_COMP_ANG_YAW,float64
DTG_COMP_ANG_ROL,float64
DTG_COMP_ANG_PCH,float64
DTG-1_ROL_ACC_ANG,float64
DTG-1_PCH_ACC_ANG,float64
DTG-1_CMDD_DRC_ROL,float64
DTG-1_CMDD_DRC_PCH,float64
DTG-2_PCH_ACC_ANG,float64
DTG-2_YAW_ACC_ANG,float64
DTG-2_CMDD_DRC_PCH,float64
DTG-2_CMDD_DRC_YAW,float64
DTG-3_YAW_ACC_ANG,float64
DTG-3_ROL_ACC_ANG,float64
DTG-3_CMDD_DRC_YAW,float64
DTG-3_CMDD_DRC_ROL,float64
MAG_REF_FIELD_YAW,float64
MAG_REF_FIELD_ROL,float64
MAG_REF_FIELD_PCH,float64
PROC_SS_QIB-1,float64
PROC_SS_QIB-2,float64
PROC_SS_QIB-3,float64
PROC_SS_QIB-4,float64
SS_UPDT_CNT,float64
LINK_WDT_TIMER,float64
CMDD_NSC_SPD,float64
RW-1_SPD_AOCE,float64
RW-1_EST_SPD_AOCE,float64
RW-1_I/P_TORQ_AOCE,float64
RW-1_DFC_TORQ_AOCE,float64
RW-1_NSC_SPD,float64
RW-2_SPD_AOCE,float64
RW-2_EST_SPD_AOCE,float64
RW-2_I/P_TORQ_AOCE,float64
RW-2_DFC_TORQ_AOCE,float64
RW-2_NSC_SPD,float64
RW-3_SPD_AOCE,float64
RW-3_EST_SPD_AOCE,float64
RW-3_I/P_TORQ_AOCE,float64
RW-3_DFC_TORQ_AOCE,float64
RW-3_NSC_SPD,float64
RW-4_SPD_AOCE,float64
RW-4_EST_SPD_AOCE,float64
RW-4_I/P_TORQ_AOCE,float64
RW-4_DFC_TORQ_AOCE,float64
RW-4_NSC_SPD,float64
QIB-1_NS,float64
QIB-2_NS,float64
QIB-3_NS,float64
DER_RATE_YAW_NS,float64
DER_RATE_ROL_NS,float64
DER_RATE_PCH_NS,float64
PROC_ERR_YAW_NS,float64
PROC_ERR_ROL_NS,float64
PROC_ERR_PCH_NS,float64
PROC_ERR_RES_SEL_NS,str
PROC_SS_QIB-1_NS,float64
PROC_SS_QIB-2_NS,float64
PROC_SS_QIB-3_NS,float64
SS-1_UPDT_CNT_NS,float64
AOCE_MODE,str
CNTRL_REF_SEL,str
LAUNCH_PHASE_STS,str
LAUNCH_PHASE_OVER,str
SNAP-1_STS,str
SNAP-2_STS,str
DIRECT_ACQ_STS,object
DIRECT_ACQ_FLAG,object
AUTO_IAC_STS,str
AUTO_SEQ_EXE_STS,object
AUTO_SACQ,str
AUTO_YAW_ROL_SACQ,str
AUTO_SEQ_LOGIC_STS,str
AUTO_SEQ_STS,str
SKF_STS,object
DF_STS,object
PWPFM_SEL,str
YAW_PWPFM,str
ROL_PWPFM,str
PCH_PWPFM,str
LC_RATE,str
MD_INHIBIT_FLAG,object
DIST_TORQ_COMP_STS,str
SKF_DRIFT_UPD_STS,str
GYROCAL_FLAG,object
GYROCAL_SEL,str
GYROCAL_SEQ_STS,str
SACQ_USING_DTG_STS,str
SNSR_SEL_FOR_YAW,str
DRAG_COMP,object
SKF_DRIFT_ZERO_ON_MD_INH_STS,str
ARRAY_DAMP_STS,str
SPS_PROCESS_STS,str
ECL_STS,object
P-1_SUN_SEARCH_STS,str
P-2_SUN_SEARCH_STS,str
REMD_STS,object
RRD_STS,object
RRD_AXIS_SEL,str
RRD_THR_FIRE_DUR,float64
RRD_SEL_AXIS_RATE,float64
RRD_WNORM-1,float64
RRD_WNORM-2,float64
AUTO_DRAG_STS,str
REMD_BASED_RECOVERY,object
REMD_BASED_RATE_DUMP,object
RRD_RATE_DAMP_FLAG,object
RRD_FAIL_FLAG,str
THR_BLK_FOR_RRD_CMD_STS,str
SKF_AUTO_DRIFT_UPDT_STS,str
ROL_INC_ANG_SEL,str
PCH_INC_ANG_SEL,str
YAW_ERR_FROM_RATES_STS,str
SEL_BMU_LOOP,str
HW_SYS_ID,str
SYS_ID,str
SYS_SEL,str
SYS_SEL_STS,str
MINOR_CYCLE-1_OVRFLW_FLAG,str
MINOR_CYCLE-2_OVRFLW_FLAG,str
MINOR_CYCLE-3_OVRFLW_FLAG,str
MINOR_CYCLE-4_OVRFLW_FLAG,str
MINOR_CYCLE-5_OVRFLW_FLAG,str
MINOR_CYCLE-6_OVRFLW_FLAG,str
MINOR_CYCLE-7_OVRFLW_FLAG,str
MAJOR_CYCLE_OVRFLW_FLAG,str
CPU_RST_STS,str
MAJOR_CYCLE_CNTR,float64
YAW_STEER_STS,str
YAW_STEER_OPTION,str
PCH_STEER_STS,str
CPU_RST_POI_FLAG_STS,str
SYS_SEL_SW_IND,str
SEL_RTE_LOOP,str
SYS-1_PROG_SEL,str
SYS-2_PROG_SEL,str
SNS_EXE,object
SNS_LC_RATE,str
PLD_SEQ_EXE,object
STORAGE_ACTIVE,object
ANDED_SNAP_STS_OS,str
MAJ_VOTE_ANDED_SNAP_STS,object
SACQ_TORQ_GAIN_YAW,str
SACQ_TORQ_GAIN_ROL,str
SACQ_TORQ_GAIN_PCH,str
OM_LC_GAIN_YAW,str
OM_LC_GAIN_ROL,str
OM_LC_GAIN_PCH,str
OM_NF_GAIN_YAW,str
OM_NF_GAIN_ROL,str
OM_NF_GAIN_PCH,str
RF_GAIN_YAW,str
RF_GAIN_ROL,str
RF_GAIN_PCH,str
SKF_GAIN,str
DYN_OBS_GAIN,str
ARRAY_DAMP_GAIN,str
ARRAY_DAMP_NF_GAIN,str
LC_GAIN_YAW,str
LC_GAIN_ROL,str
LC_GAIN_PCH,str
THR_GAIN_YAW,str
THR_GAIN_ROL,str
THR_GAIN_PCH,str
OM_THR_GAIN_YAW,str
OM_THR_GAIN_ROL,str
OM_THR_GAIN_PCH,str
SACQ_WHL_TORQ_GAIN_YAW,str
SACQ_WHL_TORQ_GAIN_ROL,str
SACQ_WHL_TORQ_GAIN_PCH,str
YAW_ERR_ROL_RATE_LPF_COEFF_SET,str
YAW_ERR_PCH_RATE_LPF_COEFF_SET,str
DTG_LPF_HIGH_COEFF_SET,str
DTG_LPF_LOW_COEFF_SET,str
SV_COEFF_READY_FLAG,object
BP_INIT,object
SV_FOR_TM,str
SV_USAGE,str
GOODS_INIT,object
GOODS_KF_GAIN,str
BP_SEL,str
COL_TO_BP_STS,str
ORB_RATE_COMP_STS,str
AOL_FROM_ORB_MODEL,str
UPD_ORB_TIMER_BY_AOL,str
GOODS_UPDT_BP,str
BP_SV_VALIDATE_STS,str
SV_FOR_BDH,str
COL_ODP_STS,str
ODP_SV_VALDN,object
FDI_LOGIC_STS,str
FDI_CNTR,float64
FDI_CNTR_NS,float64
FDI_STS_SYS-1,str
FDI_STS_SYS-2,str
FDI_ACTION,str
SM_LOGIC_STS,str
SM_LOGIC_STS_NS,str
SM_STS_SYS-1,str
SM_STS_SYS-2,str
THR_BLK_SEL_FOR_SM,str
AOCE-1_USBL_FOR_SM,str
AOCE-2_USBL_FOR_SM,str
H/W_SM_OVERRIDE,str
SM_ACTION,str
H/W_S/W_SM_SEL,str
RATE_S/W_SM_LOGIC,str
RATE_SM_STS,str
4PI_SM_OVERRIDE,object
4PI_S/W_SM_LOGIC,str
4PI_SM_STS,object
LPD_LOGIC_STS,str
LPD_TIME_SEL,str
ACQ_MODE_LPD_TIME_SEL,str
LPD_LV-1_O/P,str
RATE_SM_MD_INH_REQ_STS,str
MRS_ATT_CONV_FAIL_CMD_STS,str
MRS_ARC2_PATH,str
MRS_RW_OSR_PATH,str
MRS_TWO_GYRO_FAIL_PATH,str
MRS_SS_FAIL_RECOVERY_PATH,str
MRS_REV_CONV_PATH,str
MRS_RW_OVER_SPD_PATH,str
SM_RECOVERY_TIME_CASE,str
MRS_SM_TIME_CASE,str
MRS_LP_TIME_CASE,str
MRS_STS,str
MRS_LP_STS,str
SM_MRS_RECOVERY_STS,str
RST_HANDLER_FLAG,str
RST_HANDLER_TIME_CASE,str
MRS_FOR_RRD_STS,object
MATRIX_INV_FAIL_FLAG,str
MRS_CONV_CHK,object
INJ_ORB_NOMINAL_STS,str
ORED_SM_STS,str
WHL_IN_LOOP_TIME,float64
LPD_SUM_THR_HIS_LOGIC_STS,str
LPD_SUM_THR_HIS_STS,str
SYS-1_RST_HANDLER_LOGIC_STS,str
SYS-2_RST_HANDLER_LOGIC_STS,float64
BMU30_5V_STS_SYS-1,str
BMU30_5V_STS_SYS-2,str
THR_SEL_ROUTINE,str
THR_DUMP_YAW,str
THR_DUMP_ROL,str
THR_DUMP_PCH,str
THR_DUMP_STS_YAW,str
THR_DUMP_STS_ROL,str
THR_DUMP_STS_PCH,str
THR_DUMP_THD_YAW,str
THR_DUMP_THD_ROL,str
THR_DUMP_THD_PCH,str
THR_DUMP_PULSE_WIDTH,str
AUTO_FIRE_LOGIC_STS,str
MANUAL_FIRE_LOGIC_STS,str
MANUAL_FIRE_STS,str
THR_BLK_AUTO_ON_STS,str
THR_BLK_SEL_FOR_AUTO_ON,str
TSL_TBL_SEL,str
OM_TSL_TBL_SEL,str
ORED_THR_FIRE_STS,str
LV-1_STS,str
BMU-1_THR_BLK-1_STS,str
AOCE-1_THR_BLK-1_STS,str
OM_TYPE,str
BMU-1_THR_BLK-2_STS,str
AOCE-1_THR_BLK-2_STS,str
OM_OFF_MOD_BIAS_STS,str
OM_ROTATE,str
OM_OFF_MOD_CANT_THR_STS,str
OM_UNCANT_THR_REQ_STS,str
OM_UNCANT_THR_FIRE_STS,str
OM_OFF_MOD_FLAG,object
OM_SEQ_STS,str
OM_ACTUATOR_SEL,str
R1_THR_FIRE_STS,str
R2_THR_FIRE_STS,str
R3_THR_FIRE_STS,str
R4_THR_FIRE_STS,str
R5_THR_FIRE_STS,str
R6_THR_FIRE_STS,str
R7_THR_FIRE_STS,str
R8_THR_FIRE_STS,str
D1_THR_FIRE_STS,str
D2_THR_FIRE_STS,str
D3_THR_FIRE_STS,str
D4_THR_FIRE_STS,str
LV-2_STS,str
BMU-2_THR_BLK-1_STS,str
AOCE-2_THR_BLK-1_STS,str
BMU-2_THR_BLK-2_STS,str
AOCE-2_THR_BLK-2_STS,str
LV-3_STS,str
LV-4_STS,str
SPS_FD,str
SPS_IR,str
SPS_SV_TIME_FD,str
SPS_3D_FIX_FD,str
SPS_GPS_SYNC_TIME_FD,str
SPS_PDOP_FD,str
SPS_UPDT_FD,str
SPS_SV_TIME_FAIL_CNT,float64
SPS_3D_FIX_FAIL_CNT,float64
SPS_GPS_SYNC_TIME_FAIL_CNT,float64
SPS_PDOP_FAIL_CNT,float64
SPS_UPDT_FAIL_CNT,float64
SPS_EVENT_CMD_CNT,float64
SPS_FD_STS,str
SPS_REC_ON,object
ES_SEL,str
ES_CONFIG_SEL,str
ES_PROC_ERR_ROL,float64
ES_PROC_ERR_PCH,float64
ES_DAZZLE_LOGIC_STS,str
ES_ROL_SATURATION_LOGIC_STS,str
ES_SYS_ERR_CORREC_LOGIC_STS,str
ES_SPIKE_FILTER_STS,str
ES_UPDT_STS,str
ES_AUTO_NORMAL_GATING_STS,str
ES_AUTO_NORMAL_GATING_ISSUD,object
ES-1_PWR_STS,str
ES-2_PWR_STS,str
4PI_SEL,str
4PI_SUN_PRESENCE,str
4PI_REV_SUN_PRESENCE,str
4PI_SEL_FOR_SM,str
DTG_SEL,str
DTG_SEL_YAW,str
DTG_SEL_ROL,str
DTG_SEL_PCH,str
DTG_SF_SEL,str
DTG_FDIR_STS,str
DTG_MASTER_FDIR,str
DTG_FDIR_RETRY,str
DTG_REDT_SEL,str
MRS_TWO_GYRO_FAIL_CMD_STS,str
MRS_DTG_HIGH_RATE_CMD_STS,str
GYRO_RP_STS,str
GYRO_RP_WITH_HIGH_RATE_FLAG,object
DTG_FDIR_PATH,str
DTG_ANALOG_RATE_CHK,str
DTG_ANALOG_RATE_FLAG,object
DTG-1_ROL_ANALOG_RATE_STS,object
DTG-1_PCH_ANALOG_RATE_STS,object
DTG-1_FAIL_STS,object
DTG-1_FD,str
DTG-1_SYNC_HV_FD,str
DTG-1_SYNC_LOSS_FD,str
DTG-1_DATA_FREEZE_FD,str
DTG-1_WHL_SPD_FD,str
DTG-1_USBL_STS_FOR_FDIR,str
DTG-1_ON_REQ,str
DTG-1_DATA_FREEZE_STS,str
DTG-1_HV,str
DTG-1_HV_ACTION,str
DTG-1_SYNC_FAIL_FLAG,str
DTG-1_WHL_FAIL_STS,str
DTG-2_PCH_ANALOG_RATE_STS,object
DTG-2_YAW_ANALOG_RATE_STS,object
DTG-2_FAIL_STS,object
DTG-2_FD,str
DTG-2_SYNC_HV_FD,str
DTG-2_SYNC_LOSS_FD,str
DTG-2_DATA_FREEZE_FD,str
DTG-2_WHL_SPD_FD,str
DTG-2_USBL_STS_FOR_FDIR,str
DTG-2_ON_REQ,str
DTG-2_DATA_FREEZE_STS,str
DTG-2_HV,str
DTG-2_HV_ACTION,str
DTG-2_SYNC_FAIL_FLAG,str
DTG-2_WHL_FAIL_STS,str
DTG-3_YAW_ANALOG_RATE_STS,object
DTG-3_ROL_ANALOG_RATE_STS,object
DTG-3_FAIL_STS,object
DTG-3_FD,str
DTG-3_SYNC_HV_FD,str
DTG-3_SYNC_LOSS_FD,str
DTG-3_DATA_FREEZE_FD,str
DTG-3_WHL_SPD_FD,str
DTG-3_USBL_STS_FOR_FDIR,str
DTG-3_ON_REQ,str
DTG-3_DATA_FREEZE_STS,str
DTG-3_HV,str
DTG-3_HV_ACTION,str
DTG-3_SYNC_FAIL_FLAG,str
DTG-3_WHL_FAIL_STS,str
MAG_SEL,str
IGRF_INIT_STS,object
DUMP_OPTION,str
MAG_KF_GAIN_SEL,str
SADA_ACQ_INIT_STS,str
SADA_NOR_INIT_STS,str
MASTER_SADA_STS,str
MANUAL_SADA_STS,str
SADA_FDL_ACL_OVERRIDE,str
SADA_FLIP_STS,object
SADA_ORB_RATE_ROTN_DIR,str
P-1_SADA_MODE,str
P-1_SADA_CNTRLR_MODE,str
P-1_SADA_OPEN_LOOP_OPT,str
P-1_SADA_ROTN_INHIBIT,object
P-1_SADA_FDL_SEL,str
P-1_SADA_FDL_STS,str
P-1_SADA_ACL_STS,str
P-1_SADA_ASS_MODE,str
P-1_SADA_POL_REV_STS,str
P-1_SADA_MICRO_STEP_SEL,str
P-1_SPSS_SEL,str
P-1_SADA_ASS_ROTN_DIR,str
P-1_SPSS_M_SUN_PRESENCE,str
P-1_SPSS_R_SUN_PRESENCE,str
P-2_SADA_MODE,str
P-2_SADA_CNTRLR_MODE,str
P-2_SADA_OPEN_LOOP_OPT,str
P-2_SADA_ROTN_INHIBIT,object
P-2_SADA_FDL_SEL,str
P-2_SADA_FDL_STS,str
P-2_SADA_ACL_STS,str
P-2_SADA_ASS_MODE,str
P-2_SADA_POL_REV_STS,str
P-2_SADA_MICRO_STEP_SEL,str
P-2_SPSS_SEL,str
P-2_SADA_ASS_ROTN_DIR,str
P-2_SPSS_M_SUN_PRESENCE,str
P-2_SPSS_R_SUN_PRESENCE,str
SS_UPDT_STS,str
SS_CONSY_CHK_STS,str
SS_ARC_MODE_LOGIC_STS,str
SS_DATA_STOR,str
SS_FDIR_STS,str
SS_MASTER_FDIR,str
SS_FDIR_RETRY,object
SS_UPDT_STOP_ACTION_LOGIC,str
BOTH_SS_ON_FOR_FDIR,object
SS_FDIR_STATE,str
SS_CONSY_FAIL_FLAG_TO_MRS,object
MRS_ALL_SS_FAIL_CMD_STS,str
MRS_SS_CONSY_FAIL_CMD_STS,str
SS_CONSY_FAIL_CNT,float64
SS_RP_ACTION_STS,str
SS_REDT_SEL,str
ALL_SS_FAIL_STS,str
SS_IEEE_CONV,str
SS_JULIAN_DATE,str
SS_LINEAR_VEL,str
SS_AUTO_TRACK_UPDT,str
SS_QUAL_CHK,str
APU_SEL,str
SS_DATA_TXFR,str
SS-1_USBL_STS,str
SS-1_REFT_FREEZE_FD,str
SS-1_REFT_RST_FD,str
SS-1_ATT_FD,str
SS-1_DBL_ERR_FD,str
SS-1_VOL_MON_FD,str
SS-1_CHKSUM_FD,str
SS-1_USBL_STS_FOR_FD,str
SS-1_FAIL_STS,str
SS-1_FD_TYPE,str
SS-1_OCCULT_DETECT_LOGIC,str
SS-1_FDIR_REFT_EVENT-1,str
SS-1_FDIR_REFT_EVENT-2,str
SS-1_FDIR_ATT_EVENT,str
SS-1_FDIR_DBL_ERR_EVENT,str
SS-1_FDIR_VOL_MON_5V_EVENT,str
SS-1_FDIR_VOL_MON_EVENT-2,str
SS-1_FDIR_VOL_MON_EVENT-3,str
SS-1_FDIR_CHKSUM_EVENT,str
APU-1_FD,str
SS-1_CUR_FD,str
SS-1_CUR_FD_OCCR,object
SS-2_USBL_STS,str
SS-2_REFT_FREEZE_FD,str
SS-2_REFT_RST_FD,str
SS-2_ATT_FD,str
SS-2_DBL_ERR_FD,str
SS-2_VOL_MON_FD,str
SS-2_CHKSUM_FD,str
SS-2_USBL_STS_FOR_FD,str
SS-2_FAIL_STS,str
SS-2_FD_TYPE,str
SS-2_OCCULT_DETECT_LOGIC,str
SS-2_FDIR_REFT_EVENT-1,str
SS-2_FDIR_REFT_EVENT-2,str
SS-2_FDIR_ATT_EVENT,str
SS-2_FDIR_DBL_ERR_EVENT,str
SS-2_FDIR_VOL_MON_5V_EVENT,str
SS-2_FDIR_VOL_MON_EVENT-2,str
SS-2_FDIR_VOL_MON_EVENT-3,str
SS-2_FDIR_CHKSUM_EVENT,str
APU-2_FD,str
SS-2_CUR_FD,str
SS-2_CUR_FD_OCCR,object
TCR_FDIR_ACTION_STS,str
TCR_HVR_LOGIC_STS,str
TCR_LVR_LOGIC_STS,str
TCR_CCR_LOGIC_STS,str
TCR_HVM_LOGIC_STS,str
TCR_LVM_LOGIC_STS,str
TCR_CCM_LOGIC_STS,str
TCR_FPGA_ADCM_LOGIC_STS,str
TCR_FPGA_CLKM_LOGIC_STS,str
TCR_FPGA_ADCR_LOGIC_STS,str
TCR_FPGA_CLKR_LOGIC_STS,str
RW_CONFIG,str
RW_ON-OFF_LOGIC,str
RW_REDT_SEL,str
RW_REDT_AUTO_ON,object
RW_NSC_SPD_ACHIEVED,object
RW_MODE_FLAG,str
RW_MOUNT_CORRECTION_STS,object
RW_SPIKE_FILTER_STS,str
RW_SPD_LMT_LOGIC_STS,str
OVER_SPD_STS,str
CMDD_SPD_CNTRL_STS,str
NOR_MODE_RW_SPINUP,str
SECOND_RW_FAIL,object
DITHER_LOGIC,str
DITHER_FREQ,str
DITHER_AMP,str
RW_TORQ_CUTOFF_LIM,float64
NM_RW_SPD_THD_TIME,str
DFC_STS_AOCE,str
DFC_LPF_LOW_GAIN,str
DFC_LPF_HIGH_GAIN,str
ARC_LOGIC_STS,str
MRS_ARC_CMD_STS,str
MRS_OVER_SPD_CMD_STS,str
RW_REDT_AUTO_ON_LOGIC_STS,str
OVER_SPD_FLG,object
RW-1_STS_AOCE,str
RW-1_FAIL_STS,str
RW-1_SPIKE_FILTER_THD,str
RW-1_AUTO_OFF,object
RW-1_SPIKE_FILTER_STS,str
RW-2_STS_AOCE,str
RW-2_FAIL_STS,str
RW-2_SPIKE_FILTER_THD,str
RW-2_AUTO_OFF,object
RW-2_SPIKE_FILTER_STS,str
RW-3_STS_AOCE,str
RW-3_FAIL_STS,str
RW-3_SPIKE_FILTER_THD,str
RW-3_AUTO_OFF,object
RW-3_SPIKE_FILTER_STS,str
RW-4_STS_AOCE,str
RW-4_FAIL_STS,str
RW-4_SPIKE_FILTER_THD,str
RW-4_AUTO_OFF,object
RW-4_SPIKE_FILTER_STS,str
SNS_ABORT_CAUSE,str
MAN_EXE_STS,str
AOCE_MODE_NS,str
SNAP-1_STS_NS,str
SNAP-2_STS_NS,str
AUTO_SEQ_EXE_STS_NS,object
AUTO_SACQ_NS,str
YAW_PWPFM_NS,str
ROL_PWPFM_NS,str
PCH_PWPFM_NS,str
SEL_BMU_LOOP_NS,str
SYS_ID_OS,str
SYS_SEL_STS_NS,str
MINOR_CYCLE-1_OVRFLW_FLAG_NS,object
MINOR_CYCLE-2_OVRFLW_FLAG_NS,object
MINOR_CYCLE-3_OVRFLW_FLAG_NS,object
MINOR_CYCLE-4_OVRFLW_FLAG_NS,object
MINOR_CYCLE-5_OVRFLW_FLAG_NS,object
MINOR_CYCLE-6_OVRFLW_FLAG_NS,object
MINOR_CYCLE-7_OVRFLW_FLAG_NS,object
MAJOR_CYCLE_OVRFLW_FLAG_NS,str
CPU_RST_STS_NS,str
C1_C2_NS,str
MAJOR_CYCLE_CNTR_NS,str
SYS_SEL_SW_IND_NS,str
ANDED_SNAP_STS_OS_NS,str
MAJ_VOTE_ANDED_SNAP_STS_NS,str
FDI_LOGIC_STS_NS,str
FDI_STS_SYS-1_NS,str
FDI_STS_SYS-2_NS,str
SM_STS_SYS-1_NS,str
SM_STS_SYS-2_NS,str
THR_BLK_SEL_FOR_SM_NS,str
H/W_S/W_SM_SEL_NS,str
LPD_LOGIC_STS_NS,str
LPD_LV-1_O/P_NS,str
RST_HANDLER_FLAG_NS,str
RST_HANDLER_TIME_CASE_NS,str
ORED_SM_STS_NS,str
SYS-1_RST_HANDLER_LOGIC_STS_NS,float64
SYS-2_RST_HANDLER_LOGIC_STS_NS,str
4PI_SEL_NS,str
4PI_SUN_PRESENCE_NS,str
4PI_REV_SUN_PRESENCE_NS,str
DTG-1_ROL_ANALOG_RATE_STS_NS,object
DTG-1_PCH_ANALOG_RATE_STS_NS,object
DTG-1_FAIL_STS_NS,object
DTG-1_DATA_FREEZE_STS_NS,str
DTG-1_HV_NS,str
DTG-1_HV_ACTION_NS,str
DTG-1_SYNC_FAIL_FLAG_NS,str
DTG-2_PCH_ANALOG_RATE_STS_NS,object
DTG-2_YAW_ANALOG_RATE_STS_NS,object
DTG-2_FAIL_STS_NS,object
DTG-2_DATA_FREEZE_STS_NS,str
DTG-2_HV_NS,str
DTG-2_HV_ACTION_NS,str
DTG-2_SYNC_FAIL_FLAG_NS,str
DTG-3_YAW_ANALOG_RATE_STS_NS,object
DTG-3_ROL_ANALOG_RATE_STS_NS,object
DTG-3_FAIL_STS_NS,object
DTG-3_DATA_FREEZE_STS_NS,str
DTG-3_HV_NS,str
DTG-3_HV_ACTION_NS,str
DTG-3_SYNC_FAIL_FLAG_NS,str
MAG_SEL_NS,str
SS-1_FAIL_STS_NS,str
SS-1_FD_TYPE_NS,str
SS-2_FAIL_STS_NS,str
SS-2_FD_TYPE_NS,str
RW_CONFIG_NS,str
RW_MODE_FLAG_NS,str
DFC_STS_AOCE_NS,str
RW-1_STS_AOCE_NS,str
RW-1_FAIL_STS_NS,str
RW-1_AUTO_OFF_NS,object
RW-2_STS_AOCE_NS,str
RW-2_FAIL_STS_NS,str
RW-2_AUTO_OFF_NS,object
RW-3_STS_AOCE_NS,str
RW-3_FAIL_STS_NS,str
RW-3_AUTO_OFF_NS,object
RW-4_STS_AOCE_NS,str
RW-4_FAIL_STS_NS,str
RW-4_AUTO_OFF_NS,object
SNS_ABORT_CAUSE_NS,str
ARC_LOGIC_STS_OS,str
MOON_CAL_SCAN_CNTR,float64
MOON_CAL_MAN_SEQ_EXE_STS,object
MOON_CAL_MAN_SEQ_STS,str
MOON_CAL_SS_UPDT_MAN,str
MOON_CAL_RATE_BIAS_FLG,object
MOON_CAL_INIT_STS,object
MOON_CAL_UPLINK_INIT_STS,object
MOON_CAL_CHKSUM_STS,object
BDH_WORD-01,float64
BDH_WORD-02,float64
BDH_WORD-03,float64
BDH_WORD-04,float64
BDH_WORD-05,float64
BDH_WORD-06,float64
BDH_WORD-07,float64
BDH_WORD-08,float64
BDH_WORD-09,float64
BDH_WORD-10,float64
BDH_WORD-11,float64
BDH_WORD-12,float64
BDH_WORD-13,float64
BDH_WORD-14,float64
BDH_WORD-15,float64
BDH_WORD-16,float64
BDH_WORD-17,float64
BDH_WORD-18,float64
BDH_WORD-19,float64
BDH_WORD-20,float64
BDH_WORD-21,float64
BDH_WORD-22,float64
BDH_WORD-23,float64
BDH_WORD-24,float64
BDH_WORD-25,float64
BDH_WORD-26,float64
BDH_WORD-27,float64
BDH_WORD-28,float64
BDH_WORD-29,float64
BDH_WORD-30,float64
BDH_WORD-31,float64
BDH_WORD-32,float64
BDH_WORD-01_PG1,float64
BDH_WORD-02_PG1,float64
BDH_WORD-03_PG1,float64
BDH_WORD-04_PG1,float64
BDH_WORD-05_PG1,float64
BDH_WORD-06_PG1,float64
BDH_WORD-07_PG1,float64
BDH_WORD-08_PG1,float64
BDH_WORD-09_PG1,float64
BDH_WORD-10_PG1,float64
BDH_WORD-11_PG1,float64
BDH_WORD-12_PG1,float64
BDH_WORD-13_PG1,float64
BDH_WORD-14_PG1,float64
BDH_WORD-15_PG1,float64
BDH_WORD-16_PG1,float64
BDH_WORD-17_PG1,float64
BDH_WORD-18_PG1,float64
BDH_WORD-19_PG1,float64
BDH_WORD-20_PG1,float64
BDH_WORD-21_PG1,float64
BDH_WORD-22_PG1,float64
BDH_WORD-23_PG1,float64
BDH_WORD-24_PG1,float64
BDH_WORD-25_PG1,float64
BDH_WORD-26_PG1,float64
BDH_WORD-27_PG1,float64
BDH_WORD-28_PG1,float64
BDH_WORD-29_PG1,float64
BDH_WORD-30_PG1,float64
BDH_WORD-31_PG1,float64
BDH_WORD-32_PG1,float64
BDH_WORD-01_PG2,float64
BDH_WORD-02_PG2,float64
BDH_WORD-03_PG2,float64
BDH_WORD-04_PG2,float64
BDH_WORD-05_PG2,float64
BDH_WORD-06_PG2,float64
BDH_WORD-07_PG2,float64
BDH_WORD-08_PG2,float64
BDH_WORD-09_PG2,float64
BDH_WORD-10_PG2,float64
BDH_WORD-11_PG2,float64
BDH_WORD-12_PG2,float64
BDH_WORD-13_PG2,float64
BDH_WORD-14_PG2,float64
BDH_WORD-15_PG2,float64
BDH_WORD-16_PG2,float64
BDH_WORD-17_PG2,float64
BDH_WORD-18_PG2,float64
BDH_WORD-19_PG2,float64
BDH_WORD-20_PG2,float64
BDH_WORD-21_PG2,float64
BDH_WORD-22_PG2,float64
BDH_WORD-23_PG2,float64
BDH_WORD-24_PG2,float64
BDH_WORD-25_PG2,float64
BDH_WORD-26_PG2,float64
BDH_WORD-27_PG2,float64
BDH_WORD-28_PG2,float64
BDH_WORD-29_PG2,float64
BDH_WORD-30_PG2,float64
BDH_WORD-31_PG2,float64
BDH_WORD-32_PG2,float64
BDH_WDT_STS,str
BDH_NMI_STS,str
BDH_EDAC_STS,float64
BDH_CMD_CNT,float64
BDH_LAST_CMD_TXMTD,float64
BDH_TM_PAGE_ID,float64
BDH-M_POS_5V_MON,float64
BDH-R_POS_5V_MON,float64
BDH-M_POS_3.3V_MON,float64
BDH-R_POS_3.3V_MON,float64
BDH_TM_PAGE_CNTR,float64
BDH_GYRO_PKT_CNT,float64
BDH_AOCS_PKT_CNT,float64
BDH_LBT_PKT_CNT,float64
BDH_ENC_SESS_KEY,str
BDH_ENC_MASTER_KEY,str
BDH_ENCRYPTION_STS,str
RDFU_SSR_PNDUMP_CHAIN_SEL,str
RDFU_PB_SSR-2_LINK_ENA,str
RDFU_PB_SSR-1_LINK_ENA,str
RDFU_SSR_SEL_FOR_PB,str
RDFU_PB_CLK_INVERT,str
RDFU_ACQ_CLK_ENA_STS,str
RDFU_PN_TX,str
RDFU_SSR_PNDUMP_STS,str
RDFU_RT_ENA_STS,str
RDFU_MODE_SEL,str
LAC_CH3_ON_VIOLATION_CNT,float64
LAC_CH3_OFF_VIOLATION_CNT,float64
LAC_CH3_SSP_VIOLATION_CNT,float64
LAC_CH1_ON_VIOLATION_CNT,float64
LAC_CH1_OFF_VIOLATION_CNT,float64
LAC_CH2_OFF_VIOLATION_CNT,float64
LAC_CH2_ON_VIOLATION_CNT,float64
LAC_CH1_SSP_VIOLATION_CNT,float64
LAC_CH2_SSP_VIOLATION_CNT,float64
LAC_CH1_START_DROP_CNT,float64
LAC_CH1_STOP_DROP_CNT,float64
LAC_CH2_START_DROP_CNT,float64
LAC_CH2_STOP_DROP_CNT,float64
LAC_CH1_PKT_CNT,float64
LAC_CH2_PKT_CNT,float64
LPIF_AUX_PKT_CNT,float64
LAC_CH1_PKT_MISS_CNT,float64
LPIF_AUX_PKT_MISS_CNT,float64
LPIF_AUTO_RST_ENA,float64
LPIF_MISS_CNT_RST_ENA,float64
LPIF_AUX_ACQ_ENA,float64
LPIF_LAC_QUAL_ENA,float64
LPIF_LAC_CH2_ACQ_ENA,float64
LPIF_LAC_CH1_ACQ_ENA,float64
LPIF_MODE,float64
LPIF_VCA1_CNT,float64
LPIF_VCA2_CNT,float64
SCAT_PKT_CNT,float64
SCAT_ON_TIME_VIOLATION_CNT,float64
SCAT_QUAL_ENA,float64
SCAT_SEL_BDH_END,float64
SCAT_CLK_SEL_ENA,float64
BDH_FIRST_MINOR_CYCLE_ERR_FLG,str
BDH_FIRST_MINOR_CYCLE_ERR_NO,float64
BDH_SECND_MINOR_CYCLE_ERR_FLG,str
BDH_SECND_MINOR_CYCLE_ERR_NO,float64
BDH_LAST-1_CMD_TXMD,float64
BDH_PROC_ADDR_AT_WD_OCC,float64
BDH_WD_CNTR,float64
LAC_CH4_ON_VIOLATION_CNT,float64
LAC_CH4_OFF_VIOLATION_CNT,float64
LAC_CH4_SSP_VIOLATION_CNT,float64
SSTM_ON_VIOLATION_CNT,float64
SSTM_OFF_VIOLATION_CNT,float64
LAC_CH3_START_DROP_CNT,float64
LAC_CH3_STOP_DROP_CNT,float64
LAC_CH3_PACKET_CNT,float64
LAC_CH4_START_DROP_CNT,float64
LAC_CH4_STOP_DROP_CNT,float64
LAC_CH4_PACKET_CNT,float64
SSTM_START_DROP_CNT,float64
SSTM_STOP_DROP_CNT,float64
SSTM_PACKET_CNT,float64
OSRFU_ASM_ERROR_FLAG,float64
OSRFU_DV_CNT_OUT,float64
LAC_CH3_MISS_CNT,float64
LAC_CH4_MISS_CNT,float64
SSTM_MISS_CNT,float64
GAC_CH1_ON_VIOLATION_CNT,float64
GAC_CH1_OFF_VIOLATION_CNT,float64
GAC_CH1_SSP_VIOLATION_CNT,float64
OSRFU_VCA1_CNT,float64
OSRFU_VCA2_CNT,float64
GAC_CH2_ON_VIOLATION_CNT,float64
GAC_CH2_OFF_VIOLATION_CNT,float64
GAC_CH2_SSP_VIOLATION_CNT,float64
GAC_CH3_ON_VIOLATION_CNT,float64
GAC_CH3_OFF_VIOLATION_CNT,float64
GAC_CH3_SSP_VIOLATION_CNT,float64
GAC_CH1_START_DROP_CNT,float64
GAC_CH1_STOP_DROP_CNT,float64
GAC_CH1_PKT_MISS_CNT,float64
GAC_CH2_START_DROP_CNT,float64
GAC_CH2_STOP_DROP_CNT,float64
GAC_CH2_PKT_MISS_CNT,float64
GAC_CH3_START_DROP_CNT,float64
GAC_CH3_STOP_DROP_CNT,float64
GAC_CH3_PKT_MISS_CNT,float64
SSTM_PKT_MISS_CNT,float64
AUX_PKT_MISS_CNT,float64
GAC_CH1_PKT_CNT,float64
GAC_CH2_PKT_CNT,float64
GAC_CH3_PKT_CNT,float64
DV_CNT_OUT,float64
SSTM_PKT_CNT,float64
OSRFU_AUX_PKT_CNT,float64
SSTM_ASM_ERROR_FLG,float64
GAC_SEL_DISABLE,float64
LAC_CH3_ON,float64
LAC_CH4_ON,float64
SSTM_ACQ_ENA,float64
SSTM_QUAL_ENA,float64
GAC_ACQ_ENA,float64
OSRFU_LAC_ACQ_ENA,float64
OCM_QUAL_ENA,float64
GAC_CH_DESEL,float64
OSRFU_AUX_ACQ_ENA,float64
BDH_MEM_FULL_CNTR,float64
BDH_RATE_BUF_MEM_FULL_FLAG,float64
HSU_PKT_CNT,float64
TSU_PKT_CNT,float64
MATHS_STRIP_ID,float64
TSU_ON_TIME_VIOLTN_CNT,float64
MSRFU_VCA_CNT,float64
HSU_ON_TIME_VIOLTN_CNT,float64
TSU_CLK_SEL_ENA,float64
TSU_QUAL_ENA,float64
HSU_QUAL_ENA,float64
HSU_CLK_SEL_ENA,float64
MSRFU_AUX_ACQ_ENA,float64
DTG-1_CLUSTER_TEMP-1,float64
DTG-1_CLUSTER_TEMP-2,float64
DTG-1_CLUSTER_TEMP-3,float64
DTG-1_CLUSTER_TEMP-4,float64
DTG-2_CLUSTER_TEMP-1,float64
DTG-2_CLUSTER_TEMP-2,float64
DTG-2_CLUSTER_TEMP-3,float64
DTG-2_CLUSTER_TEMP-4,float64
DTG-1_HOUSING_TEMP,float64
DTG-2_HOUSING_TEMP,float64
DTG-1_ON_STS,str
DTG-1_ELX_STS,str
DTG-1_WHL_SPD,float64
DTG-1_VOL_SEL,str
DTG-1_SYNC_STS,str
DTG-1_LOOP_STS,str
DTG-1_ROL_ANALOG_RATE,float64
DTG-1_PCH_ANALOG_RATE,float64
DTG-1_ROL_FINE_RATE,float64
DTG-1_PCH_FINE_RATE,float64
DTG-1_TEMP,float64
DTG-1_1553_RT_STS,str
DTG-1_1553_BIT_STS,str
DTG-1_1553_CH-A_STS,str
DTG-1_1553_CH-B_STS,str
DTG-1_PARITY_STS,str
DTG-1_WRAP_STS,str
DTG-1_DMA_STS,str
DTG-1_ROL_FINE_RATE_AXES,float64
DTG-1_PCH_FINE_RATE_AXES,float64
DTG-1_ROL_FINE_RATE_STS,str
DTG-1_PCH_FINE_RATE_STS,str
DTG-1_TEMP_COMPENSATION,str
DTG-1_TEMP_CNTRLR,str
DTG-1_ROL_BIAS_COMPENSATION,str
DTG-1_PCH_BIAS_COMPENSATION,str
DTG-1_RAM_CHK_STS,str
DTG-1_ROL_DAC_TEMP,float64
DTG-1_PCH_DAC_TEMP,float64
DTG-2_ON_STS,str
DTG-2_ELX_STS,str
DTG-2_WHL_SPD,float64
DTG-2_VOL_SEL,str
DTG-2_SYNC_STS,str
DTG-2_LOOP_STS,str
DTG-2_PCH_ANALOG_RATE,float64
DTG-2_YAW_ANALOG_RATE,float64
DTG-2_PCH_FINE_RATE,float64
DTG-2_YAW_FINE_RATE,float64
DTG-2_TEMP,float64
DTG-2_1553_RT_STS,str
DTG-2_1553_BIT_STS,str
DTG-2_1553_CH-A_STS,str
DTG-2_1553_CH-B_STS,str
DTG-2_PARITY_STS,str
DTG-2_WRAP_STS,str
DTG-2_DMA_STS,str
DTG-2_PCH_FINE_RATE_AXES,float64
DTG-2_YAW_FINE_RATE_AXES,float64
DTG-2_PCH_FINE_RATE_STS,str
DTG-2_YAW_FINE_RATE_STS,str
DTG-2_TEMP_COMPENSATION,str
DTG-2_TEMP_CNTRLR,str
DTG-2_PCH_BIAS_COMPENSATION,str
DTG-2_YAW_BIAS_COMPENSATION,str
DTG-2_RAM_CHK_STS,str
DTG-2_PCH_DAC_TEMP,float64
DTG-2_YAW_DAC_TEMP,float64
DTG-3_ON_STS,str
DTG-3_WHL_STS,str
DTG-3_ELX_STS,str
DTG-3_WHL_SPD,float64
DTG-3_VOL_SEL,str
DTG-3_SYNC_STS,str
DTG-3_LOOP_STS,str
DTG-3_YAW_ANALOG_RATE,float64
DTG-3_ROL_ANALOG_RATE,float64
DTG-3_YAW_FINE_RATE,float64
DTG-3_ROL_FINE_RATE,float64
DTG-3_TEMP,float64
DTG-3_1553_RT_STS,str
DTG-3_1553_BIT_STS,str
DTG-3_1553_CH-A_STS,str
DTG-3_1553_CH-B_STS,str
DTG-3_PARITY_STS,str
DTG-3_WRAP_STS,str
DTG-3_DMA_STS,str
DTG-3_YAW_FINE_RATE_AXES,float64
DTG-3_ROL_FINE_RATE_AXES,float64
DTG-3_YAW_FINE_RATE_STS,str
DTG-3_ROL_FINE_RATE_STS,str
DTG-3_TEMP_COMPENSATION,str
DTG-3_TEMP_CNTRLR,str
DTG-3_YAW_BIAS_COMPENSATION,str
DTG-3_ROL_BIAS_COMPENSATION,str
DTG-3_RAM_CHK_STS,str
DTG-3_YAW_DAC_TEMP,float64
DTG-3_ROL_DAC_TEMP,float64
EED_ENA_STS_M,str
EED_ENA_STS_R,str
EED_ARM_STS_GRP-1_M,str
EED_ARM_STS_GRP-1_R,str
EED_ARM_STS_GRP-2_M,str
EED_ARM_STS_GRP-2_R,str
EED_ARM_STS_GRP-3_M,str
EED_ARM_STS_GRP-3_R,str
EED_ARM_STS_GRP-4_M,str
EED_ARM_STS_GRP-4_R,str
ES-1_WORD-01,float64
ES-1_WORD-02,float64
ES-1_WORD-03,float64
ES-1_WORD-04,float64
ES-1_WORD-05,float64
ES-1_WORD-06,float64
ES-1_WORD-07,float64
ES-1_WORD-08,float64
ES-1_POS_THD,float64
ES-1_NEG_THD,float64
ES-1_HTR_VOL,float64
ES-1_MOTOR_SPD,float64
ES-1_5V_MON,float64
ES-1_EPS_RAW_DATA,str
ES-1_CHORD_WIDTH,float64
ES-1_RAW_PCH_ERR,float64
ES-1_RAW_PCH_DATA,float64
ES-1_RAW_PCH_SIGN,str
ES-1_EPS,str
ES-1_DAZZLE,str
ES-1_NEG_SEQ,str
ES-1_HTR_CIRCUIT_STS,str
ES-1_MODE,str
ES-1_ACQ_CMD_REC_STS,object
ES-1_NOR_CMD_REC_STS,object
ES-1_3_DEG_CMD_REC_STS,object
ES-1_NOR_WINDOW_SEL,float64
ES-1_UPDT_CNTR,float64
ES-1_RAW_ROL_ERR,float64
SMES-1_EARTH_AVERAGE,float64
SMES-1_SPACE_AVERAGE,float64
SMES-1_EARTH_EDGE,float64
SMES-1_THRESHOLD_EDGE,float64
SMES-1_GRAD_MAX,float64
SMES-1_GRAD_MIN,float64
SMES-1_RAM_CHECKSUM,float64
SMES-1_SUN-X,float64
SMES-1_SUN-Y,float64
SMES-1_LUPC_COUNT,float64
SMES-1_EARTH_THRESHOLD,float64
SMES-1_ROLL_ERROR,float64
SMES-1_PITCH_ERROR,float64
SMES-1_DATA_VALID,str
SMES-1_EPS_1553,str
SMES-1_SUN_PRESENCE,str
SMES-1_DETECTOR_STS,str
SMES-1_LUPC_STS,str
SMES-1_DISTORTION_STS,str
SMES-1_EEPROM_STS,str
SMES-1_FILTER_STS,str
SMES-1_NUC_STS,str
SMES-1_BDH_STS,str
SMES-1__MODE,str
SMES-1_UPDATE_COUNTER,float64
SMES-1_EPS_THRESHOLD,float64
SMES-1_SUN_THRESHOLD,float64
SMES-1_FOV-START-X,float64
SMES-1_FOV-START-Y,float64
SMES-1_STS,str
SMES_ORED_EPS,str
SMES-2_EARTH_AVERAGE,float64
SMES-2_SPACE_AVERAGE,float64
SMES-2_EARTH_EDGE,float64
SMES-2_THRESHOLD_EDGE,float64
SMES-2_GRAD_MAX,float64
SMES-2_GRAD_MIN,float64
SMES-2_RAM_CHECKSUM,float64
SMES-2_SUN-X,float64
SMES-2_SUN-Y,float64
SMES-2_LUPC_COUNT,float64
SMES-2_EARTH_THRESHOLD,float64
SMES-2_ROLL_ERROR,float64
SMES-2_PITCH_ERROR,float64
SMES-2_DATA_VALID,str
SMES-2_EPS_1553,str
SMES-2_SUN_PRESENCE,str
SMES-2_DETECTOR_STS,str
SMES-2_LUPC_STS,str
SMES-2_DISTORTION_STS,str
SMES-2_EEPROM_STS,str
SMES-2_FILTER_STS,str
SMES-2_NUC_STS,str
SMES-2_BDH_STS,str
SMES-2__MODE,str
SMES-2_UPDATE_COUNTER,float64
SMES-2_EPS_THRESHOLD,float64
SMES-2_SUN_THRESHOLD,float64
SMES-2_FOV-START-X,float64
SMES-2_FOV-START-Y,float64
SMES-2_STS,str
S/C_LAT,float64
S/C_LON,float64
S/C_ALT,float64
ASC_NODE_TIME,float64
DESC_NODE_TIME,float64
SUN_ASPECT_ANG,float64
MEAN_LOCAL_TIME,float64
ECCENTRICITY,float64
INCLINATION,float64
ARG_OF_PERIGEE,float64
RA_OF_ASC_NODE,float64
MEAN_ANOMALY,float64
MEAN_MOTION,float64
SEMI_MAJOR_AXIS,float64
PERIGEE_LAT,float64
S-POLE_ELPSD_TIME,float64
ECL_ENTRY,float64
ECL_EXIT,float64
TIME_FROM_ECL_EXIT,float64
TIME_TO_ECL_ENTRY,float64
TIME_TO_ECL_EXIT,float64
S/C_SUNLIT_ECL,float64
ERR_Q_SUNB-1,float64
ERR_Q_SUNB-2,float64
ERR_Q_SUNB-3,float64
ERR_Q_SUNB-4,float64
ERR_Q_EARB-1,float64
ERR_Q_EARB-2,float64
ERR_Q_EARB-3,float64
ERR_Q_EARB-4,float64
Q-1_OF_POINT_VECTOR,float64
Q-2_OF_POINT_VECTOR,float64
Q-3_OF_POINT_VECTOR,float64
Q-4_OF_POINT_VECTOR,float64
SPOLE_CROSSING_TIME,float64
PREV_ECL_ENTRY,float64
PREV_ECL_EXIT,float64
NEXT_ECL_ENTRY,float64
NEXT_ECL_EXIT,float64
YAW_SUN_ANGLE,float64
ROL_SUN_ANGLE,float64
PCH_SUN_ANGLE,float64
ROL_VELOCITY_ANGLE,float64
SS_HEAD-1_RA,float64
SS_HEAD-1_DECL,float64
SS_HEAD-2_RA,float64
SS_HEAD-2_DECL,float64
SS_HEAD-3_RA,float64
SS_HEAD-3_DECL,float64
SS-1_SUN_ANG,float64
SS-2_SUN_ANG,float64
SS-3_SUN_ANG,float64
SS-1_MOON_ANG,float64
SS-2_MOON_ANG,float64
SS-3_MOON_ANG,float64
SS-1_EARTH_ANG,float64
SS-2_EARTH_ANG,float64
SS-3_EARTH_ANG,float64
SS-1_PLANET_INTR,float64
SS-2_PLANET_INTR,float64
SS-3_PLANET_INTR,float64
PLANET_RA_IN_S/C_BODY_FRAME,float64
PLANET_DECL_IN_S/C_BODY_FRAME,float64
SUN_RA_IN_S/C_BODY_FRAME,float64
SUN_DECL_IN_S/C_BODY_FRAME,float64
EARTH_RA_IN_S/C_BODY_FRAME,float64
EARTH_DECL_IN_S/C_BODY_FRAME,float64
4PI-1_YAW_O/P_VOL,float64
4PI-1_ROL_O/P_VOL,float64
4PI-1_PCH_O/P_VOL,float64
4PI-1_YAW_O/P_ASP,float64
4PI-1_ROL_O/P_ASP,float64
4PI-1_PCH_O/P_ASP,float64
4PI-2_YAW_O/P_VOL,float64
4PI-2_ROL_O/P_VOL,float64
4PI-2_PCH_O/P_VOL,float64
4PI-2_YAW_O/P_ASP,float64
4PI-2_ROL_O/P_ASP,float64
4PI-2_PCH_O/P_ASP,float64
MAG-1_RAW_FIELD_YAW,float64
MAG-1_RAW_FIELD_ROL,float64
MAG-1_RAW_FIELD_PCH,float64
DIG_MINI_MAG-1_STS,str
MAG-1_RAW_FIELD_YAW_TMC,int64
MAG-1_RAW_FIELD_ROL_TMC,float64
MAG-1_RAW_FIELD_PCH_TMC,float64
MAG-2_RAW_FIELD_YAW,float64
MAG-2_RAW_FIELD_ROL,float64
MAG-2_RAW_FIELD_PCH,float64
DIG_MINI_MAG-2_STS,str
MAG-2_RAW_FIELD_YAW_TMC,float64
MAG-2_RAW_FIELD_ROL_TMC,float64
MAG-2_RAW_FIELD_PCH_TMC,int64
P-1_DPLY_TIMER,float64
P-2_DPLY_TIMER,float64
SCT_HDRM-1_STS,str
SCT_HDRM-2_STS,str
SCT_HDRM_ROPE_STS,str
SCT_HDRM-3_STS,str
OCM_TILT_RELEASE_CABLE_CUT_STS,str
OCM_FIRST_MOTION,str
P-1_HOLDWN_CABLE_STS,str
P-1_FIRST_MOTION_STS,str
P-1_HNG_SW_STS_SADA_YOKE,str
P-1_HNG_SW_STS_YOKE_PNL-1,str
P-1_HNG_SW_STS_PNL-1_PNL-2,str
P-2_HOLDWN_CABLE_STS,str
P-2_FIRST_MOTION_STS,str
P-2_HNG_SW_STS_SADA_YOKE,str
P-2_HNG_SW_STS_YOKE_PNL-1,str
P-2_HNG_SW_STS_PNL-1_PNL-2,str
MTC_DUMP_STS,str
MTC_DUMP_POL_YAW,str
MTC_DUMP_POL_ROL,str
MTC_DUMP_POL_PCH,str
MTC_POL_REV_STS_YAW,str
MTC_POL_REV_STS_ROL,str
MTC_POL_REV_STS_PCH,str
MTC_ON_TIME_SEL_SEC,str
MD_MTCB_GAIN,str
TORQ_MANUAL_FIRE_STS,str
MTC-1_STS,str
MTC-1_POS_CUR_MAG,float64
MTC-1_NEG_CUR_MAG,float64
MTC-1_STS_NS,str
MTC-2_STS,str
MTC-2_POS_CUR_MAG,float64
MTC-2_NEG_CUR_MAG,float64
MTC-2_STS_NS,str
MTS_HSU_PLC_FPGA_STS,str
MTS_TSU_PLC_FPGA_STS,str
MTS_MDE_EPC-R_PWR_STS,str
MTS_MDE_EPC-M_PWR_STS,str
MTS_HSU_PLC_EPC_PWR_STS,str
MTS_TSU_PLC_EPC_PWR_STS,str
EXE_CMD_CNTR_SEL_LSB,int64
EXE_CMD_CNTR_SEL_MSB,float64
EXE_CMD_CNTR_SEL,int64
LINK-1_TEST_CMD_STS,str
LINK-1_EXE_REG,object
LINK-1_TEST_CMD_STS_NS,float64
EXE_REG,object
DSR_STS_FLAG_LINK-1,str
DSR_REPORT_STS_LINK-1,str
DSR_RESET_FLAG_LINK-1,str
DSR_SPF_PROC_STS_LINK-1,str
DSR_FRMT_ERR_FLAG_LINK-1,object
DSR_CNTL_CMD_FLAG_LINK-1,str
DSR_LSC_INDICATOR_LINK-1,str
DSR_SPF_CNTR-1_LINK-1,float64
DSR_SPF_CNTR-2_LINK-1,float64
DSR_KEY_INDEX_LINK-1,float64
DSR_RNM_SEQ_SEED_LSC1_LINK-1,float64
DSR_RNM_SEQ_SEED_LSC2_LINK-1,float64
PAR_LINK-1,object
PAR_CNTR_LINK-1,float64
PRR_LINK-1,float64
CLCW_CTRL_WORD_TYPE_LINK-1,float64
CLCW_VER_NO_LINK-1,float64
CLCW_STS_FIELD_LINK-1,float64
CLCW_COP_IN_EFFECT_LINK-1,float64
CLCW_VCID_LINK-1,float64
CLCW_RF_AVL_FLG_LINK-1,object
CLCW_BIT_LOCK_FLG_LINK-1,str
CLCW_LOCKOUT_FLG_LINK-1,object
CLCW_WAIT_FLG_LINK-1,object
CLCW_RETRANS_FLG_LINK-1,object
CLCW_FARM-B_CNTR_LINK-1,float64
CLCW_REPORT_VAL_LINK-1,float64
FAR_REPORT_STS_LINK-1,str
FAR_DEC_STS_LINK-1,str
FAR_TC_CHNL_SEL_LINK-1,str
FAR_CLTU_TERM_REPORT_LINK-1,str
FAR_C_BLK_ACCEPTED_LINK-1,float64
FAR_SNGL_ER_C_BLK_CRCTD_LINK-1,float64
FAR_FRAME_ANALYSIS_LINK-1,str
FAR_LEGAL_VALIDATION_LINK-1,str
FAR_FRAME_TYPE_LINK-1,str
FAR_FRAME_DLVR_STS_LINK-1,str
MAP-ID_LINK-1,object
SEG_CNTR_LINK-1,float64
DSR_STS_FLAG_LINK-2,str
DSR_REPORT_STS_LINK-2,str
DSR_RESET_FLAG_LINK-2,str
DSR_SPF_PROC_STS_LINK-2,str
DSR_FRMT_ERR_FLAG_LINK-2,object
DSR_CNTL_CMD_FLAG_LINK-2,str
DSR_LSC_INDICATOR_LINK-2,str
DSR_SPF_CNTR-1_LINK-2,float64
DSR_SPF_CNTR-2_LINK-2,float64
DSR_KEY_INDEX_LINK-2,float64
DSR_RNM_SEQ_SEED_LSC1_LINK-2,float64
DSR_RNM_SEQ_SEED_LSC2_LINK-2,float64
PAR_LINK-2,object
PAR_CNTR_LINK-2,float64
PRR_LINK-2,float64
CLCW_CTRL_WORD_TYPE_LINK-2,int64
CLCW_VER_NO_LINK-2,int64
CLCW_STS_FIELD_LINK-2,int64
CLCW_COP_IN_EFFECT_LINK-2,int64
CLCW_VCID_LINK-2,int64
CLCW_RF_AVL_FLG_LINK-2,bool
CLCW_BIT_LOCK_FLG_LINK-2,str
CLCW_LOCKOUT_FLG_LINK-2,bool
CLCW_WAIT_FLG_LINK-2,bool
CLCW_RETRANS_FLG_LINK-2,bool
CLCW_FARM-B_CNTR_LINK-2,int64
CLCW_REPORT_VAL_LINK-2,int64
FAR_REPORT_STS_LINK-2,str
FAR_DEC_STS_LINK-2,str
FAR_TC_CHNL_SEL_LINK-2,str
FAR_CLTU_TERM_REPORT_LINK-2,str
FAR_C_BLK_ACCEPTED_LINK-2,float64
FAR_SNGL_ER_C_BLK_CRCTD_LINK-2,float64
FAR_FRAME_ANALYSIS_LINK-2,str
FAR_LEGAL_VALIDATION_LINK-2,str
FAR_FRAME_TYPE_LINK-2,str
FAR_FRAME_DLVR_STS_LINK-2,str
MAP-ID_LINK-2,float64
SEG_CNTR_LINK-2,float64
TC_SECURE_CLEAR_MODE,str
NEW_CMD_TC_BUFFER_AVL,object
LOCAL_CMD_TC_PORT_AVL,object
REM_CMD_TC_PORT_AVL,object
H/W_EXE_BUF_FUL,object
REMOTE_PKT_CHKSUM_REJ_FLAG,object
REMOTE_PKT_INDEX_REJ_FLAG,object
REMOTE_WRITE_BULK_NOW,float64
TC_PACKET_CNTR,float64
REMOTE_PKT_REJ_INDEX,float64
REMOTE_PKT_NOW_EXPECT,float64
MAIN_EXE_REF_CHKSUM,str
SRAM_BLK_CS_R-1,str
SRAM_BLK_CS_R-2,str
SRAM_BLK_CS_R-3,object
SRAM_BLK_CS_R-4,object
SRAM_BLK_CS_R-5,object
REM_16BIT_CHKSUM_COMPUTE,str
BOOT_PROG_SEL,object
AUTO_PANEL_DPLY_RATE_CHK,str
SS_TRACK_CNT_CHK_CMD_STS,str
EP_LOAD_STS,str
ECL_CTRL_POL,object
TCR_HVR_FAIL,object
TCR_LVR_FAIL,object
TCR_CCR_FAIL,object
TCR_HVM_FAIL,object
TCR_LVM_FAIL,object
TCR_CCM_FAIL,object
TCR_FPGA_ADCM_FAIL,object
TCR_FPGA_CLKM_FAIL,object
TCR_FPGA_ADCR_FAIL,object
TCR_FPGA_CLKR_FAIL,object
BAT_V_MAIN_CHNL,str
BAT_V_REDT_CHNL,str
FP_PARA_HEALTH,str
EBCF_THRSLD_STS,str
EBCF_SRC_STS,str
WRONG_EBC_NUM,object
REM_UPDT_32_BIT_ADDR,float64
C1_SIGNAL,str
C2_SIGNAL,str
C2_SEL_STS,str
OBC-1_BMU-30_STS,str
OBC-2_BMU-30_STS,str
MINOR_CYCLE-1_EXE_TIME,float64
MINOR_CYCLE-2_EXE_TIME,float64
MINOR_CYCLE-3_EXE_TIME,float64
MINOR_CYCLE-4_EXE_TIME,float64
MINOR_CYCLE-5_EXE_TIME,float64
MINOR_CYCLE-6_EXE_TIME,float64
MINOR_CYCLE-7_EXE_TIME,float64
MINOR_CYCLE-8_EXE_TIME,float64
TIME_MEAS_MAX_EXE_TIME,float64
TIME_MEAS_CUR_EXE_TIME,float64
ERROR_FLAG_SUMMARY,float64
BMU-30_SERIAL_DATA-1,float64
BMU-30_SERIAL_DATA-1_OS,float64
BMU-30_SERIAL_DATA-2,float64
BMU-30_SERIAL_DATA-2_OS,float64
ECL_STS_FROM_MODEL,float64
SYS_CO_CMDS,str
ECL_FROM_MODEL_COMP_LOGIC_STS,str
EEPROM_DATA_STS,object
EEPROM_READ_NOW,float64
OVERALL_CHKSUM_MSB,float64
OVERALL_CHKSUM_LSB,float64
OVERALL_SOURCE_ADDR_MSB,float64
OVERALL_SOURCE_ADDR_LSB,float64
EEPROM_BLK_WRITE_CNTR,float64
EEPROM_BLK_READ_CNTR,float64
EEPROM_BLK_WRITE,object
EEPROM_BLK_READ,object
EEPROM_WRITE,object
EEPROM_READ,object
PROG_BLK_READ_INIT,object
RAM_DATA_STS,object
MAIN_EXE_REF_CS_MATCH_CP_2_3,object
MAIN_EXE_REF_CS_MATCH_CP_3_1,object
MAIN_EXE_REF_SZ_MATCH_CP_1_2,object
MAIN_EXE_REF_SZ_MATCH_CP_2_3,object
MAIN_EXE_REF_SZ_MATCH_CP_3_1,object
MAIN_EXE_REF_CS_MATCH_CP_1_2,object
EEPROM_CHKSUM_COMP,object
EEPROM_CP_2ND_ATTMPT,object
EEPROM_MAIN_EXE_LD,object
EEPROM_CP-1_PROG_PTR_TBL,str
RAM_CP-1_PROG_PTR_TBL,str
EEPROM_CP-1_CMD_PTR_TBL,str
RAM_CP-1_CMD_PTR_TBL,str
EEPROM_CP-2_PROG_PTR_TBL,str
RAM_CP-2_PROG_PTR_TBL,str
EEPROM_CP-2_CMD_PTR_TBL,str
RAM_CP-2_CMD_PTR_TBL,str
EEPROM_CP-3_PROG_PTR_TBL,str
RAM_CP-3_PROG_PTR_TBL,str
EEPROM_CP-3_CMD_PTR_TBL,str
RAM_CP-3_CMD_PTR_TBL,str
EEPROM_CP-1_SM_TBL-0,str
EEPROM_CP-2_SM_TBL-0,str
EEPROM_CP-3_SM_TBL-0,str
EEPROM_CP-1_SM_TBL-1,str
EEPROM_CP-2_SM_TBL-1,str
EEPROM_CP-3_SM_TBL-1,str
EEPROM_CP-1_SM_TBL-2,str
EEPROM_CP-2_SM_TBL-2,str
EEPROM_CP-3_SM_TBL-2,str
EEPROM_CP-1_SM_TBL-3,str
EEPROM_CP-2_SM_TBL-3,str
EEPROM_CP-3_SM_TBL-3,str
RAM_CP-1_SM_TBL-0,str
RAM_CP-2_SM_TBL-0,str
RAM_CP-3_SM_TBL-0,str
RAM_CP-1_SM_TBL-1,str
RAM_CP-2_SM_TBL-1,str
RAM_CP-3_SM_TBL-1,str
RAM_CP-1_SM_TBL-2,str
RAM_CP-2_SM_TBL-2,str
RAM_CP-3_SM_TBL-2,str
RAM_CP-1_SM_TBL-3,str
RAM_CP-2_SM_TBL-3,str
RAM_CP-3_SM_TBL-3,str
EEPROM_CP-1_BLK-0_STS,str
EEPROM_CP-2_BLK-0_STS,str
EEPROM_CP-3_BLK-0_STS,str
EEPROM_CP-1_BLK-1_STS,str
EEPROM_CP-2_BLK-1_STS,str
EEPROM_CP-3_BLK-1_STS,str
EEPROM_CP-1_BLK-2_STS,str
EEPROM_CP-2_BLK-2_STS,str
EEPROM_CP-3_BLK-2_STS,str
EEPROM_CP-1_BLK-3_STS,str
EEPROM_CP-2_BLK-3_STS,str
EEPROM_CP-3_BLK-3_STS,str
EEPROM_CP-1_BLK-4_STS,str
EEPROM_CP-2_BLK-4_STS,str
EEPROM_CP-3_BLK-4_STS,str
EEPROM_CP-1_BLK-5_STS,str
EEPROM_CP-2_BLK-5_STS,str
EEPROM_CP-3_BLK-5_STS,str
EEPROM_CP-1_BLK-6_STS,str
EEPROM_CP-2_BLK-6_STS,str
EEPROM_CP-3_BLK-6_STS,str
EEPROM_CP-1_BLK-7_STS,str
EEPROM_CP-2_BLK-7_STS,str
RAM_CP-1_BLK-0_STS,str
RAM_CP-2_BLK-0_STS,str
RAM_CP-3_BLK-0_STS,str
RAM_CP-1_BLK-1_STS,str
RAM_CP-2_BLK-1_STS,str
RAM_CP-3_BLK-1_STS,str
RAM_CP-1_BLK-2_STS,str
RAM_CP-2_BLK-2_STS,str
RAM_CP-3_BLK-2_STS,str
RAM_CP-1_BLK-3_STS,str
RAM_CP-2_BLK-3_STS,str
RAM_CP-3_BLK-3_STS,str
RAM_CP-1_BLK-4_STS,str
RAM_CP-2_BLK-4_STS,str
RAM_CP-3_BLK-4_STS,str
RAM_CP-1_BLK-5_STS,str
RAM_CP-2_BLK-5_STS,str
RAM_CP-3_BLK-5_STS,str
RAM_CP-1_BLK-6_STS,str
RAM_CP-2_BLK-6_STS,str
RAM_CP-3_BLK-6_STS,str
NS_TEMP_SNSR_DATA_TXFR,object
TEMP_SNSR_STS,str
TEMP_SNSR_STS_NS,str
RAM_REFRESH,str
NMI_FLAG,str
NMI_CNTRL-0,float64
NMI_CNTRL-1,float64
NMI_CNTRL-2,float64
NMI_CNTRL-3,float64
NMI_CNTRL-4,float64
NMI_CNTRL-5,float64
NMI_CNTRL-6,float64
NMI_CNTRL-7,float64
NMI_HANDLER_ENA_STS,str
NMI_CNTR,str
BAT_SOFT_EMG_STS,str
BAT_SAFE_FLAG-2,object
BAT_SAFE_FLAG-3,object
BAT_SAFE_FLAG-4,object
BAT_SAFE_FLAG-1_LOGIC,str
BAT_SAFE_FLAG-2_LOGIC,str
BAT_SAFE_FLAG-3_LOGIC,str
BAT_SAFE_FLAG-4_LOGIC,str
BAT_SAFE_FLAG-5_LOGIC,str
BAT-1_SOFT_EMG_LOGIC,str
BAT-2_SOFT_EMG_LOGIC,str
FPGA_INIT,object
OBC_CAL_VOL_STS,str
BAT_SAFE_FLAG-5_ACTION,str
PWR_FPGA_SEL_IN_LOOP,str
BAT_SE_THD-1_STS_M,str
BAT_SE_THD-2_STS_M,str
BAT_SE_THD-3_STS_M,str
BAT_SE_THD-4_STS_M,str
BAT_SE_THD-5_STS_M,str
BAT_SE_THD-1_STS_R,str
BAT_SE_THD-2_STS_R,str
BAT_SE_THD-3_STS_R,str
BAT_SE_THD-4_STS_R,str
BAT_SE_THD-5_STS_R,str
MASTER_EBC,str
MASTER_ATC,str
MASTER_COMBINATION_EBC,str
DPLY_TIMER_STS,str
OCM_FDIR,str
OCM_HEART_BIT_FDIR,str
OCM_HEART_BIT_FDIR_LOGIC,str
OCM_PWR_OFF_ISSUED,object
SSTM_CDE_FDIR,str
SSTM_FECE_FDIR,object
SSTM_CDE_PWR_OFF_ISSUED,object
SSTM_FECE_PWR_OFF_ISSUED,object
SCAT_SCE_PULSE_SEL,str
SCAT_INDX_PULSE_SEL,str
BC_BOOT_RT_APPL_LOGIC_STS,str
BOTH_BC_BOTH_RT_DET_LOGIC_STS,str
BOTH_BC_BOTH_RT_STS,object
AUTO_TRAP_IN_SEL,str
MATHS_PYLD_ON_STS,str
MATHS_DIST_COMPNSTN_ENA_STS,str
MASTER_MATH_ENA_STS,str
MATHS_SCAN_START_STS,str
SSM_DIST_COMPNSTN_STS,str
SSM_ON_STS,str
TSU_SCAN_START_TIME,float64
TSU_SCAN_START_RDY_CNTR,float64
HSU_SCAN_START_TIME,float64
HSU_SCAN_START_RDY_CNTR,float64
MASTER_MACRO_STS,str
ACTIVE_SER_MACRO-1_STS,str
ACTIVE_SER_MACRO-1_NO,float64
ACTIVE_SER_MACRO-1_CMD_PTR,float64
ACTIVE_SER_MACRO-1_DATA_SETNO,float64
ACTIVE_SER_MACRO-1_NXT_EVNT_T,float64
ACTIVE_PAR_MACRO-1_STS,str
ACTIVE_PAR_MACRO-1_NO,float64
ACTIVE_PAR_MACRO-1_CMD_PTR,float64
ACTIVE_PAR_MACRO-1_DATA_SETNO,float64
ACTIVE_PAR_MACRO-1_NXT_EVNT_T,float64
ACTIVE_PAR_MACRO-2_STS,str
ACTIVE_PAR_MACRO-2_NO,float64
ACTIVE_PAR_MACRO-2_CMD_PTR,float64
ACTIVE_PAR_MACRO-2_DATA_SETNO,float64
ACTIVE_PAR_MACRO-2_NXT_EVNT_T,float64
ACTIVE_PAR_MACRO-3_STS,str
ACTIVE_PAR_MACRO-3_NO,float64
ACTIVE_PAR_MACRO-3_CMD_PTR,float64
ACTIVE_PAR_MACRO-3_DATA_SETNO,float64
ACTIVE_PAR_MACRO-3_NXT_EVNT_T,float64
ACTIVE_PAR_MACRO-4_STS,str
ACTIVE_PAR_MACRO-4_NO,float64
ACTIVE_PAR_MACRO-4_CMD_PTR,float64
ACTIVE_PAR_MACRO-4_DATA_SETNO,float64
ACTIVE_PAR_MACRO-4_NXT_EVNT_T,float64
LP_INIT_TABLE_STS,str
LP_INIT_TBL_EEPROM_CP,str
LP_INIT_TBL_EEPROM_READ,str
OBT,str
OBT_DRIFT_EST,float64
OBT_DRIFT_USED,float64
OBT_AT_SPSSYNC_48BIT,str
OBT_RST_FLAG,object
OBT_DRIFT_EST_STS,object
AUTO_OBT_DRIFT_UPDT,str
SPS_EVENT_OBT_SEL,str
OBT_PORT_DATA_LATCH_STS,str
OBT_FP_EVENT_PORT_LATCH_STS,str
PPS_OBT_EVENT_PORT_LATCH_STS,str
SSP_PLC_OBT_EVT_PORT_LATCH_STS,str
SSP_SCE_OBT_EVT_PORT_LATCH_STS,str
SPS_EVENT_OBT_SEL_DRIFT,str
DIFF_TT_CMD_EDIT_MODE,float64
DIFF_TT_CUR_CMD_DLY,float64
DIFF_TT_EDIT_CUR_ADDR,float64
DIFF_TT_EDIT_STOP_ADDR,float64
DIFF_TT_OPRN_CUR_ADDR,float64
DIFF_TT_OPRN_STOP_ADDR,float64
DIFF_TT_EXE_STS,object
OBT_TT_CUR_CMD_DLY,float64
OBT_TT_TBL_SEL,str
OBT_TT_PEND_CMDS_TBL-0,float64
OBT_TT_PEND_CMDS_TBL-1,float64
OBT_TT_EXE_STS,str
OBT_TT_CMD_FOUND_STS,str
NO_OF_PEND_CMDS_TT_Q,float64
NO_OF_PEND_CMDS_RT_Q,float64
NO_OF_PENDING_CMDS_ONBOARD_Q,float64
TT_CMDS_Q_FLAG,object
GND_CMDS_Q_FLAG,str
ONB_CMDS_Q_FLAG,str
NO_OF_PEND_CMDS_PLD_Q,float64
PLD_SEQ_CMDS_Q_FLAG,object
PROG_CMD_SEQ_SET-1_STS,str
PROG_CMD_SEQ_SET-2_STS,str
PROG_CMD_SEQ_SET-3_STS,str
PROG_CMD_SEQ_SET-4_STS,str
PROG_CMD_SEQ_SET-5_STS,str
SUPER_CYCLE_OBT_MSEC,float64
MASTER_EVENT_PROG_CMD_SEQ,object
PC_SEQ_EVENT_NO,float64
PC_SEQ_EVENT_CMD_CNTR,float64
PC_SEQ_EVENT_STS,str
ENCRYPT_CLR_LOGIC_STS,str
PROG_CMD_SEQ_SET-6_STS,str
ENCYPTION_CLR_OCRD_STS,object
PROG_CMD_SEQ_SET-7_STS,str
PROG_CMD_SEQ_SET-8_STS,str
PROG_CMD_SEQ_SET-9_STS,str
PROG_CMD_SEQ_SET-10_STS,str
PROG_CMD_SEQ_SET-11_STS,str
PROG_CMD_SEQ_SET-12_STS,str
PROG_CMD_SEQ_SET-13_STS,str
PROG_CMD_SEQ_SET-14_STS,str
PROG_CMD_SEQ_SET-15_STS,str
PROG_CMD_SEQ_SET-16_STS,str
PROG_CMD_SEQ_SET-17_STS,str
PROG_CMD_SEQ_SET-18_STS,str
PROG_CMD_SEQ_SET-19_STS,str
PROG_CMD_SEQ_SET-20_STS,str
PROG_CMD_SEQ_SET-21_STS,str
PROG_CMD_SEQ_SET-22_STS,str
PROG_CMD_SEQ_SET-23_STS,str
PROG_CMD_SEQ_SET-24_STS,str
VIT_EXECUTE,object
PLD_SEQ_NEXT_SESS_OBT,float64
PLD_SEQ_EXE_CNTR,float64
PLD_SEQ_ERR,str
REM_VIEW_ADDR_MS_NIB,float64
REM_VIEW_ADDR_LSB,str
REM_VIEW_ADDR,str
REM_UPDT_ADDR,float64
REM_DATA,str
REM_FROZEN_DATA,str
REM_UPDT_CHKSUM,int64
REM_VIEW_TIME_SEL,str
REM_UPDT_MEM_VIEW,str
MEM_SCRUB_STS,str
REM_PROG_MINOR_CYCLE-1,str
REM_PROG_MINOR_CYCLE-2,str
REM_PROG_MINOR_CYCLE-3,str
REM_PROG_MINOR_CYCLE-4,str
REM_PROG_MINOR_CYCLE-5,str
REM_PROG_MINOR_CYCLE-6,str
REM_PROG_MINOR_CYCLE-7,str
REM_PROG_MINOR_CYCLE-8,str
REM_UPDT_DATA,float64
UPLINK_FLOAT_CHK,object
NO_OF_1553_MSG_OVRFLW,object
RAM_CHK_STS,str
USER-1_WRITE_STS,str
USER-1_EXE_STS,str
USER-2_WRITE_STS,str
USER-2_EXE_STS,str
USER-3_WRITE_STS,str
USER-3_EXE_STS,str
USER-4_WRITE_STS,str
USER-4_EXE_STS,str
SRAM_WRITE_STS,object
SRAM_WRITE_PROTECT_STS,str
SRAM_CHKSUM_COMP_STS,object
PROM_CHKSUM,object
RAM_CHKSUM,object
RAM_CHKSUM_COMP,str
SPS_SEL,str
FRAME_ID,int64
ASM,str
PRIMARY_HEADER,object
PTM_VER_NO,float64
PTM_RST_STS,object
PTM_SYNC_STS,object
PTM_TC_ERR_STS,object
PTM_FORMAT_UPDT,object
PTM_FORMAT,float64
FRAME_ERR_CHK_FIELD,str
SPS_SEL_FOR_PB,str
PB_TYPE_SEL,str
TM_CHNL_1_OR_2_SEL,str
DWELL_STS,str
DWELL_OR_PB_SEL,str
128_KHZ_SUB_CAR_TC_STS,str
F2_REC_TC_STS,object
F1_STORAGE_RATIO,str
F1_STORAGE_OPTION,str
F3_STORAGE_OPTION,str
F3_STORAGE_RATE,str
F1_AUTO_STORAGE_STS,str
F1_REC_STS,object
F3_REC_STS,object
F4_REC_STS,object
STORAGE_ADDR_SEG-1,str
STORAGE_ADDR_SEG-2,float64
STORAGE_ADDR_SEG-3,float64
STORAGE_ADDR_SEG-4,object
PB_STS,str
PB_FORMAT,str
DWELL_LOGIC_STS,str
F-1_STORAGE_CURR_ADDR,object
F-2_STORAGE_CURR_ADDR,float64
F-3_STORAGE_CURR_ADDR,float64
F-4_STORAGE_CURR_ADDR,str
PB_CURR_ADDR,float64
SEF_EEPROM_CNTR,float64
DEF_EEPROM_CNTR,float64
SEF_RAM_CNTR,float64
DEF_RAM_CNTR,float64
SEF_DEF_ADDR,float64
RD_INH_LOW_CNTR,float64
RD_WR_CLASH_CNTR,float64
BLK_CHKSUM_EEPROM_WD1,str
BLK_CHKSUM_EEPROM_WD2,str
BLK_CHKSUM_EEPROM_WD3,str
BLK_CHKSUM_EEPROM_WD4,str
BLK_CHKSUM_EEPROM_WD5,str
BLK_CHKSUM_EEPROM_WD6,str
BLK_CHKSUM_EEPROM_WD7,str
EXE_LD_PER_CENT,float64
TRAP_ERR_CNT_WD1,float64
TRAP_ERR_CNT_WD2,float64
TRAP_STS_WORD-01,float64
TRAP_STS_WORD-02,float64
TRAP_STS_WORD-03,float64
TRAP_STS_WORD-04,float64
TRAP_LOC_ORIGN_WD1,float64
TRAP_LOC_ORIGN_WD2,float64
SE_LOGIC_STS,str
SEF_DEF_LOGIC,str
AUTO_BUS_COL_GND_RT,str
LEON_REG_REFRESH,str
SYNC_OBT_OS_NS,str
EEPROM_LOAD_STS_NS,int64
TRAP_STS_WORD-05,float64
TRAP_STS_WORD-06,float64
TRAP_STS_WORD-07,float64
TRAP_STS_WORD-08,float64
TRAP_STS_WORD-09,float64
TRAP_STS_WORD-10,float64
TRAP_STS_WORD-11,float64
TRAP_STS_WORD-12,float64
TRAP_STS_WORD-13,float64
TRAP_STS_WORD-14,float64
TRAP_STS_WORD-15,float64
TRAP_STS_WORD-16,float64
TRAP_INDEX_TM,float64
CTM_DWELL_SEL,str
F-1_SEG_END_STS,str
F-2_SEG_END_STS,str
F-3_SEG_END_STS,str
F-4_SEG_END_STS,str
F-1_SEG_READ_WRITE_STS,str
F-2_SEG_READ_WRITE_STS,str
F-3_SEG_READ_WRITE_STS,str
F-4_SEG_READ_WRITE_STS,str
TM_NORMAL_STS,str
DWELL_H/W_CMD_STS,str
PB_STS_S/W,object
PWR_SEL_TM,str
TM_KEY_INDEX,int64
TM_ENCRYPTION_STS,str
TC_FPGA_FDI_LOGIC_STS,str
TC_FPGA_1553_FD_LOGIC_STS,str
TC_FPGA_FDI_ACTION,str
TC_FPGA_1553_FAIL_FLAG,object
TC_CYCLE_TIMER,float64
F2_PB_KEY_INDEX,float64
F2_ENCRYPTION_MODE,object
TM_ENCRYPTION_MODE,str
PLC_HEARTBIT_LOGIC_STS,str
EULER_AXIS_ROTN_STS,str
EXE_CMD_CNTR_NS_LSB,int64
EXE_CMD_CNTR_NS_MSB,float64
EXE_CMD_CNTR_NS,int64
LINK-2_TEST_CMD_STS,float64
LINK-2_EXE_REG,object
LINK-2_TEST_CMD_STS_NS,str
EXE_REG_NS,object
LINK-1_EXE_REG_NS,object
LINK-2_EXE_REG_NS,object
PAR_LINK-1_OS,object
PAR_CNTR_LINK-1_OS,float64
CLCW_LINK-1_OS,float64
FAR_LINK-1_OS,object
PAR_LINK-2_OS,object
PAR_CNTR_LINK-2_OS,float64
CLCW_LINK-2_OS,float64
FAR_LINK-2_OS,float64
EP_LOAD_STS_NS,str
EEPROM_STS_NS,float64
EEPROM_USBL_STS_NS_M,float64
EEPROM_READ_NOW_NS,float64
OVERALL_CHKSUM_MSB_NS,float64
OVERALL_CHKSUM_LSB_NS,float64
OVERALL_SOURCE_ADDR_MSB_NS,float64
OVERALL_SOURCE_ADDR_LSB_NS,float64
MAIN_EXE_REF_CS_MATCH_CP_23_NS,object
MAIN_EXE_REF_CS_MATCH_CP_31_NS,object
MAIN_EXE_REF_SZ_MATCH_CP_12_NS,object
MAIN_EXE_REF_SZ_MATCH_CP_23_NS,object
MAIN_EXE_REF_SZ_MATCH_CP_31_NS,object
MAIN_EXE_REF_CS_MATCH_CP_12_NS,object
EEPROM_CP_2ND_ATTMPT_NS,object
OBC-1_CPU_VOL_AFT_RLY,float64
OBC-1_SNSR_POS_15V_VOL_AFT_RLY,float64
OBC-1_SNSR_NEG_15V_VOL_AFT_RLY,float64
OBC-1_CAL_VOL_POS_2.5V,float64
OBC-1_CAL_VOL_NEG_2.5V,float64
OBC-1_CPU_PWR_STS,str
OBC-1_POS_10V_VOL,float64
OBC-1_NEG_10V_VOL,float64
OBC-1_VTH_VOL,float64
OBC-1_UBUS_VOL,float64
OBC-1_CPU_PWR_STS_NS,str
VC-11_STS,str
VC-12_STS,str
OBC-1_VC-1_STS,str
OBC-1_VC-2_STS,str
NMI_HANDLER_ENA_STS_NS,str
OBC-1_BOOT_PROM_APPL_PROG_SEL,str
BOTH_BC_BOTH_RT_DET_LOGIC_NS,str
BOTH_BC_BOTH_RT_STS_NS,float64
OBT_DRIFT_EST_NS,float64
OBT_DRIFT_USED_NS,float64
GND_CMDS_Q_FLAG_NS,object
ONB_CMDS_Q_FLAG_NS,object
SUPER_CYCLE_OBT_MSEC_NS,float64
ENCYPTION_CLR_OCRD_STS_NS,object
REM_VIEW_ADDR_MS_NIB_NS,float64
REM_VIEW_ADDR_LSB_NS,str
REM_VIEW_ADDR_NS,str
REM_UPDT_ADDR_NS,float64
REM_DATA_NS,object
REM_FROZEN_DATA_NS,str
REM_UPDT_CHKSUM_NS,int64
REM_PROG_MINOR_CYCLE-1_NS,str
REM_PROG_MINOR_CYCLE-2_NS,str
REM_PROG_MINOR_CYCLE-3_NS,str
REM_PROG_MINOR_CYCLE-4_NS,str
REM_PROG_MINOR_CYCLE-5_NS,str
REM_PROG_MINOR_CYCLE-6_NS,str
REM_PROG_MINOR_CYCLE-7_NS,str
REM_PROG_MINOR_CYCLE-8_NS,str
NO_OF_1553_MSG_OVRFLW_NS,object
RAM_CHK_STS_NS,str
SRAM_WRITE_STS_NS,object
SRAM_WRITE_PROTECT_STS_NS,object
128_KHZ_SUB_CAR_TC_STS_NS,str
SEF_EEPROM_CNTR_NS,float64
DEF_EEPROM_CNTR_NS,float64
SEF_RAM_CNTR_NS,float64
DEF_RAM_CNTR_NS,float64
BLK_CHKSUM_EEPROM_WD1_NS,str
BLK_CHKSUM_EEPROM_WD2_NS,str
BLK_CHKSUM_EEPROM_WD3_NS,str
BLK_CHKSUM_EEPROM_WD4_NS,str
BLK_CHKSUM_EEPROM_WD5_NS,str
BLK_CHKSUM_EEPROM_WD6_NS,str
BLK_CHKSUM_EEPROM_WD7_NS,str
TRAP_ERR_CNT_NS,float64
TRAP_LOC_ADDR_NS,float64
CTM_DWELL_SEL_NS,str
PWR_SEL_TM_NS,str
TC_FPGA_FDI_LOGIC_STS_OS,str
TC_FPGA_1553_FD_LOGIC_STS_OS,str
TC_FPGA_FDI_ACTION_OS,str
TC_FPGA_1553_FAIL_FLAG_OS,object
TC_CYCLE_TIMER_1553_OS,float64
OBC-2_CPU_VOL_AFT_RLY,float64
OBC-2_SNSR_POS_15V_VOL_AFT_RLY,float64
OBC-2_SNSR_NEG_15V_VOL_AFT_RLY,float64
OBC-2_CAL_VOL_POS_2.5V,float64
OBC-2_CAL_VOL_NEG_2.5V,float64
OBC-2_CPU_PWR_STS,str
OBC-2_POS_10V_VOL,float64
OBC-2_NEG_10V_VOL,float64
OBC-2_VTH_VOL,float64
OBC-2_UBUS_VOL,float64
OBC-2_CPU_PWR_STS_NS,str
VC-21_STS,str
VC-22_STS,str
OBC-2_VC-1_STS,str
OBC-2_VC-2_STS,str
OBC-2_BOOT_PROM_APPL_PROG_SEL,str
MACRO-000_UPDT_STS,str
MACRO-001_UPDT_STS,str
MACRO-002_UPDT_STS,str
MACRO-003_UPDT_STS,str
MACRO-004_UPDT_STS,str
MACRO-005_UPDT_STS,str
MACRO-006_UPDT_STS,str
MACRO-007_UPDT_STS,str
MACRO-008_UPDT_STS,str
MACRO-009_UPDT_STS,str
MACRO-010_UPDT_STS,str
MACRO-011_UPDT_STS,str
MACRO-012_UPDT_STS,str
MACRO-013_UPDT_STS,str
MACRO-014_UPDT_STS,str
MACRO-015_UPDT_STS,str
MACRO-016_UPDT_STS,str
MACRO-017_UPDT_STS,str
MACRO-018_UPDT_STS,str
MACRO-019_UPDT_STS,str
MACRO-020_UPDT_STS,str
MACRO-021_UPDT_STS,str
MACRO-022_UPDT_STS,str
MACRO-023_UPDT_STS,str
MACRO-024_UPDT_STS,str
MACRO-025_UPDT_STS,str
MACRO-026_UPDT_STS,str
MACRO-027_UPDT_STS,str
MACRO-028_UPDT_STS,str
MACRO-029_UPDT_STS,str
MACRO-030_UPDT_STS,str
MACRO-031_UPDT_STS,str
MACRO-032_UPDT_STS,str
MACRO-033_UPDT_STS,str
MACRO-034_UPDT_STS,str
MACRO-035_UPDT_STS,str
MACRO-036_UPDT_STS,str
MACRO-037_UPDT_STS,str
MACRO-038_UPDT_STS,str
MACRO-039_UPDT_STS,str
MACRO-040_UPDT_STS,str
MACRO-041_UPDT_STS,str
MACRO-042_UPDT_STS,str
MACRO-043_UPDT_STS,str
MACRO-044_UPDT_STS,str
MACRO-045_UPDT_STS,str
MACRO-046_UPDT_STS,str
MACRO-047_UPDT_STS,str
MACRO-048_UPDT_STS,str
MACRO-049_UPDT_STS,str
MACRO-050_UPDT_STS,str
MACRO-051_UPDT_STS,str
MACRO-052_UPDT_STS,str
MACRO-053_UPDT_STS,str
MACRO-054_UPDT_STS,str
MACRO-055_UPDT_STS,str
MACRO-056_UPDT_STS,str
MACRO-057_UPDT_STS,str
MACRO-058_UPDT_STS,str
MACRO-059_UPDT_STS,str
MACRO-060_UPDT_STS,str
MACRO-061_UPDT_STS,str
MACRO-062_UPDT_STS,str
MACRO-063_UPDT_STS,str
MACRO-064_UPDT_STS,str
MACRO-065_UPDT_STS,str
MACRO-066_UPDT_STS,str
MACRO-067_UPDT_STS,str
MACRO-068_UPDT_STS,str
MACRO-069_UPDT_STS,str
MACRO-070_UPDT_STS,str
MACRO-071_UPDT_STS,str
MACRO-072_UPDT_STS,str
MACRO-073_UPDT_STS,str
MACRO-074_UPDT_STS,str
MACRO-075_UPDT_STS,str
MACRO-076_UPDT_STS,str
MACRO-077_UPDT_STS,str
MACRO-078_UPDT_STS,str
MACRO-079_UPDT_STS,str
MACRO-080_UPDT_STS,str
MACRO-081_UPDT_STS,str
MACRO-082_UPDT_STS,str
MACRO-083_UPDT_STS,str
MACRO-084_UPDT_STS,str
MACRO-085_UPDT_STS,str
MACRO-086_UPDT_STS,str
MACRO-087_UPDT_STS,str
MACRO-088_UPDT_STS,str
MACRO-089_UPDT_STS,str
MACRO-090_UPDT_STS,str
MACRO-091_UPDT_STS,str
MACRO-092_UPDT_STS,str
MACRO-093_UPDT_STS,str
MACRO-094_UPDT_STS,str
MACRO-095_UPDT_STS,str
MACRO-096_UPDT_STS,str
MACRO-097_UPDT_STS,str
MACRO-098_UPDT_STS,str
MACRO-099_UPDT_STS,str
MACRO-100_UPDT_STS,str
MACRO-101_UPDT_STS,str
MACRO-102_UPDT_STS,str
MACRO-103_UPDT_STS,str
MACRO-104_UPDT_STS,str
MACRO-105_UPDT_STS,str
MACRO-106_UPDT_STS,str
MACRO-107_UPDT_STS,str
MACRO-108_UPDT_STS,str
MACRO-109_UPDT_STS,str
MACRO-110_UPDT_STS,str
MACRO-111_UPDT_STS,str
MACRO-112_UPDT_STS,str
MACRO-113_UPDT_STS,str
MACRO-114_UPDT_STS,str
MACRO-115_UPDT_STS,str
MACRO-116_UPDT_STS,str
MACRO-117_UPDT_STS,str
MACRO-118_UPDT_STS,str
MACRO-119_UPDT_STS,str
MACRO-000_ENA_STS,str
MACRO-001_ENA_STS,str
MACRO-002_ENA_STS,str
MACRO-003_ENA_STS,str
MACRO-004_ENA_STS,str
MACRO-005_ENA_STS,str
MACRO-006_ENA_STS,str
MACRO-007_ENA_STS,str
MACRO-008_ENA_STS,str
MACRO-009_ENA_STS,str
MACRO-010_ENA_STS,str
MACRO-011_ENA_STS,str
MACRO-012_ENA_STS,str
MACRO-013_ENA_STS,str
MACRO-014_ENA_STS,str
MACRO-015_ENA_STS,str
MACRO-016_ENA_STS,str
MACRO-017_ENA_STS,str
MACRO-018_ENA_STS,str
MACRO-019_ENA_STS,str
MACRO-020_ENA_STS,str
MACRO-021_ENA_STS,str
MACRO-022_ENA_STS,str
MACRO-023_ENA_STS,str
MACRO-024_ENA_STS,str
MACRO-025_ENA_STS,str
MACRO-026_ENA_STS,str
MACRO-027_ENA_STS,str
MACRO-028_ENA_STS,str
MACRO-029_ENA_STS,str
MACRO-030_ENA_STS,str
MACRO-031_ENA_STS,str
MACRO-032_ENA_STS,str
MACRO-033_ENA_STS,str
MACRO-034_ENA_STS,str
MACRO-035_ENA_STS,str
MACRO-036_ENA_STS,str
MACRO-037_ENA_STS,str
MACRO-038_ENA_STS,str
MACRO-039_ENA_STS,str
MACRO-040_ENA_STS,str
MACRO-041_ENA_STS,str
MACRO-042_ENA_STS,str
MACRO-043_ENA_STS,str
MACRO-044_ENA_STS,str
MACRO-045_ENA_STS,str
MACRO-046_ENA_STS,str
MACRO-047_ENA_STS,str
MACRO-048_ENA_STS,str
MACRO-049_ENA_STS,str
MACRO-050_ENA_STS,str
MACRO-051_ENA_STS,str
MACRO-052_ENA_STS,str
MACRO-053_ENA_STS,str
MACRO-054_ENA_STS,str
MACRO-055_ENA_STS,str
MACRO-056_ENA_STS,str
MACRO-057_ENA_STS,str
MACRO-058_ENA_STS,str
MACRO-059_ENA_STS,str
MACRO-060_ENA_STS,str
MACRO-061_ENA_STS,str
MACRO-062_ENA_STS,str
MACRO-063_ENA_STS,str
MACRO-064_ENA_STS,str
MACRO-065_ENA_STS,str
MACRO-066_ENA_STS,str
MACRO-067_ENA_STS,str
MACRO-068_ENA_STS,str
MACRO-069_ENA_STS,str
MACRO-070_ENA_STS,str
MACRO-071_ENA_STS,str
MACRO-072_ENA_STS,str
MACRO-073_ENA_STS,str
MACRO-074_ENA_STS,str
MACRO-075_ENA_STS,str
MACRO-076_ENA_STS,str
MACRO-077_ENA_STS,str
MACRO-078_ENA_STS,str
MACRO-079_ENA_STS,str
MACRO-080_ENA_STS,str
MACRO-081_ENA_STS,str
MACRO-082_ENA_STS,str
MACRO-083_ENA_STS,str
MACRO-084_ENA_STS,str
MACRO-085_ENA_STS,str
MACRO-086_ENA_STS,str
MACRO-087_ENA_STS,str
MACRO-088_ENA_STS,str
MACRO-089_ENA_STS,str
MACRO-090_ENA_STS,str
MACRO-091_ENA_STS,str
MACRO-092_ENA_STS,str
MACRO-093_ENA_STS,str
MACRO-094_ENA_STS,str
MACRO-095_ENA_STS,str
MACRO-096_ENA_STS,str
MACRO-097_ENA_STS,str
MACRO-098_ENA_STS,str
MACRO-099_ENA_STS,str
MACRO-100_ENA_STS,str
MACRO-101_ENA_STS,str
MACRO-102_ENA_STS,str
MACRO-103_ENA_STS,str
MACRO-104_ENA_STS,str
MACRO-105_ENA_STS,str
MACRO-106_ENA_STS,str
MACRO-107_ENA_STS,str
MACRO-108_ENA_STS,str
MACRO-109_ENA_STS,str
MACRO-110_ENA_STS,str
MACRO-111_ENA_STS,str
MACRO-112_ENA_STS,str
MACRO-113_ENA_STS,str
MACRO-114_ENA_STS,str
MACRO-115_ENA_STS,str
MACRO-116_ENA_STS,str
MACRO-117_ENA_STS,str
MACRO-118_ENA_STS,str
MACRO-119_ENA_STS,str
MACRO-000_EXE_STS,str
MACRO-001_EXE_STS,str
MACRO-002_EXE_STS,str
MACRO-003_EXE_STS,str
MACRO-004_EXE_STS,str
MACRO-005_EXE_STS,str
MACRO-006_EXE_STS,str
MACRO-007_EXE_STS,str
MACRO-008_EXE_STS,str
MACRO-009_EXE_STS,str
MACRO-010_EXE_STS,str
MACRO-011_EXE_STS,str
MACRO-012_EXE_STS,str
MACRO-013_EXE_STS,str
MACRO-014_EXE_STS,str
MACRO-015_EXE_STS,str
MACRO-016_EXE_STS,str
MACRO-017_EXE_STS,str
MACRO-018_EXE_STS,str
MACRO-019_EXE_STS,str
MACRO-020_EXE_STS,str
MACRO-021_EXE_STS,str
MACRO-022_EXE_STS,str
MACRO-023_EXE_STS,str
MACRO-024_EXE_STS,str
MACRO-025_EXE_STS,str
MACRO-026_EXE_STS,str
MACRO-027_EXE_STS,str
MACRO-028_EXE_STS,str
MACRO-029_EXE_STS,str
MACRO-030_EXE_STS,str
MACRO-031_EXE_STS,str
MACRO-032_EXE_STS,str
MACRO-033_EXE_STS,str
MACRO-034_EXE_STS,str
MACRO-035_EXE_STS,str
MACRO-036_EXE_STS,str
MACRO-037_EXE_STS,str
MACRO-038_EXE_STS,str
MACRO-039_EXE_STS,str
MACRO-040_EXE_STS,str
MACRO-041_EXE_STS,str
MACRO-042_EXE_STS,str
MACRO-043_EXE_STS,str
MACRO-044_EXE_STS,str
MACRO-045_EXE_STS,str
MACRO-046_EXE_STS,str
MACRO-047_EXE_STS,str
MACRO-048_EXE_STS,str
MACRO-049_EXE_STS,str
MACRO-050_EXE_STS,str
MACRO-051_EXE_STS,str
MACRO-052_EXE_STS,str
MACRO-053_EXE_STS,str
MACRO-054_EXE_STS,str
MACRO-055_EXE_STS,str
MACRO-056_EXE_STS,str
MACRO-057_EXE_STS,str
MACRO-058_EXE_STS,str
MACRO-059_EXE_STS,str
MACRO-060_EXE_STS,str
MACRO-061_EXE_STS,str
MACRO-062_EXE_STS,str
MACRO-063_EXE_STS,str
MACRO-064_EXE_STS,str
MACRO-065_EXE_STS,str
MACRO-066_EXE_STS,str
MACRO-067_EXE_STS,str
MACRO-068_EXE_STS,str
MACRO-069_EXE_STS,str
MACRO-070_EXE_STS,str
MACRO-071_EXE_STS,str
MACRO-072_EXE_STS,str
MACRO-073_EXE_STS,str
MACRO-074_EXE_STS,str
MACRO-075_EXE_STS,str
MACRO-076_EXE_STS,str
MACRO-077_EXE_STS,str
MACRO-078_EXE_STS,str
MACRO-079_EXE_STS,str
MACRO-080_EXE_STS,str
MACRO-081_EXE_STS,str
MACRO-082_EXE_STS,str
MACRO-083_EXE_STS,str
MACRO-084_EXE_STS,str
MACRO-085_EXE_STS,str
MACRO-086_EXE_STS,str
MACRO-087_EXE_STS,str
MACRO-088_EXE_STS,str
MACRO-089_EXE_STS,str
MACRO-090_EXE_STS,str
MACRO-091_EXE_STS,str
MACRO-092_EXE_STS,str
MACRO-093_EXE_STS,str
MACRO-094_EXE_STS,str
MACRO-095_EXE_STS,str
MACRO-096_EXE_STS,str
MACRO-097_EXE_STS,str
MACRO-098_EXE_STS,str
MACRO-099_EXE_STS,str
MACRO-100_EXE_STS,str
MACRO-101_EXE_STS,str
MACRO-102_EXE_STS,str
MACRO-103_EXE_STS,str
MACRO-104_EXE_STS,str
MACRO-105_EXE_STS,str
MACRO-106_EXE_STS,str
MACRO-107_EXE_STS,str
MACRO-108_EXE_STS,str
MACRO-109_EXE_STS,str
MACRO-110_EXE_STS,str
MACRO-111_EXE_STS,str
MACRO-112_EXE_STS,str
MACRO-113_EXE_STS,str
MACRO-114_EXE_STS,str
MACRO-115_EXE_STS,str
MACRO-116_EXE_STS,str
MACRO-117_EXE_STS,str
MACRO-118_EXE_STS,str
MACRO-119_EXE_STS,str
MEP-000_UPDT_STS,str
MEP-001_UPDT_STS,str
MEP-002_UPDT_STS,str
MEP-003_UPDT_STS,str
MEP-004_UPDT_STS,str
MEP-005_UPDT_STS,str
MEP-006_UPDT_STS,str
MEP-007_UPDT_STS,str
MEP-008_UPDT_STS,str
MEP-009_UPDT_STS,str
MEP-010_UPDT_STS,str
MEP-011_UPDT_STS,str
MEP-012_UPDT_STS,str
MEP-013_UPDT_STS,str
MEP-014_UPDT_STS,str
MEP-015_UPDT_STS,str
MEP-016_UPDT_STS,str
MEP-017_UPDT_STS,str
MEP-018_UPDT_STS,str
MEP-019_UPDT_STS,str
MEP-020_UPDT_STS,str
MEP-021_UPDT_STS,str
MEP-022_UPDT_STS,str
MEP-023_UPDT_STS,str
MEP-024_UPDT_STS,str
MEP-025_UPDT_STS,str
MEP-026_UPDT_STS,str
MEP-027_UPDT_STS,str
MEP-028_UPDT_STS,str
MEP-029_UPDT_STS,str
MEP-030_UPDT_STS,str
MEP-031_UPDT_STS,str
MEP-032_UPDT_STS,str
MEP-033_UPDT_STS,str
MEP-034_UPDT_STS,str
MEP-035_UPDT_STS,str
MEP-036_UPDT_STS,str
MEP-037_UPDT_STS,str
MEP-038_UPDT_STS,str
MEP-039_UPDT_STS,str
MEP-040_UPDT_STS,str
MEP-041_UPDT_STS,str
MEP-042_UPDT_STS,str
MEP-043_UPDT_STS,str
MEP-044_UPDT_STS,str
MEP-045_UPDT_STS,str
MEP-046_UPDT_STS,str
MEP-047_UPDT_STS,str
MEP-048_UPDT_STS,str
MEP-049_UPDT_STS,str
MEP-050_UPDT_STS,str
MEP-051_UPDT_STS,str
MEP-052_UPDT_STS,str
MEP-053_UPDT_STS,str
MEP-054_UPDT_STS,str
MEP-055_UPDT_STS,str
MEP-056_UPDT_STS,str
MEP-057_UPDT_STS,str
MEP-058_UPDT_STS,str
MEP-059_UPDT_STS,str
MEP-060_UPDT_STS,str
MEP-061_UPDT_STS,str
MEP-062_UPDT_STS,str
MEP-063_UPDT_STS,str
MEP-064_UPDT_STS,str
MEP-065_UPDT_STS,str
MEP-066_UPDT_STS,str
MEP-067_UPDT_STS,str
MEP-068_UPDT_STS,str
MEP-069_UPDT_STS,str
MEP-070_UPDT_STS,str
MEP-071_UPDT_STS,str
MASTER_MEP_STS,str
MEP_EXE,object
MEP_EXE_STS,str
MEP_ERROR,str
MEP_EXE_INDEX,float64
MEP_MACRO_NO,float64
MEP_DATA_SET_NO,float64
NEXT_MEP_ENTRY_TIME,float64
P/L_WDT_STS,object
P/L_WDT,float64
MEP_USER_ID,float64
MEP_AOS_SESS_STS,float64
MEP_SESS_ID,float64
MEP_TOPRN_OBT,str
AOS_SESS_STS,str
MEP_TOTAL_ENTRIES,float64
TIME_FOR_LAST_MEP_ENTRY,float64
P/L_WDT_OVERRIDE,str
UPDT_DATA_SET_WD,float64
PL_DATA_SET_UPDT_STS,float64
MIL_1553_RMT_MON_UPD,object
ODP_PROCESSING,str
DV_FR_SPSX_SEL,str
LPI_CMD_STS,str
DELTA_V_CNTR_FREEZE,str
AUTO_LPI_TBL_EXEC_STS,str
LPI_TBL_READ,str
OBC_OBT_AT_SPS_SYNC,str
OBC_OBT_AT_PPS_SYNC,str
BDH_RT_FAIL_STS,object
BDH-1_MSG_TFXR,str
BDH-1_BUS_SEL,str
BDH-1_TC_BUS_SEL,str
BDH-1_BUS_STS,str
BDH-1_AUTO_BUS_COL_STS,str
BDH-1_REDT_BUS_CHK_STS,str
BDH-1_TM_MSG_BUS_SEL_OS,str
BDH-1_TC_BUS_SEL_OS,str
BDH-1_TM_MSG_STS_OS,str
BC_FAIL_FLAG,str
BC_FD,str
BC_IR,str
1553_MINOR_CYCLE_OVRFLW_SET-1,float64
1553_MINOR_CYCLE_OVRFLW_SET-2,float64
1553_MINOR_CYCLE_OVRFLW_SET-3,float64
1553_MINOR_CYCLE_OVRFLW_SET-4,float64
ES-1_BUS_SEL,str
ES-1_TC_BUS_SEL,str
ES-1_MSG_STS,str
ES-1_MSG_TXFR,str
ES-1_AUTO_BUS_COL_STS,str
ES-1_REDT_BUS_CHK_STS,str
ES-1_RT_FAIL_STS,object
SMES-1_MSG_TXFR,str
SMES-2_MSG_TXFR,str
NS_OBC_RT_FAIL_STS,object
NS_OBC_TC_BUS_SEL,str
NS_OBC_MSG_STS,str
NS_OBC_BUS_SEL,str
NS_OBC_TC_BUS_SEL_OS,str
NS_OBC_MSG_STS_OS,str
NS_OBC_BUS_SEL_OS,str
DIRECT_TC_BUS_SEL,str
DIRECT_TC_MSG_STS,str
PATCH_BUS_SEL,str
PATCH_MSG_STS,str
RT_PATCH_UPLD_CMD_STS,object
REM_TC_BUS_SEL,str
REM_TC_MSG_STS,str
PROTOCOL_STS,str
PROTOCOL_STS_OS,str
DTG-1_MSG_TXFR,str
DTG-1_BUS_SEL,str
DTG-1_TM_BUS_SEL,str
DTG-1_TC_BUS_SEL,str
DTG-1_BUS_STS,str
DTG-1_TM_MSG_STS,str
DTG-1_AUTO_BUS_COL_STS,str
DTG-1_REDT_BUS_CHK_STS,str
DTG-1_RT_FAIL_STS,object
DTG-1_TM_BUS_SEL_OS,str
DTG-1_TM_MSG_STS_OS,str
DTG-1_TC_BUS_SEL_OS,str
DTG-2_MSG_TXFR,str
DTG-2_BUS_SEL,str
DTG-2_TM_BUS_SEL,str
DTG-2_TC_BUS_SEL,str
DTG-2_BUS_STS,str
DTG-2_TM_MSG_STS,str
DTG-2_AUTO_BUS_COL_STS,str
DTG-2_REDT_BUS_CHK_STS,str
DTG-2_RT_FAIL_STS,object
DTG-2_TM_BUS_SEL_OS,str
DTG-2_TM_MSG_STS_OS,str
DTG-2_TC_BUS_SEL_OS,str
DTG-3_MSG_TXFR,str
DTG-3_BUS_SEL,str
DTG-3_TM_BUS_SEL,str
DTG-3_TC_BUS_SEL,str
DTG-3_BUS_STS,str
DTG-3_TM_MSG_STS,str
DTG-3_AUTO_BUS_COL_STS,str
DTG-3_REDT_BUS_CHK_STS,str
DTG-3_RT_FAIL_STS,object
DTG-3_TM_BUS_SEL_OS,str
DTG-3_TM_MSG_STS_OS,str
DTG-3_TC_BUS_SEL_OS,str
PWR-1_BUS_SEL,str
PWR-1_TC_BUS_SEL,str
PWR-1_MSG_STS,str
PWR-1_MSG_TXFR,str
PWR-1_AUTO_BUS_COL_STS,str
PWR-1_REDT_BUS_CHK_STS,str
PWR-1_RT_FAIL_STS,object
PWR-2_BUS_SEL,str
PWR-2_TC_BUS_SEL,str
PWR-2_MSG_STS,str
PWR-2_MSG_TXFR,str
PWR-2_AUTO_BUS_COL_STS,str
PWR-2_REDT_BUS_CHK_STS,str
PWR-2_RT_FAIL_STS,object
PLC_TM_BUS_SEL,str
PLC_TC_BUS_SEL,str
PLC_TM_MSG_STS,str
PLC_AUTO_BUS_COL_STS,str
PLC_REDT_BUS_CHK_STS,str
PLC_RT_FAIL_STS,object
SS_HEAD-1_RT_FAIL_STS,object
SS_HEAD-2_RT_FAIL_STS,object
SS-1_BUS_SEL,str
SS-1_STS_MSG_STS,str
SS-1_TC_BUS_SEL,str
SS-1_AUTO_BUS_COL_STS,str
SS-1_REDT_BUS_CHK_STS,str
SS-1_TC_BUS_SEL_OS,str
SS-1_STS_MSG_STS_OS,str
SS-1_BUS_SEL_OS,str
SS-2_BUS_SEL,str
SS-2_STS_MSG_STS,str
SS-2_TC_BUS_SEL,str
SS-2_AUTO_BUS_COL_STS,str
SS-2_REDT_BUS_CHK_STS,str
SS-2_TC_BUS_SEL_OS,str
SS-2_STS_MSG_STS_OS,str
SS-2_BUS_SEL_OS,str
NS_OBC-1_MSG_TXFR,str
NS_OBC-1_AUTO_BUS_COL,str
NS_OBC-1_REDT_BUS_CHK,str
OBC-1_BUS_SEL,str
OBC-1_BUS_SEL_OS,str
OBC-2_BUS_SEL,str
OBC-2_BUS_SEL_OS,str
SSR-1_MSG_TXFR,str
SSR-1_BUS_SEL,str
SSR-1_TC_BUS_SEL,str
SSR-1_BUS_STS,str
SSR-1_AUTO_BUS_COL_STS,str
SSR-1_REDT_BUS_CHK_STS,str
SSR-1_RT_FAIL_STS,object
SSR-1_TM_BUS_SEL_OS,str
SSR-1_TM_MSG_STS_OS,str
SSR-1_TC_BUS_SEL_OS,str
SSR-2_MSG_TXFR,str
SSR-2_BUS_SEL,str
SSR-2_TC_BUS_SEL,str
SSR-2_BUS_STS,str
SSR-2_AUTO_BUS_COL_STS,str
SSR-2_REDT_BUS_CHK_STS,str
SSR-2_RT_FAIL_STS,object
SSR-2_TM_BUS_SEL_OS,str
SSR-2_TM_MSG_STS_OS,str
SSR-2_TC_BUS_SEL_OS,str
SPS_MSG_TXFR,str
SPS-1_BUS_SEL,str
SPS-1_BUS_STS,str
SPS-1_TC_BUS_SEL,str
SPS-1_AUTO_BUS_COL_STS,str
SPS-1_REDT_BUS_CHK_STS,str
SPS-1_RT_FAIL_STS,object
SPS-1_BUS_STS_OS,str
SPS-1_TC_BUS_SEL_OS,str
SPS-1_STS_BUS_SEL_OS,str
SPS-2_BUS_SEL,str
SPS-2_BUS_STS,str
SPS-2_TC_BUS_SEL,str
SPS-2_AUTO_BUS_COL_STS,str
SPS-2_REDT_BUS_CHK_STS,str
SPS-2_RT_FAIL_STS,object
SPS-2_BUS_STS_OS,str
SPS-2_TC_BUS_SEL_OS,str
SPS-2_STS_BUS_SEL_OS,str
WDE-1_BUS_SEL,str
WDE-1_TC_BUS_SEL,str
WDE-1_MSG_STS,str
WDE-1_MSG_TXFR,str
WDE-1_AUTO_BUS_COL_STS,str
WDE-1_REDT_BUS_CHK_STS,str
WDE-1_RT_FAIL_STS,object
WDE-1_BUS_SEL_OS,str
WDE-1_TC_BUS_SEL_OS,str
WDE-1_MSG_STS_OS,str
WDE-2_BUS_SEL,str
WDE-2_TC_BUS_SEL,str
WDE-2_MSG_STS,str
WDE-2_MSG_TXFR,str
WDE-2_AUTO_BUS_COL_STS,str
WDE-2_REDT_BUS_CHK_STS,str
WDE-2_RT_FAIL_STS,object
WDE-2_BUS_SEL_OS,str
WDE-2_TC_BUS_SEL_OS,str
WDE-2_MSG_STS_OS,str
WDE-3_BUS_SEL,str
WDE-3_TC_BUS_SEL,str
WDE-3_MSG_STS,str
WDE-3_MSG_TXFR,str
WDE-3_AUTO_BUS_COL_STS,str
WDE-3_REDT_BUS_CHK_STS,str
WDE-3_RT_FAIL_STS,object
WDE-3_BUS_SEL_OS,str
WDE-3_TC_BUS_SEL_OS,str
WDE-3_MSG_STS_OS,str
WDE-4_BUS_SEL,str
WDE-4_TC_BUS_SEL,str
WDE-4_MSG_STS,str
WDE-4_MSG_TXFR,str
WDE-4_AUTO_BUS_COL_STS,str
WDE-4_REDT_BUS_CHK_STS,str
WDE-4_RT_FAIL_STS,object
WDE-4_BUS_SEL_OS,str
WDE-4_TC_BUS_SEL_OS,str
WDE-4_MSG_STS_OS,str
OCM_BUS_SEL,str
OCM_TC_BUS_SEL,str
OCM_MSG_STS,str
OCM_MSG_TXFR,str
OCM_AUTO_BUS_COL_STS,str
OCM_REDT_BUS_CHK_STS,str
OCM_RT_FAIL_STS,object
SCAT_MSG_TXFR,str
TSU_BUS_USED_STS,str
TSU_TC_BUS_USED,str
TSU_MESG_STS,str
TSU_RT_FAIL_STS,object
TSU_AUTO_BUS_COL_STS,str
TSU_REDT_BUS_CHK_STS,str
TSU_MESG_TRFR_STS,str
TSU_BUS_USED_STS_NS,str
TSU_TC_BUS_USED_NS,str
TSU_MESG_STS_NS,str
HSU_BUS_USED_STS,str
HSU_TC_BUS_USED,str
HSU_MESG_STS,str
HSU_RT_FAIL_STS,object
HSU_AUTO_BUS_COL_STS,str
HSU_REDT_BUS_CHK_STS,str
HSU_MESG_TRFR_STS,str
HSU_BUS_USED_STS_NS,str
HSU_TC_BUS_USED_NS,str
HSU_MESG_STS_NS,str
OCM_BUS_SEL_OS,str
OCM_TC_BUS_SEL_OS,str
OCM_MSG_STS_OS,str
BC_FAIL_FLAG_NS,str
ES-1_BUS_SEL_OS,str
ES-1_TC_BUS_SEL_OS,str
ES-1_MSG_STS_OS,str
DIRECT_TC_BUS_SEL_NS,str
DIRECT_TC_MSG_STS_NS,str
PATCH_BUS_SEL_NS,str
PATCH_MSG_STS_NS,str
REM_TC_BUS_SEL_NS,str
REM_TC_MSG_STS_NS,str
PWR-1_BUS_SEL_OS,str
PWR-1_TC_BUS_SEL_OS,str
PWR-1_MSG_STS_OS,str
PWR-2_BUS_SEL_OS,str
PWR-2_TC_BUS_SEL_OS,str
PWR-2_MSG_STS_OS,str
PLC_TM_BUS_SEL_NS_OS,str
PLC_TC_BUS_SEL_NS_OS,str
PLC_TM_MSG_STS_NS_OS,str
SMES-1_BUS_USED_STS,str
SMES-1_TC_BUS_USED,str
SMES-1_MESG_STS,str
SMES-1_AUTO_BUS_COL_STS,str
SMES-1_REDT_BUS_CHK_STS,str
SMES-1_RT_FAIL_STS,object
SMES-1_BUS_USED_STS_NS,str
SMES-1_TC_BUS_USED_NS,str
SMES-1_MESG_STS_NS,str
SMES-2_BUS_USED_STS,str
SMES-2_TC_BUS_USED,str
SMES-2_MESG_STS,str
SMES-2_AUTO_BUS_COL_STS,str
SMES-2_REDT_BUS_CHK_STS,str
SMES-2_RT_FAIL_STS,object
SMES-2_BUS_USED_STS_NS,str
SMES-2_TC_BUS_USED_NS,str
SMES-2_MESG_STS_NS,str
SSR-1_PAGE_INDEX,str
SSR-1_TM_MODE,str
SSR-1_SYS_ID,str
SSR-1_ADMIN_ACCESS,float64
SSR-1_WDT_STS,str
SSR-1_WDT_OCRD_CNT,float64
SSR-1_LAST_DATA_CMD,float64
SSR-1_CMD_CNT,float64
SSR-1_CMD_REJECTION_CNT,float64
SSR-1_MODE_CHANGE_STS,float64
SSR-1_PAGE_MODE,str
SSR-1_MSG_ID_I,int64
SSR-1_MSG_ID_Q,float64
SSR-1_ROLING_PAGE_INDEX_NUM,int64
SSR-1_ROLING_PAGE_INDEX,str
SSR-1_MM_EDAC_STS,str
SSR-1_ADC_CH_ID,int64
SSR-1_ADC_CH-0_DATA,int64
SSR-1_ADC_CH-1_DATA,int64
SSR-1_ADC_CH-2_DATA,int64
SSR-1_ADC_CH-3_DATA,int64
SSR-1_ADC_CH-4_DATA,float64
SSR-1_ADC_CH-5_DATA,float64
SSR-1_ADC_CH-6_DATA,float64
SSR-1_ADC_CH-7_DATA,float64
SSR-1_TIME_SEC,float64
SSR-1_TIME_MIN,float64
SSR-1_TIME_HR,float64
SSR-1_TIME_DAYS,float64
SSR-1_TIME_YEAR,float64
SSR-1_SRAM_EDAC_SAT,float64
SSR-1_TM_MODE_PAGE_RAW,float64
SSR-1_PART-0_FILE-000_ATTR,str
SSR-1_PART-0_FILE-001_ATTR,float64
SSR-1_PART-0_FILE-002_ATTR,float64
SSR-1_PART-0_FILE-003_ATTR,float64
SSR-1_PART-0_FILE-004_ATTR,float64
SSR-1_PART-0_FILE-005_ATTR,float64
SSR-1_PART-0_FILE-006_ATTR,float64
SSR-1_PART-0_FILE-007_ATTR,float64
SSR-1_PART-0_FILE-008_ATTR,float64
SSR-1_PART-0_FILE-009_ATTR,float64
SSR-1_PART-0_FILE-010_ATTR,float64
SSR-1_PART-0_FILE-011_ATTR,float64
SSR-1_PART-0_FILE-012_ATTR,float64
SSR-1_PART-0_FILE-013_ATTR,float64
SSR-1_PART-0_FILE-014_ATTR,float64
SSR-1_PART-0_FILE-015_ATTR,float64
SSR-1_PART-0_FILE-016_ATTR,float64
SSR-1_PART-0_FILE-017_ATTR,float64
SSR-1_PART-0_FILE-018_ATTR,float64
SSR-1_PART-0_FILE-019_ATTR,float64
SSR-1_PART-0_FILE-020_ATTR,float64
SSR-1_PART-0_FILE-021_ATTR,float64
SSR-1_PART-0_FILE-022_ATTR,float64
SSR-1_PART-0_FILE-023_ATTR,float64
SSR-1_PART-0_FILE-024_ATTR,float64
SSR-1_PART-0_FILE-025_ATTR,float64
SSR-1_PART-0_FILE-026_ATTR,float64
SSR-1_PART-0_FILE-027_ATTR,float64
SSR-1_PART-0_FILE-028_ATTR,float64
SSR-1_PART-0_FILE-029_ATTR,float64
SSR-1_PART-0_FILE-030_ATTR,float64
SSR-1_PART-0_FILE-031_ATTR,float64
SSR-1_PART-0_FILE-032_ATTR,float64
SSR-1_PART-0_FILE-033_ATTR,float64
SSR-1_PART-0_FILE-034_ATTR,float64
SSR-1_PART-0_FILE-035_ATTR,float64
SSR-1_PART-0_FILE-036_ATTR,float64
SSR-1_PART-0_FILE-037_ATTR,float64
SSR-1_PART-0_FILE-038_ATTR,float64
SSR-1_PART-0_FILE-039_ATTR,float64
SSR-1_PART-0_FILE-040_ATTR,float64
SSR-1_PART-0_FILE-041_ATTR,float64
SSR-1_PART-0_FILE-042_ATTR,float64
SSR-1_PART-0_FILE-043_ATTR,float64
SSR-1_PART-0_FILE-044_ATTR,float64
SSR-1_PART-0_FILE-045_ATTR,float64
SSR-1_PART-0_FILE-046_ATTR,float64
SSR-1_PART-0_FILE-047_ATTR,float64
SSR-1_PART-0_FILE-048_ATTR,float64
SSR-1_PART-0_FILE-049_ATTR,float64
SSR-1_PART-0_FILE-050_ATTR,float64
SSR-1_PART-0_FILE-051_ATTR,float64
SSR-1_PART-0_FILE-052_ATTR,float64
SSR-1_PART-0_FILE-053_ATTR,float64
SSR-1_PART-0_FILE-054_ATTR,float64
SSR-1_PART-0_FILE-055_ATTR,float64
SSR-1_PART-0_FILE-056_ATTR,float64
SSR-1_PART-0_FILE-057_ATTR,float64
SSR-1_PART-0_FILE-058_ATTR,float64
SSR-1_PART-0_FILE-059_ATTR,float64
SSR-1_PART-0_FILE-060_ATTR,float64
SSR-1_PART-0_FILE-061_ATTR,float64
SSR-1_PART-0_FILE-062_ATTR,float64
SSR-1_PART-0_FILE-063_ATTR,float64
SSR-1_PART-0_FILE-064_ATTR,float64
SSR-1_PART-0_FILE-065_ATTR,float64
SSR-1_PART-0_FILE-066_ATTR,float64
SSR-1_PART-0_FILE-067_ATTR,float64
SSR-1_PART-0_FILE-068_ATTR,float64
SSR-1_PART-0_FILE-069_ATTR,float64
SSR-1_PART-0_FILE-070_ATTR,float64
SSR-1_PART-0_FILE-071_ATTR,float64
SSR-1_PART-0_FILE-072_ATTR,float64
SSR-1_PART-0_FILE-073_ATTR,float64
SSR-1_PART-0_FILE-074_ATTR,float64
SSR-1_PART-0_FILE-075_ATTR,float64
SSR-1_PART-0_FILE-076_ATTR,float64
SSR-1_PART-0_FILE-077_ATTR,float64
SSR-1_PART-0_FILE-078_ATTR,float64
SSR-1_PART-0_FILE-079_ATTR,float64
SSR-1_PART-0_FILE-080_ATTR,float64
SSR-1_PART-0_FILE-081_ATTR,float64
SSR-1_PART-0_FILE-082_ATTR,float64
SSR-1_PART-0_FILE-083_ATTR,float64
SSR-1_PART-0_FILE-084_ATTR,float64
SSR-1_PART-0_FILE-085_ATTR,float64
SSR-1_PART-0_FILE-086_ATTR,float64
SSR-1_PART-0_FILE-087_ATTR,float64
SSR-1_PART-0_FILE-088_ATTR,float64
SSR-1_PART-0_FILE-089_ATTR,float64
SSR-1_PART-0_FILE-090_ATTR,float64
SSR-1_PART-0_FILE-091_ATTR,float64
SSR-1_PART-0_FILE-092_ATTR,float64
SSR-1_PART-0_FILE-093_ATTR,float64
SSR-1_PART-0_FILE-094_ATTR,float64
SSR-1_PART-0_FILE-095_ATTR,float64
SSR-1_PART-0_FILE-096_ATTR,float64
SSR-1_PART-0_FILE-097_ATTR,float64
SSR-1_PART-0_FILE-098_ATTR,float64
SSR-1_PART-0_FILE-099_ATTR,float64
SSR-1_PART-0_FILE-100_ATTR,float64
SSR-1_PART-0_FILE-101_ATTR,float64
SSR-1_PART-0_FILE-102_ATTR,float64
SSR-1_PART-0_FILE-103_ATTR,float64
SSR-1_PART-0_FILE-104_ATTR,float64
SSR-1_PART-0_FILE-105_ATTR,float64
SSR-1_PART-0_FILE-106_ATTR,float64
SSR-1_PART-0_FILE-107_ATTR,float64
SSR-1_PART-0_FILE-108_ATTR,float64
SSR-1_PART-0_FILE-109_ATTR,float64
SSR-1_PART-0_FILE-110_ATTR,float64
SSR-1_PART-0_FILE-111_ATTR,float64
SSR-1_PART-0_FILE-112_ATTR,float64
SSR-1_PART-0_FILE-113_ATTR,float64
SSR-1_PART-0_FILE-114_ATTR,float64
SSR-1_PART-0_FILE-115_ATTR,float64
SSR-1_PART-0_FILE-116_ATTR,float64
SSR-1_PART-0_FILE-117_ATTR,float64
SSR-1_PART-0_FILE-118_ATTR,float64
SSR-1_PART-0_FILE-119_ATTR,float64
SSR-1_PART-0_FILE-120_ATTR,float64
SSR-1_PART-0_FILE-121_ATTR,float64
SSR-1_PART-0_FILE-122_ATTR,float64
SSR-1_PART-0_FILE-123_ATTR,float64
SSR-1_PART-0_FILE-124_ATTR,float64
SSR-1_PART-0_FILE-125_ATTR,float64
SSR-1_PART-0_FILE-126_ATTR,float64
SSR-1_PART-0_FILE-127_ATTR,float64
SSR-1_PART-1_FILE-000_ATTR,str
SSR-1_PART-1_FILE-001_ATTR,float64
SSR-1_PART-1_FILE-002_ATTR,float64
SSR-1_PART-1_FILE-003_ATTR,float64
SSR-1_PART-1_FILE-004_ATTR,float64
SSR-1_PART-1_FILE-005_ATTR,float64
SSR-1_PART-1_FILE-006_ATTR,float64
SSR-1_PART-1_FILE-007_ATTR,float64
SSR-1_PART-1_FILE-008_ATTR,float64
SSR-1_PART-1_FILE-009_ATTR,float64
SSR-1_PART-1_FILE-010_ATTR,float64
SSR-1_PART-1_FILE-011_ATTR,float64
SSR-1_PART-1_FILE-012_ATTR,float64
SSR-1_PART-1_FILE-013_ATTR,float64
SSR-1_PART-1_FILE-014_ATTR,float64
SSR-1_PART-1_FILE-015_ATTR,float64
SSR-1_PART-1_FILE-016_ATTR,float64
SSR-1_PART-1_FILE-017_ATTR,float64
SSR-1_PART-1_FILE-018_ATTR,float64
SSR-1_PART-1_FILE-019_ATTR,float64
SSR-1_PART-1_FILE-020_ATTR,float64
SSR-1_PART-1_FILE-021_ATTR,float64
SSR-1_PART-1_FILE-022_ATTR,float64
SSR-1_PART-1_FILE-023_ATTR,float64
SSR-1_PART-1_FILE-024_ATTR,float64
SSR-1_PART-1_FILE-025_ATTR,float64
SSR-1_PART-1_FILE-026_ATTR,float64
SSR-1_PART-1_FILE-027_ATTR,float64
SSR-1_PART-1_FILE-028_ATTR,float64
SSR-1_PART-1_FILE-029_ATTR,float64
SSR-1_PART-1_FILE-030_ATTR,float64
SSR-1_PART-1_FILE-031_ATTR,float64
SSR-1_PART-1_FILE-032_ATTR,float64
SSR-1_PART-1_FILE-033_ATTR,float64
SSR-1_PART-1_FILE-034_ATTR,float64
SSR-1_PART-1_FILE-035_ATTR,float64
SSR-1_PART-1_FILE-036_ATTR,float64
SSR-1_PART-1_FILE-037_ATTR,float64
SSR-1_PART-1_FILE-038_ATTR,float64
SSR-1_PART-1_FILE-039_ATTR,float64
SSR-1_PART-1_FILE-040_ATTR,float64
SSR-1_PART-1_FILE-041_ATTR,float64
SSR-1_PART-1_FILE-042_ATTR,float64
SSR-1_PART-1_FILE-043_ATTR,float64
SSR-1_PART-1_FILE-044_ATTR,float64
SSR-1_PART-1_FILE-045_ATTR,float64
SSR-1_PART-1_FILE-046_ATTR,float64
SSR-1_PART-1_FILE-047_ATTR,float64
SSR-1_PART-1_FILE-048_ATTR,float64
SSR-1_PART-1_FILE-049_ATTR,float64
SSR-1_PART-1_FILE-050_ATTR,float64
SSR-1_PART-1_FILE-051_ATTR,float64
SSR-1_PART-1_FILE-052_ATTR,float64
SSR-1_PART-1_FILE-053_ATTR,float64
SSR-1_PART-1_FILE-054_ATTR,float64
SSR-1_PART-1_FILE-055_ATTR,float64
SSR-1_PART-1_FILE-056_ATTR,float64
SSR-1_PART-1_FILE-057_ATTR,float64
SSR-1_PART-1_FILE-058_ATTR,float64
SSR-1_PART-1_FILE-059_ATTR,float64
SSR-1_PART-1_FILE-060_ATTR,float64
SSR-1_PART-1_FILE-061_ATTR,float64
SSR-1_PART-1_FILE-062_ATTR,float64
SSR-1_PART-1_FILE-063_ATTR,float64
SSR-1_PART-1_FILE-064_ATTR,float64
SSR-1_PART-1_FILE-065_ATTR,float64
SSR-1_PART-1_FILE-066_ATTR,float64
SSR-1_PART-1_FILE-067_ATTR,float64
SSR-1_PART-1_FILE-068_ATTR,float64
SSR-1_PART-1_FILE-069_ATTR,float64
SSR-1_PART-1_FILE-070_ATTR,float64
SSR-1_PART-1_FILE-071_ATTR,float64
SSR-1_PART-1_FILE-072_ATTR,float64
SSR-1_PART-1_FILE-073_ATTR,float64
SSR-1_PART-1_FILE-074_ATTR,float64
SSR-1_PART-1_FILE-075_ATTR,float64
SSR-1_PART-1_FILE-076_ATTR,float64
SSR-1_PART-1_FILE-077_ATTR,float64
SSR-1_PART-1_FILE-078_ATTR,float64
SSR-1_PART-1_FILE-079_ATTR,float64
SSR-1_PART-1_FILE-080_ATTR,float64
SSR-1_PART-1_FILE-081_ATTR,float64
SSR-1_PART-1_FILE-082_ATTR,float64
SSR-1_PART-1_FILE-083_ATTR,float64
SSR-1_PART-1_FILE-084_ATTR,float64
SSR-1_PART-1_FILE-085_ATTR,float64
SSR-1_PART-1_FILE-086_ATTR,float64
SSR-1_PART-1_FILE-087_ATTR,float64
SSR-1_PART-1_FILE-088_ATTR,float64
SSR-1_PART-1_FILE-089_ATTR,float64
SSR-1_PART-1_FILE-090_ATTR,float64
SSR-1_PART-1_FILE-091_ATTR,float64
SSR-1_PART-1_FILE-092_ATTR,float64
SSR-1_PART-1_FILE-093_ATTR,float64
SSR-1_PART-1_FILE-094_ATTR,float64
SSR-1_PART-1_FILE-095_ATTR,float64
SSR-1_PART-1_FILE-096_ATTR,float64
SSR-1_PART-1_FILE-097_ATTR,float64
SSR-1_PART-1_FILE-098_ATTR,float64
SSR-1_PART-1_FILE-099_ATTR,float64
SSR-1_PART-1_FILE-100_ATTR,float64
SSR-1_PART-1_FILE-101_ATTR,float64
SSR-1_PART-1_FILE-102_ATTR,float64
SSR-1_PART-1_FILE-103_ATTR,float64
SSR-1_PART-1_FILE-104_ATTR,float64
SSR-1_PART-1_FILE-105_ATTR,float64
SSR-1_PART-1_FILE-106_ATTR,float64
SSR-1_PART-1_FILE-107_ATTR,float64
SSR-1_PART-1_FILE-108_ATTR,float64
SSR-1_PART-1_FILE-109_ATTR,float64
SSR-1_PART-1_FILE-110_ATTR,float64
SSR-1_PART-1_FILE-111_ATTR,float64
SSR-1_PART-1_FILE-112_ATTR,float64
SSR-1_PART-1_FILE-113_ATTR,float64
SSR-1_PART-1_FILE-114_ATTR,float64
SSR-1_PART-1_FILE-115_ATTR,float64
SSR-1_PART-1_FILE-116_ATTR,float64
SSR-1_PART-1_FILE-117_ATTR,float64
SSR-1_PART-1_FILE-118_ATTR,float64
SSR-1_PART-1_FILE-119_ATTR,float64
SSR-1_PART-1_FILE-120_ATTR,float64
SSR-1_PART-1_FILE-121_ATTR,float64
SSR-1_PART-1_FILE-122_ATTR,float64
SSR-1_PART-1_FILE-123_ATTR,float64
SSR-1_PART-1_FILE-124_ATTR,float64
SSR-1_PART-1_FILE-125_ATTR,float64
SSR-1_PART-1_FILE-126_ATTR,float64
SSR-1_PART-1_FILE-127_ATTR,float64
SSR-1_FREE_SB_AVBL_MEM1,float64
SSR-1_FREE_SB_AVBL_MEM0,float64
SSR-1_EEPROM_RD_STS,float64
SSR-1_WDT_STS_EEPROM,float64
SSR-1_SDRAM_EDAC_STS_EEPROM,float64
SSR-1_MMEDAC_STS_EEPROM,float64
SSR-1_POL1_STS_EEPROM,float64
SSR-1_POL0_STS_EEPROM,float64
SSR-1_FMBB_MEM1_POL1,float64
SSR-1_FMBB_MEM1_POL0,float64
SSR-1_FMBB_MEM0_POL1,float64
SSR-1_FMBB_MEM0_POL0,float64
SSR-1_MAINT_SYS_BUSY,float64
SSR-1_FMBB_CNT_MEM0_POL0,float64
SSR-1_FMBB_CNT_MEM0_POL1,float64
SSR-1_FMBB_CNT_MEM1_POL0,float64
SSR-1_FMBB_CNT_MEM1_POL1,float64
SSR-1_PN_PBK_INIT_MEM1,float64
SSR-1_PN_PBK_INIT_MEM0,float64
SSR-1_PN_REC_INIT_MEM1,float64
SSR-1_PN_REC_INIT_MEM0,float64
SSR-1_PN_PBK_PRG_MEM1,float64
SSR-1_PN_PBK_PRG_MEM0,float64
SSR-1_PN_REC_PRG_MEM1,float64
SSR-1_PN_REC_PRG_MEM0,float64
SSR-1_PN_REC_SIZE_MEM0,float64
SSR-1_PN_REC_SIZE_MEM1,float64
SSR-1_PN_PBK_SIZE_MEM0,float64
SSR-1_PN_PBK_SIZE_MEM1,float64
SSR-1_DB_CHKSUM_MSB,float64
SSR-1_DB_CHKSUM_LSB,float64
SSR-1_QEMPTY_MEM0,str
SSR-1_QEMPTY_MEM1,str
SSR-1_POL0_ON_STATUS,int64
SSR-1_POL1_ON_STATUS,int64
SSR-1_POL0_PW_GD,int64
SSR-1_POL1_PW_GD,int64
SSR-1_TOTAL_FMBB_CNT,float64
SSR-1_TOTAL_TEMPBB_CNT,float64
SSR-1_SS_FREESB_CNT_M0,float64
SSR-1_SS_FREESB_CNT_M1,float64
SSR-1_SS_ERASESB_CNT_M0,float64
SSR-1_SS_ERASESB_CNT_M1,float64
SSR-1_SYS_BUSY,str
SSR-1_EEPROM_RDSTS_1_2_COPY,float64
SSR-1_EEPROM_RDSTS_1_3_COPY,float64
SSR-1_EEPROM_RDSTS_2_3_COPY,float64
SSR-1_EEPROM_DATA_TYPE,float64
SSR-1_EEPROM_WRITE_STS,float64
SSR-1_SB_BANK_0,float64
SSR-1_SB_BANK_1,float64
SSR-1_SB_BANK_2,float64
SSR-1_SB_BANK_3,float64
SSR-1_TEMPBB_RECLAIM_PDNG,str
SSR-1_RD_SW_EEPROM_FMBB_PDNG,str
SSR-1_WR_SW_EEPROM_FMBB_PDNG,str
SSR-1_INIT_EEPROM_DB_PDNG,str
SSR-1_MEM_ERASE_PRG_MEM1,float64
SSR-1_MEM_ERASE_PRG_MEM0,float64
SSR-1_RS_ERR_CORR_MEM0_MAINT,float64
SSR-1_RS_ERR_CORR_MEM1_MAINT,float64
SSR-1_CHKSUM_BANK_0_STS,float64
SSR-1_CHKSUM_BANK_1_STS,float64
SSR-1_CHKSUM_BANK_2_STS,float64
SSR-1_CHKSUM_BANK_3_STS,float64
SSR-1_DB_SPI_READY_STS,float64
SSR-1_SDRAM_EDAC_OCC,int64
SSR-1_POL0_OVP_OCC,int64
SSR-1_POL1_OVP_OCC,int64
SSR-1_MEM0_MAX_ERASE_COUNT,float64
SSR-1_MEM1_MAX_ERASE_COUNT,float64
SSR-1_DB_BLK_MAX_ERSE_CNT,float64
SSR-1_MEMORY_VIEW,float64
SSR-1_MEM_VIEW_ADDRESS,float64
SSR-1_MEM_VIEW_DATA1,float64
SSR-1_MEM_VIEW_DATA2,float64
SSR-1_MEM_VIEW_DATA3,float64
SSR-1_DBSTR_PENDING,float64
SSR-1_DBRET_PENDING,float64
SSR-1_DBFETCH_PENDING,float64
SSR-1_DBCHECKSUM_VERIFY,float64
SSR-1_DB_BANKID,float64
SSR-1_DB_MASTERID,float64
SSR-1_DB_OFFSET_MSB,float64
SSR-1_DB_OFFSET_LSB,float64
SSR-1_SSTM_CH_ID,str
SSR-1_CMD_REJECTION_FLAG_I,str
SSR-1_CMD_REJECTION_FLAG_Q,float64
SSR-1_WDT_OCCR_CNTR,int64
SSR-1_ROLLING_FID,float64
SSR-1_SDRM_EDAC_STS,str
SSR-1_SB_SEARCH_PNDG_MEM0,object
SSR-1_SB_SEARCH_PNDG_MEM1,object
SSR-1_SET_FEATURE_STS_EEPROM,float64
SSR-1_SW_SCRUB_STS_EEPROM,float64
SSR-1_HW_SCRUB_STS_EEPROM,float64
SSR-1_NRT_DELAY_CONFIG,float64
SSR-1_PB_NEG_OFFSET,float64
SSR-1_PART0_BANK0_SET_FEAT_PRG,float64
SSR-1_PART0_BANK1_SET_FEAT_PRG,float64
SSR-1_PART1_BANK0_SET_FEAT_PRG,float64
SSR-1_PART1_BANK1_SET_FEAT_PRG,float64
SSR-1_PART0_BANK0_FLSH_RST_PRG,float64
SSR-1_PART0_BANK1_FLSH_RST_PRG,float64
SSR-1_PART1_BANK0_FLSH_RST_PRG,float64
SSR-1_PART1_BANK1_FLSH_RST_PRG,float64
SSR-1_PART0_REC_FID,float64
SSR-1_PART1_REC_FID,float64
SSR-1_PART0_REC_STS,float64
SSR-1_PART1_REC_STS,float64
SSR-1_PART0_REC_SIZE,float64
SSR-1_PART1_REC_SIZE,float64
SSR-1_PB_ENQUE_PTR,float64
SSR-1_PB_DEQUE_PTR,float64
SSR-1_PB_PARTITION_ID,float64
SSR-1_PART0_PB_STS,str
SSR-1_PART1_PB_STS,float64
SSR-1_PART0_PB_FID,int64
SSR-1_PART1_PB_FID,float64
SSR-1_PART0_VALID_PB_SIZE,int64
SSR-1_PART1_VALID_PB_SIZE,float64
SSR-1_PART0_RS_COR_ERR_OPRN,float64
SSR-1_PART1_RS_COR_ERR_OPRN,float64
SSR-1_PART0_REC_DF_IND,float64
SSR-1_PART1_REC_DF_IND,float64
SSR-1_PART0_PB_DF_IND,int64
SSR-1_PART1_PB_DF_IND,float64
SSR-1_PART0_ACC_PB_SIZE,int64
SSR-1_PART1_ACC_PB_SIZE,float64
SSR-1_SW_SCRUB_STS,float64
SSR-1_HW_SCRUB_STS,float64
SSR-1_HW_SCRUB_NOW,float64
SSR-1_SW_SCRUB_PTR,float64
SSR-1_PB_MODE_FTL,float64
SSR-1_SW_CYCLE_OCC_MAX_CNT,float64
SSR-1_SW_CYCLE_OVRFLW,float64
SSR-1_PB_FRAME_SZ_FTL,float64
SSR-1_MEM0_OP_LIMIT_VAL,float64
SSR-1_MEM1_OP_LIMIT_VAL,float64
SSR-1_SDRRAM_EDAC_CNTR,float64
SSR-1_MAIN_POS_3.3V,float64
SSR-1_MAIN_POS_5V,float64
SSR-1_REDT_POS_3.3V,float64
SSR-1_REDT_POS_5V,float64
SSR-1_PART-0_FILE-000_SIZE,int64
SSR-1_PART-0_FILE-001_SIZE,float64
SSR-1_PART-0_FILE-002_SIZE,float64
SSR-1_PART-0_FILE-003_SIZE,float64
SSR-1_PART-0_FILE-004_SIZE,float64
SSR-1_PART-0_FILE-005_SIZE,float64
SSR-1_PART-0_FILE-006_SIZE,float64
SSR-1_PART-0_FILE-007_SIZE,float64
SSR-1_PART-0_FILE-008_SIZE,float64
SSR-1_PART-0_FILE-009_SIZE,float64
SSR-1_PART-0_FILE-010_SIZE,float64
SSR-1_PART-0_FILE-011_SIZE,float64
SSR-1_PART-0_FILE-012_SIZE,float64
SSR-1_PART-0_FILE-013_SIZE,float64
SSR-1_PART-0_FILE-014_SIZE,float64
SSR-1_PART-0_FILE-015_SIZE,float64
SSR-1_PART-0_FILE-016_SIZE,float64
SSR-1_PART-0_FILE-017_SIZE,float64
SSR-1_PART-0_FILE-018_SIZE,float64
SSR-1_PART-0_FILE-019_SIZE,float64
SSR-1_PART-0_FILE-020_SIZE,float64
SSR-1_PART-0_FILE-021_SIZE,float64
SSR-1_PART-0_FILE-022_SIZE,float64
SSR-1_PART-0_FILE-023_SIZE,float64
SSR-1_PART-0_FILE-024_SIZE,float64
SSR-1_PART-0_FILE-025_SIZE,float64
SSR-1_PART-0_FILE-026_SIZE,float64
SSR-1_PART-0_FILE-027_SIZE,float64
SSR-1_PART-0_FILE-028_SIZE,float64
SSR-1_PART-0_FILE-029_SIZE,float64
SSR-1_PART-0_FILE-030_SIZE,float64
SSR-1_PART-0_FILE-031_SIZE,float64
SSR-1_PART-0_FILE-032_SIZE,float64
SSR-1_PART-0_FILE-033_SIZE,float64
SSR-1_PART-0_FILE-034_SIZE,float64
SSR-1_PART-0_FILE-035_SIZE,float64
SSR-1_PART-0_FILE-036_SIZE,float64
SSR-1_PART-0_FILE-037_SIZE,float64
SSR-1_PART-0_FILE-038_SIZE,float64
SSR-1_PART-0_FILE-039_SIZE,float64
SSR-1_PART-0_FILE-040_SIZE,float64
SSR-1_PART-0_FILE-041_SIZE,float64
SSR-1_PART-0_FILE-042_SIZE,float64
SSR-1_PART-0_FILE-043_SIZE,float64
SSR-1_PART-0_FILE-044_SIZE,float64
SSR-1_PART-0_FILE-045_SIZE,float64
SSR-1_PART-0_FILE-046_SIZE,float64
SSR-1_PART-0_FILE-047_SIZE,float64
SSR-1_PART-0_FILE-048_SIZE,float64
SSR-1_PART-0_FILE-049_SIZE,float64
SSR-1_PART-0_FILE-050_SIZE,float64
SSR-1_PART-0_FILE-051_SIZE,float64
SSR-1_PART-0_FILE-052_SIZE,float64
SSR-1_PART-0_FILE-053_SIZE,float64
SSR-1_PART-0_FILE-054_SIZE,float64
SSR-1_PART-0_FILE-055_SIZE,float64
SSR-1_PART-0_FILE-056_SIZE,float64
SSR-1_PART-0_FILE-057_SIZE,float64
SSR-1_PART-0_FILE-058_SIZE,float64
SSR-1_PART-0_FILE-059_SIZE,float64
SSR-1_PART-0_FILE-060_SIZE,float64
SSR-1_PART-0_FILE-061_SIZE,float64
SSR-1_PART-0_FILE-062_SIZE,float64
SSR-1_PART-0_FILE-063_SIZE,float64
SSR-1_PART-0_FILE-064_SIZE,float64
SSR-1_PART-0_FILE-065_SIZE,float64
SSR-1_PART-0_FILE-066_SIZE,float64
SSR-1_PART-0_FILE-067_SIZE,float64
SSR-1_PART-0_FILE-068_SIZE,float64
SSR-1_PART-0_FILE-069_SIZE,float64
SSR-1_PART-0_FILE-070_SIZE,float64
SSR-1_PART-0_FILE-071_SIZE,float64
SSR-1_PART-0_FILE-072_SIZE,float64
SSR-1_PART-0_FILE-073_SIZE,float64
SSR-1_PART-0_FILE-074_SIZE,float64
SSR-1_PART-0_FILE-075_SIZE,float64
SSR-1_PART-0_FILE-076_SIZE,float64
SSR-1_PART-0_FILE-077_SIZE,float64
SSR-1_PART-0_FILE-078_SIZE,float64
SSR-1_PART-0_FILE-079_SIZE,float64
SSR-1_PART-0_FILE-080_SIZE,float64
SSR-1_PART-0_FILE-081_SIZE,float64
SSR-1_PART-0_FILE-082_SIZE,float64
SSR-1_PART-0_FILE-083_SIZE,float64
SSR-1_PART-0_FILE-084_SIZE,float64
SSR-1_PART-0_FILE-085_SIZE,float64
SSR-1_PART-0_FILE-086_SIZE,float64
SSR-1_PART-0_FILE-087_SIZE,float64
SSR-1_PART-0_FILE-088_SIZE,float64
SSR-1_PART-0_FILE-089_SIZE,float64
SSR-1_PART-0_FILE-090_SIZE,float64
SSR-1_PART-0_FILE-091_SIZE,float64
SSR-1_PART-0_FILE-092_SIZE,float64
SSR-1_PART-0_FILE-093_SIZE,float64
SSR-1_PART-0_FILE-094_SIZE,float64
SSR-1_PART-0_FILE-095_SIZE,float64
SSR-1_PART-0_FILE-096_SIZE,float64
SSR-1_PART-0_FILE-097_SIZE,float64
SSR-1_PART-0_FILE-098_SIZE,float64
SSR-1_PART-0_FILE-099_SIZE,float64
SSR-1_PART-0_FILE-100_SIZE,float64
SSR-1_PART-0_FILE-101_SIZE,float64
SSR-1_PART-0_FILE-102_SIZE,float64
SSR-1_PART-0_FILE-103_SIZE,float64
SSR-1_PART-0_FILE-104_SIZE,float64
SSR-1_PART-0_FILE-105_SIZE,float64
SSR-1_PART-0_FILE-106_SIZE,float64
SSR-1_PART-0_FILE-107_SIZE,float64
SSR-1_PART-0_FILE-108_SIZE,float64
SSR-1_PART-0_FILE-109_SIZE,float64
SSR-1_PART-0_FILE-110_SIZE,float64
SSR-1_PART-0_FILE-111_SIZE,float64
SSR-1_PART-0_FILE-112_SIZE,float64
SSR-1_PART-0_FILE-113_SIZE,float64
SSR-1_PART-0_FILE-114_SIZE,float64
SSR-1_PART-0_FILE-115_SIZE,float64
SSR-1_PART-0_FILE-116_SIZE,float64
SSR-1_PART-0_FILE-117_SIZE,float64
SSR-1_PART-0_FILE-118_SIZE,float64
SSR-1_PART-0_FILE-119_SIZE,float64
SSR-1_PART-0_FILE-120_SIZE,float64
SSR-1_PART-0_FILE-121_SIZE,float64
SSR-1_PART-0_FILE-122_SIZE,float64
SSR-1_PART-0_FILE-123_SIZE,float64
SSR-1_PART-0_FILE-124_SIZE,float64
SSR-1_PART-0_FILE-125_SIZE,float64
SSR-1_PART-0_FILE-126_SIZE,float64
SSR-1_PART-0_FILE-127_SIZE,float64
SSR-1_PART-1_FILE-000_SIZE,int64
SSR-1_PART-1_FILE-001_SIZE,float64
SSR-1_PART-1_FILE-002_SIZE,float64
SSR-1_PART-1_FILE-003_SIZE,float64
SSR-1_PART-1_FILE-004_SIZE,float64
SSR-1_PART-1_FILE-005_SIZE,float64
SSR-1_PART-1_FILE-006_SIZE,float64
SSR-1_PART-1_FILE-007_SIZE,float64
SSR-1_PART-1_FILE-008_SIZE,float64
SSR-1_PART-1_FILE-009_SIZE,float64
SSR-1_PART-1_FILE-010_SIZE,float64
SSR-1_PART-1_FILE-011_SIZE,float64
SSR-1_PART-1_FILE-012_SIZE,float64
SSR-1_PART-1_FILE-013_SIZE,float64
SSR-1_PART-1_FILE-014_SIZE,float64
SSR-1_PART-1_FILE-015_SIZE,float64
SSR-1_PART-1_FILE-016_SIZE,float64
SSR-1_PART-1_FILE-017_SIZE,float64
SSR-1_PART-1_FILE-018_SIZE,float64
SSR-1_PART-1_FILE-019_SIZE,float64
SSR-1_PART-1_FILE-020_SIZE,float64
SSR-1_PART-1_FILE-021_SIZE,float64
SSR-1_PART-1_FILE-022_SIZE,float64
SSR-1_PART-1_FILE-023_SIZE,float64
SSR-1_PART-1_FILE-024_SIZE,float64
SSR-1_PART-1_FILE-025_SIZE,float64
SSR-1_PART-1_FILE-026_SIZE,float64
SSR-1_PART-1_FILE-027_SIZE,float64
SSR-1_PART-1_FILE-028_SIZE,float64
SSR-1_PART-1_FILE-029_SIZE,float64
SSR-1_PART-1_FILE-030_SIZE,float64
SSR-1_PART-1_FILE-031_SIZE,float64
SSR-1_PART-1_FILE-032_SIZE,float64
SSR-1_PART-1_FILE-033_SIZE,float64
SSR-1_PART-1_FILE-034_SIZE,float64
SSR-1_PART-1_FILE-035_SIZE,float64
SSR-1_PART-1_FILE-036_SIZE,float64
SSR-1_PART-1_FILE-037_SIZE,float64
SSR-1_PART-1_FILE-038_SIZE,float64
SSR-1_PART-1_FILE-039_SIZE,float64
SSR-1_PART-1_FILE-040_SIZE,float64
SSR-1_PART-1_FILE-041_SIZE,float64
SSR-1_PART-1_FILE-042_SIZE,float64
SSR-1_PART-1_FILE-043_SIZE,float64
SSR-1_PART-1_FILE-044_SIZE,float64
SSR-1_PART-1_FILE-045_SIZE,float64
SSR-1_PART-1_FILE-046_SIZE,float64
SSR-1_PART-1_FILE-047_SIZE,float64
SSR-1_PART-1_FILE-048_SIZE,float64
SSR-1_PART-1_FILE-049_SIZE,float64
SSR-1_PART-1_FILE-050_SIZE,float64
SSR-1_PART-1_FILE-051_SIZE,float64
SSR-1_PART-1_FILE-052_SIZE,float64
SSR-1_PART-1_FILE-053_SIZE,float64
SSR-1_PART-1_FILE-054_SIZE,float64
SSR-1_PART-1_FILE-055_SIZE,float64
SSR-1_PART-1_FILE-056_SIZE,float64
SSR-1_PART-1_FILE-057_SIZE,float64
SSR-1_PART-1_FILE-058_SIZE,float64
SSR-1_PART-1_FILE-059_SIZE,float64
SSR-1_PART-1_FILE-060_SIZE,float64
SSR-1_PART-1_FILE-061_SIZE,float64
SSR-1_PART-1_FILE-062_SIZE,float64
SSR-1_PART-1_FILE-063_SIZE,float64
SSR-1_PART-1_FILE-064_SIZE,float64
SSR-1_PART-1_FILE-065_SIZE,float64
SSR-1_PART-1_FILE-066_SIZE,float64
SSR-1_PART-1_FILE-067_SIZE,float64
SSR-1_PART-1_FILE-068_SIZE,float64
SSR-1_PART-1_FILE-069_SIZE,float64
SSR-1_PART-1_FILE-070_SIZE,float64
SSR-1_PART-1_FILE-071_SIZE,float64
SSR-1_PART-1_FILE-072_SIZE,float64
SSR-1_PART-1_FILE-073_SIZE,float64
SSR-1_PART-1_FILE-074_SIZE,float64
SSR-1_PART-1_FILE-075_SIZE,float64
SSR-1_PART-1_FILE-076_SIZE,float64
SSR-1_PART-1_FILE-077_SIZE,float64
SSR-1_PART-1_FILE-078_SIZE,float64
SSR-1_PART-1_FILE-079_SIZE,float64
SSR-1_PART-1_FILE-080_SIZE,float64
SSR-1_PART-1_FILE-081_SIZE,float64
SSR-1_PART-1_FILE-082_SIZE,float64
SSR-1_PART-1_FILE-083_SIZE,float64
SSR-1_PART-1_FILE-084_SIZE,float64
SSR-1_PART-1_FILE-085_SIZE,float64
SSR-1_PART-1_FILE-086_SIZE,float64
SSR-1_PART-1_FILE-087_SIZE,float64
SSR-1_PART-1_FILE-088_SIZE,float64
SSR-1_PART-1_FILE-089_SIZE,float64
SSR-1_PART-1_FILE-090_SIZE,float64
SSR-1_PART-1_FILE-091_SIZE,float64
SSR-1_PART-1_FILE-092_SIZE,float64
SSR-1_PART-1_FILE-093_SIZE,float64
SSR-1_PART-1_FILE-094_SIZE,float64
SSR-1_PART-1_FILE-095_SIZE,float64
SSR-1_PART-1_FILE-096_SIZE,float64
SSR-1_PART-1_FILE-097_SIZE,float64
SSR-1_PART-1_FILE-098_SIZE,float64
SSR-1_PART-1_FILE-099_SIZE,float64
SSR-1_PART-1_FILE-100_SIZE,float64
SSR-1_PART-1_FILE-101_SIZE,float64
SSR-1_PART-1_FILE-102_SIZE,float64
SSR-1_PART-1_FILE-103_SIZE,float64
SSR-1_PART-1_FILE-104_SIZE,float64
SSR-1_PART-1_FILE-105_SIZE,float64
SSR-1_PART-1_FILE-106_SIZE,float64
SSR-1_PART-1_FILE-107_SIZE,float64
SSR-1_PART-1_FILE-108_SIZE,float64
SSR-1_PART-1_FILE-109_SIZE,float64
SSR-1_PART-1_FILE-110_SIZE,float64
SSR-1_PART-1_FILE-111_SIZE,float64
SSR-1_PART-1_FILE-112_SIZE,float64
SSR-1_PART-1_FILE-113_SIZE,float64
SSR-1_PART-1_FILE-114_SIZE,float64
SSR-1_PART-1_FILE-115_SIZE,float64
SSR-1_PART-1_FILE-116_SIZE,float64
SSR-1_PART-1_FILE-117_SIZE,float64
SSR-1_PART-1_FILE-118_SIZE,float64
SSR-1_PART-1_FILE-119_SIZE,float64
SSR-1_PART-1_FILE-120_SIZE,float64
SSR-1_PART-1_FILE-121_SIZE,float64
SSR-1_PART-1_FILE-122_SIZE,float64
SSR-1_PART-1_FILE-123_SIZE,float64
SSR-1_PART-1_FILE-124_SIZE,float64
SSR-1_PART-1_FILE-125_SIZE,float64
SSR-1_PART-1_FILE-126_SIZE,float64
SSR-1_PART-1_FILE-127_SIZE,float64
SSR-1_WORD-00,float64
SSR-1_WORD-01,float64
SSR-1_WORD-02,int64
SSR-1_WORD-03,int64
SSR-1_WORD-04,int64
SSR-1_WORD-05,int64
SSR-1_WORD-06,int64
SSR-1_WORD-07,int64
SSR-1_WORD-08,int64
SSR-1_WORD-09,int64
SSR-1_WORD-10,int64
SSR-1_WORD-11,int64
SSR-1_WORD-12,int64
SSR-1_WORD-13,int64
SSR-1_WORD-14,int64
SSR-1_WORD-15,int64
SSR-1_WORD-16,int64
SSR-1_WORD-17,int64
SSR-2_PAGE_INDEX,str
SSR-2_TM_MODE,str
SSR-2_SYS_ID,str
SSR-2_ADMIN_ACCESS,float64
SSR-2_WDT_STS,str
SSR-2_WDT_OCRD_CNT,float64
SSR-2_LAST_DATA_CMD,float64
SSR-2_CMD_CNT,float64
SSR-2_CMD_REJECTION_CNT,float64
SSR-2_MODE_CHANGE_STS,float64
SSR-2_PAGE_MODE,str
SSR-2_MSG_ID_I,float64
SSR-2_MSG_ID_Q,float64
SSR-2_ROLING_PAGE_INDEX_NUM,float64
SSR-2_ROLING_PAGE_INDEX,str
SSR-2_MM_EDAC_STS,str
SSR-2_ADC_CH_ID,float64
SSR-2_ADC_CH-0_DATA,float64
SSR-2_ADC_CH-1_DATA,float64
SSR-2_ADC_CH-2_DATA,float64
SSR-2_ADC_CH-3_DATA,float64
SSR-2_ADC_CH-4_DATA,float64
SSR-2_ADC_CH-5_DATA,float64
SSR-2_ADC_CH-6_DATA,float64
SSR-2_ADC_CH-7_DATA,float64
SSR-2_TIME_SEC,float64
SSR-2_TIME_MIN,float64
SSR-2_TIME_HR,float64
SSR-2_TIME_DAYS,float64
SSR-2_TIME_YEAR,float64
SSR-2_SRAM_EDAC_SAT,float64
SSR-2_TM_MODE_PAGE_RAW,int64
SSR-2_PART-0_FILE-000_ATTR,float64
SSR-2_PART-0_FILE-001_ATTR,float64
SSR-2_PART-0_FILE-002_ATTR,float64
SSR-2_PART-0_FILE-003_ATTR,float64
SSR-2_PART-0_FILE-004_ATTR,float64
SSR-2_PART-0_FILE-005_ATTR,float64
SSR-2_PART-0_FILE-006_ATTR,float64
SSR-2_PART-0_FILE-007_ATTR,float64
SSR-2_PART-0_FILE-008_ATTR,float64
SSR-2_PART-0_FILE-009_ATTR,float64
SSR-2_PART-0_FILE-010_ATTR,float64
SSR-2_PART-0_FILE-011_ATTR,float64
SSR-2_PART-0_FILE-012_ATTR,float64
SSR-2_PART-0_FILE-013_ATTR,float64
SSR-2_PART-0_FILE-014_ATTR,float64
SSR-2_PART-0_FILE-015_ATTR,float64
SSR-2_PART-0_FILE-016_ATTR,float64
SSR-2_PART-0_FILE-017_ATTR,float64
SSR-2_PART-0_FILE-018_ATTR,float64
SSR-2_PART-0_FILE-019_ATTR,float64
SSR-2_PART-0_FILE-020_ATTR,float64
SSR-2_PART-0_FILE-021_ATTR,float64
SSR-2_PART-0_FILE-022_ATTR,float64
SSR-2_PART-0_FILE-023_ATTR,float64
SSR-2_PART-0_FILE-024_ATTR,float64
SSR-2_PART-0_FILE-025_ATTR,float64
SSR-2_PART-0_FILE-026_ATTR,float64
SSR-2_PART-0_FILE-027_ATTR,float64
SSR-2_PART-0_FILE-028_ATTR,float64
SSR-2_PART-0_FILE-029_ATTR,float64
SSR-2_PART-0_FILE-030_ATTR,float64
SSR-2_PART-0_FILE-031_ATTR,float64
SSR-2_PART-0_FILE-032_ATTR,float64
SSR-2_PART-0_FILE-033_ATTR,float64
SSR-2_PART-0_FILE-034_ATTR,float64
SSR-2_PART-0_FILE-035_ATTR,float64
SSR-2_PART-0_FILE-036_ATTR,float64
SSR-2_PART-0_FILE-037_ATTR,float64
SSR-2_PART-0_FILE-038_ATTR,float64
SSR-2_PART-0_FILE-039_ATTR,float64
SSR-2_PART-0_FILE-040_ATTR,float64
SSR-2_PART-0_FILE-041_ATTR,float64
SSR-2_PART-0_FILE-042_ATTR,float64
SSR-2_PART-0_FILE-043_ATTR,float64
SSR-2_PART-0_FILE-044_ATTR,float64
SSR-2_PART-0_FILE-045_ATTR,float64
SSR-2_PART-0_FILE-046_ATTR,float64
SSR-2_PART-0_FILE-047_ATTR,float64
SSR-2_PART-0_FILE-048_ATTR,float64
SSR-2_PART-0_FILE-049_ATTR,float64
SSR-2_PART-0_FILE-050_ATTR,float64
SSR-2_PART-0_FILE-051_ATTR,float64
SSR-2_PART-0_FILE-052_ATTR,float64
SSR-2_PART-0_FILE-053_ATTR,float64
SSR-2_PART-0_FILE-054_ATTR,float64
SSR-2_PART-0_FILE-055_ATTR,float64
SSR-2_PART-0_FILE-056_ATTR,float64
SSR-2_PART-0_FILE-057_ATTR,float64
SSR-2_PART-0_FILE-058_ATTR,float64
SSR-2_PART-0_FILE-059_ATTR,float64
SSR-2_PART-0_FILE-060_ATTR,float64
SSR-2_PART-0_FILE-061_ATTR,float64
SSR-2_PART-0_FILE-062_ATTR,float64
SSR-2_PART-0_FILE-063_ATTR,float64
SSR-2_PART-0_FILE-064_ATTR,float64
SSR-2_PART-0_FILE-065_ATTR,float64
SSR-2_PART-0_FILE-066_ATTR,float64
SSR-2_PART-0_FILE-067_ATTR,float64
SSR-2_PART-0_FILE-068_ATTR,float64
SSR-2_PART-0_FILE-069_ATTR,float64
SSR-2_PART-0_FILE-070_ATTR,float64
SSR-2_PART-0_FILE-071_ATTR,float64
SSR-2_PART-0_FILE-072_ATTR,float64
SSR-2_PART-0_FILE-073_ATTR,float64
SSR-2_PART-0_FILE-074_ATTR,float64
SSR-2_PART-0_FILE-075_ATTR,float64
SSR-2_PART-0_FILE-076_ATTR,float64
SSR-2_PART-0_FILE-077_ATTR,float64
SSR-2_PART-0_FILE-078_ATTR,float64
SSR-2_PART-0_FILE-079_ATTR,float64
SSR-2_PART-0_FILE-080_ATTR,float64
SSR-2_PART-0_FILE-081_ATTR,float64
SSR-2_PART-0_FILE-082_ATTR,float64
SSR-2_PART-0_FILE-083_ATTR,float64
SSR-2_PART-0_FILE-084_ATTR,float64
SSR-2_PART-0_FILE-085_ATTR,float64
SSR-2_PART-0_FILE-086_ATTR,float64
SSR-2_PART-0_FILE-087_ATTR,float64
SSR-2_PART-0_FILE-088_ATTR,float64
SSR-2_PART-0_FILE-089_ATTR,float64
SSR-2_PART-0_FILE-090_ATTR,float64
SSR-2_PART-0_FILE-091_ATTR,float64
SSR-2_PART-0_FILE-092_ATTR,float64
SSR-2_PART-0_FILE-093_ATTR,float64
SSR-2_PART-0_FILE-094_ATTR,float64
SSR-2_PART-0_FILE-095_ATTR,float64
SSR-2_PART-0_FILE-096_ATTR,float64
SSR-2_PART-0_FILE-097_ATTR,float64
SSR-2_PART-0_FILE-098_ATTR,float64
SSR-2_PART-0_FILE-099_ATTR,float64
SSR-2_PART-0_FILE-100_ATTR,float64
SSR-2_PART-0_FILE-101_ATTR,float64
SSR-2_PART-0_FILE-102_ATTR,float64
SSR-2_PART-0_FILE-103_ATTR,float64
SSR-2_PART-0_FILE-104_ATTR,float64
SSR-2_PART-0_FILE-105_ATTR,float64
SSR-2_PART-0_FILE-106_ATTR,float64
SSR-2_PART-0_FILE-107_ATTR,float64
SSR-2_PART-0_FILE-108_ATTR,float64
SSR-2_PART-0_FILE-109_ATTR,float64
SSR-2_PART-0_FILE-110_ATTR,float64
SSR-2_PART-0_FILE-111_ATTR,float64
SSR-2_PART-0_FILE-112_ATTR,float64
SSR-2_PART-0_FILE-113_ATTR,float64
SSR-2_PART-0_FILE-114_ATTR,float64
SSR-2_PART-0_FILE-115_ATTR,float64
SSR-2_PART-0_FILE-116_ATTR,float64
SSR-2_PART-0_FILE-117_ATTR,float64
SSR-2_PART-0_FILE-118_ATTR,float64
SSR-2_PART-0_FILE-119_ATTR,float64
SSR-2_PART-0_FILE-120_ATTR,float64
SSR-2_PART-0_FILE-121_ATTR,float64
SSR-2_PART-0_FILE-122_ATTR,float64
SSR-2_PART-0_FILE-123_ATTR,float64
SSR-2_PART-0_FILE-124_ATTR,float64
SSR-2_PART-0_FILE-125_ATTR,float64
SSR-2_PART-0_FILE-126_ATTR,float64
SSR-2_PART-0_FILE-127_ATTR,float64
SSR-2_PART-1_FILE-000_ATTR,float64
SSR-2_PART-1_FILE-001_ATTR,float64
SSR-2_PART-1_FILE-002_ATTR,float64
SSR-2_PART-1_FILE-003_ATTR,float64
SSR-2_PART-1_FILE-004_ATTR,float64
SSR-2_PART-1_FILE-005_ATTR,float64
SSR-2_PART-1_FILE-006_ATTR,float64
SSR-2_PART-1_FILE-007_ATTR,float64
SSR-2_PART-1_FILE-008_ATTR,float64
SSR-2_PART-1_FILE-009_ATTR,float64
SSR-2_PART-1_FILE-010_ATTR,float64
SSR-2_PART-1_FILE-011_ATTR,float64
SSR-2_PART-1_FILE-012_ATTR,float64
SSR-2_PART-1_FILE-013_ATTR,float64
SSR-2_PART-1_FILE-014_ATTR,float64
SSR-2_PART-1_FILE-015_ATTR,float64
SSR-2_PART-1_FILE-016_ATTR,float64
SSR-2_PART-1_FILE-017_ATTR,float64
SSR-2_PART-1_FILE-018_ATTR,float64
SSR-2_PART-1_FILE-019_ATTR,float64
SSR-2_PART-1_FILE-020_ATTR,float64
SSR-2_PART-1_FILE-021_ATTR,float64
SSR-2_PART-1_FILE-022_ATTR,float64
SSR-2_PART-1_FILE-023_ATTR,float64
SSR-2_PART-1_FILE-024_ATTR,float64
SSR-2_PART-1_FILE-025_ATTR,float64
SSR-2_PART-1_FILE-026_ATTR,float64
SSR-2_PART-1_FILE-027_ATTR,float64
SSR-2_PART-1_FILE-028_ATTR,float64
SSR-2_PART-1_FILE-029_ATTR,float64
SSR-2_PART-1_FILE-030_ATTR,float64
SSR-2_PART-1_FILE-031_ATTR,float64
SSR-2_PART-1_FILE-032_ATTR,float64
SSR-2_PART-1_FILE-033_ATTR,float64
SSR-2_PART-1_FILE-034_ATTR,float64
SSR-2_PART-1_FILE-035_ATTR,float64
SSR-2_PART-1_FILE-036_ATTR,float64
SSR-2_PART-1_FILE-037_ATTR,float64
SSR-2_PART-1_FILE-038_ATTR,float64
SSR-2_PART-1_FILE-039_ATTR,float64
SSR-2_PART-1_FILE-040_ATTR,float64
SSR-2_PART-1_FILE-041_ATTR,float64
SSR-2_PART-1_FILE-042_ATTR,float64
SSR-2_PART-1_FILE-043_ATTR,float64
SSR-2_PART-1_FILE-044_ATTR,float64
SSR-2_PART-1_FILE-045_ATTR,float64
SSR-2_PART-1_FILE-046_ATTR,float64
SSR-2_PART-1_FILE-047_ATTR,float64
SSR-2_PART-1_FILE-048_ATTR,float64
SSR-2_PART-1_FILE-049_ATTR,float64
SSR-2_PART-1_FILE-050_ATTR,float64
SSR-2_PART-1_FILE-051_ATTR,float64
SSR-2_PART-1_FILE-052_ATTR,float64
SSR-2_PART-1_FILE-053_ATTR,float64
SSR-2_PART-1_FILE-054_ATTR,float64
SSR-2_PART-1_FILE-055_ATTR,float64
SSR-2_PART-1_FILE-056_ATTR,float64
SSR-2_PART-1_FILE-057_ATTR,float64
SSR-2_PART-1_FILE-058_ATTR,float64
SSR-2_PART-1_FILE-059_ATTR,float64
SSR-2_PART-1_FILE-060_ATTR,float64
SSR-2_PART-1_FILE-061_ATTR,float64
SSR-2_PART-1_FILE-062_ATTR,float64
SSR-2_PART-1_FILE-063_ATTR,float64
SSR-2_PART-1_FILE-064_ATTR,float64
SSR-2_PART-1_FILE-065_ATTR,float64
SSR-2_PART-1_FILE-066_ATTR,float64
SSR-2_PART-1_FILE-067_ATTR,float64
SSR-2_PART-1_FILE-068_ATTR,float64
SSR-2_PART-1_FILE-069_ATTR,float64
SSR-2_PART-1_FILE-070_ATTR,float64
SSR-2_PART-1_FILE-071_ATTR,float64
SSR-2_PART-1_FILE-072_ATTR,float64
SSR-2_PART-1_FILE-073_ATTR,float64
SSR-2_PART-1_FILE-074_ATTR,float64
SSR-2_PART-1_FILE-075_ATTR,float64
SSR-2_PART-1_FILE-076_ATTR,float64
SSR-2_PART-1_FILE-077_ATTR,float64
SSR-2_PART-1_FILE-078_ATTR,float64
SSR-2_PART-1_FILE-079_ATTR,float64
SSR-2_PART-1_FILE-080_ATTR,float64
SSR-2_PART-1_FILE-081_ATTR,float64
SSR-2_PART-1_FILE-082_ATTR,float64
SSR-2_PART-1_FILE-083_ATTR,float64
SSR-2_PART-1_FILE-084_ATTR,float64
SSR-2_PART-1_FILE-085_ATTR,float64
SSR-2_PART-1_FILE-086_ATTR,float64
SSR-2_PART-1_FILE-087_ATTR,float64
SSR-2_PART-1_FILE-088_ATTR,float64
SSR-2_PART-1_FILE-089_ATTR,float64
SSR-2_PART-1_FILE-090_ATTR,float64
SSR-2_PART-1_FILE-091_ATTR,float64
SSR-2_PART-1_FILE-092_ATTR,float64
SSR-2_PART-1_FILE-093_ATTR,float64
SSR-2_PART-1_FILE-094_ATTR,float64
SSR-2_PART-1_FILE-095_ATTR,float64
SSR-2_PART-1_FILE-096_ATTR,float64
SSR-2_PART-1_FILE-097_ATTR,float64
SSR-2_PART-1_FILE-098_ATTR,float64
SSR-2_PART-1_FILE-099_ATTR,float64
SSR-2_PART-1_FILE-100_ATTR,float64
SSR-2_PART-1_FILE-101_ATTR,float64
SSR-2_PART-1_FILE-102_ATTR,float64
SSR-2_PART-1_FILE-103_ATTR,float64
SSR-2_PART-1_FILE-104_ATTR,float64
SSR-2_PART-1_FILE-105_ATTR,float64
SSR-2_PART-1_FILE-106_ATTR,float64
SSR-2_PART-1_FILE-107_ATTR,float64
SSR-2_PART-1_FILE-108_ATTR,float64
SSR-2_PART-1_FILE-109_ATTR,float64
SSR-2_PART-1_FILE-110_ATTR,float64
SSR-2_PART-1_FILE-111_ATTR,float64
SSR-2_PART-1_FILE-112_ATTR,float64
SSR-2_PART-1_FILE-113_ATTR,float64
SSR-2_PART-1_FILE-114_ATTR,float64
SSR-2_PART-1_FILE-115_ATTR,float64
SSR-2_PART-1_FILE-116_ATTR,float64
SSR-2_PART-1_FILE-117_ATTR,float64
SSR-2_PART-1_FILE-118_ATTR,float64
SSR-2_PART-1_FILE-119_ATTR,float64
SSR-2_PART-1_FILE-120_ATTR,float64
SSR-2_PART-1_FILE-121_ATTR,float64
SSR-2_PART-1_FILE-122_ATTR,float64
SSR-2_PART-1_FILE-123_ATTR,float64
SSR-2_PART-1_FILE-124_ATTR,float64
SSR-2_PART-1_FILE-125_ATTR,float64
SSR-2_PART-1_FILE-126_ATTR,float64
SSR-2_PART-1_FILE-127_ATTR,float64
SSR-2_FREE_SB_AVBL_MEM1,float64
SSR-2_FREE_SB_AVBL_MEM0,float64
SSR-2_EEPROM_RD_STS,float64
SSR-2_WDT_STS_EEPROM,float64
SSR-2_SDRAM_EDAC_STS_EEPROM,float64
SSR-2_MMEDAC_STS_EEPROM,float64
SSR-2_POL1_STS_EEPROM,float64
SSR-2_POL0_STS_EEPROM,float64
SSR-2_FMBB_MEM1_POL1,float64
SSR-2_FMBB_MEM1_POL0,float64
SSR-2_FMBB_MEM0_POL1,float64
SSR-2_FMBB_MEM0_POL0,float64
SSR-2_MAINT_SYS_BUSY,float64
SSR-2_FMBB_CNT_MEM0_POL0,float64
SSR-2_FMBB_CNT_MEM0_POL1,float64
SSR-2_FMBB_CNT_MEM1_POL0,float64
SSR-2_FMBB_CNT_MEM1_POL1,float64
SSR-2_PN_PBK_INIT_MEM1,float64
SSR-2_PN_PBK_INIT_MEM0,float64
SSR-2_PN_REC_INIT_MEM1,float64
SSR-2_PN_REC_INIT_MEM0,float64
SSR-2_PN_PBK_PRG_MEM1,float64
SSR-2_PN_PBK_PRG_MEM0,float64
SSR-2_PN_REC_PRG_MEM1,float64
SSR-2_PN_REC_PRG_MEM0,float64
SSR-2_PN_REC_SIZE_MEM0,float64
SSR-2_PN_REC_SIZE_MEM1,float64
SSR-2_PN_PBK_SIZE_MEM0,float64
SSR-2_PN_PBK_SIZE_MEM1,float64
SSR-2_DB_CHKSUM_MSB,float64
SSR-2_DB_CHKSUM_LSB,float64
SSR-2_QEMPTY_MEM0,str
SSR-2_QEMPTY_MEM1,str
SSR-2_POL0_ON_STATUS,float64
SSR-2_POL1_ON_STATUS,float64
SSR-2_POL0_PW_GD,float64
SSR-2_POL1_PW_GD,float64
SSR-2_TOTAL_FMBB_CNT,float64
SSR-2_TOTAL_TEMPBB_CNT,float64
SSR-2_SS_FREESB_CNT_M0,float64
SSR-2_SS_FREESB_CNT_M1,float64
SSR-2_SS_ERASESB_CNT_M0,float64
SSR-2_SS_ERASESB_CNT_M1,float64
SSR-2_SYS_BUSY,str
SSR-2_EEPROM_RDSTS_1_2_COPY,float64
SSR-2_EEPROM_RDSTS_1_3_COPY,float64
SSR-2_EEPROM_RDSTS_2_3_COPY,float64
SSR-2_EEPROM_DATA_TYPE,float64
SSR-2_EEPROM_WRITE_STS,float64
SSR-2_SB_BANK_0,float64
SSR-2_SB_BANK_1,float64
SSR-2_SB_BANK_2,float64
SSR-2_SB_BANK_3,float64
SSR-2_TEMPBB_RECLAIM_PDNG,str
SSR-2_RD_SW_EEPROM_FMBB_PDNG,str
SSR-2_WR_SW_EEPROM_FMBB_PDNG,str
SSR-2_INIT_EEPROM_DB_PDNG,str
SSR-2_MEM_ERASE_PRG_MEM1,float64
SSR-2_MEM_ERASE_PRG_MEM0,float64
SSR-2_RS_ERR_CORR_MEM0_MAINT,float64
SSR-2_RS_ERR_CORR_MEM1_MAINT,float64
SSR-2_CHKSUM_BANK_0_STS,float64
SSR-2_CHKSUM_BANK_1_STS,float64
SSR-2_CHKSUM_BANK_2_STS,float64
SSR-2_CHKSUM_BANK_3_STS,float64
SSR-2_DB_SPI_READY_STS,float64
SSR-2_SDRAM_EDAC_OCC,float64
SSR-2_POL0_OVP_OCC,float64
SSR-2_POL1_OVP_OCC,float64
SSR-2_MEM0_MAX_ERASE_COUNT,float64
SSR-2_MEM1_MAX_ERASE_COUNT,float64
SSR-2_DB_BLK_MAX_ERSE_CNT,float64
SSR-2_MEMORY_VIEW,float64
SSR-2_MEM_VIEW_ADDRESS,float64
SSR-2_MEM_VIEW_DATA1,float64
SSR-2_MEM_VIEW_DATA2,float64
SSR-2_MEM_VIEW_DATA3,float64
SSR-2_DBSTR_PENDING,float64
SSR-2_DBRET_PENDING,float64
SSR-2_DBFETCH_PENDING,float64
SSR-2_DBCHECKSUM_VERIFY,float64
SSR-2_DB_BANKID,float64
SSR-2_DB_MASTERID,float64
SSR-2_DB_OFFSET_MSB,float64
SSR-2_DB_OFFSET_LSB,float64
SSR-2_SSTM_CH_ID,str
SSR-2_CMD_REJECTION_FLAG_I,str
SSR-2_CMD_REJECTION_FLAG_Q,float64
SSR-2_WDT_OCCR_CNTR,float64
SSR-2_ROLLING_FID,float64
SSR-2_SDRM_EDAC_STS,str
SSR-2_SB_SEARCH_PNDG_MEM0,str
SSR-2_SB_SEARCH_PNDG_MEM1,str
SSR-2_SET_FEATURE_STS_EEPROM,float64
SSR-2_SW_SCRUB_STS_EEPROM,float64
SSR-2_HW_SCRUB_STS_EEPROM,float64
SSR-2_NRT_DELAY_CONFIG,float64
SSR-2_PB_NEG_OFFSET,float64
SSR-2_PART0_BANK0_SET_FEAT_PRG,int64
SSR-2_PART0_BANK1_SET_FEAT_PRG,int64
SSR-2_PART1_BANK0_SET_FEAT_PRG,int64
SSR-2_PART1_BANK1_SET_FEAT_PRG,int64
SSR-2_PART0_BANK0_FLSH_RST_PRG,int64
SSR-2_PART0_BANK1_FLSH_RST_PRG,int64
SSR-2_PART1_BANK0_FLSH_RST_PRG,int64
SSR-2_PART1_BANK1_FLSH_RST_PRG,int64
SSR-2_PART0_REC_FID,float64
SSR-2_PART1_REC_FID,float64
SSR-2_PART0_REC_STS,float64
SSR-2_PART1_REC_STS,float64
SSR-2_PART0_REC_SIZE,float64
SSR-2_PART1_REC_SIZE,float64
SSR-2_PB_ENQUE_PTR,float64
SSR-2_PB_DEQUE_PTR,float64
SSR-2_PB_PARTITION_ID,float64
SSR-2_PART0_PB_STS,str
SSR-2_PART1_PB_STS,float64
SSR-2_PART0_PB_FID,int64
SSR-2_PART1_PB_FID,float64
SSR-2_PART0_VALID_PB_SIZE,int64
SSR-2_PART1_VALID_PB_SIZE,float64
SSR-2_PART0_RS_COR_ERR_OPRN,float64
SSR-2_PART1_RS_COR_ERR_OPRN,float64
SSR-2_PART0_REC_DF_IND,float64
SSR-2_PART1_REC_DF_IND,float64
SSR-2_PART0_PB_DF_IND,float64
SSR-2_PART1_PB_DF_IND,float64
SSR-2_PART0_ACC_PB_SIZE,float64
SSR-2_PART1_ACC_PB_SIZE,float64
SSR-2_SW_SCRUB_STS,float64
SSR-2_HW_SCRUB_STS,float64
SSR-2_HW_SCRUB_NOW,float64
SSR-2_SW_SCRUB_PTR,float64
SSR-2_PB_MODE_FTL,float64
SSR-2_SW_CYCLE_OCC_MAX_CNT,float64
SSR-2_SW_CYCLE_OVRFLW,float64
SSR-2_PB_FRAME_SZ_FTL,float64
SSR-2_MEM0_OP_LIMIT_VAL,float64
SSR-2_MEM1_OP_LIMIT_VAL,float64
SSR-2_SDRRAM_EDAC_CNTR,float64
SSR-2_MAIN_POS_3.3V,float64
SSR-2_MAIN_POS_5V,float64
SSR-2_REDT_POS_3.3V,float64
SSR-2_REDT_POS_5V,float64
SSR-2_PART-0_FILE-000_SIZE,float64
SSR-2_PART-0_FILE-001_SIZE,float64
SSR-2_PART-0_FILE-002_SIZE,float64
SSR-2_PART-0_FILE-003_SIZE,float64
SSR-2_PART-0_FILE-004_SIZE,float64
SSR-2_PART-0_FILE-005_SIZE,float64
SSR-2_PART-0_FILE-006_SIZE,float64
SSR-2_PART-0_FILE-007_SIZE,float64
SSR-2_PART-0_FILE-008_SIZE,float64
SSR-2_PART-0_FILE-009_SIZE,float64
SSR-2_PART-0_FILE-010_SIZE,float64
SSR-2_PART-0_FILE-011_SIZE,float64
SSR-2_PART-0_FILE-012_SIZE,float64
SSR-2_PART-0_FILE-013_SIZE,float64
SSR-2_PART-0_FILE-014_SIZE,float64
SSR-2_PART-0_FILE-015_SIZE,float64
SSR-2_PART-0_FILE-016_SIZE,float64
SSR-2_PART-0_FILE-017_SIZE,float64
SSR-2_PART-0_FILE-018_SIZE,float64
SSR-2_PART-0_FILE-019_SIZE,float64
SSR-2_PART-0_FILE-020_SIZE,float64
SSR-2_PART-0_FILE-021_SIZE,float64
SSR-2_PART-0_FILE-022_SIZE,float64
SSR-2_PART-0_FILE-023_SIZE,float64
SSR-2_PART-0_FILE-024_SIZE,float64
SSR-2_PART-0_FILE-025_SIZE,float64
SSR-2_PART-0_FILE-026_SIZE,float64
SSR-2_PART-0_FILE-027_SIZE,float64
SSR-2_PART-0_FILE-028_SIZE,float64
SSR-2_PART-0_FILE-029_SIZE,float64
SSR-2_PART-0_FILE-030_SIZE,float64
SSR-2_PART-0_FILE-031_SIZE,float64
SSR-2_PART-0_FILE-032_SIZE,float64
SSR-2_PART-0_FILE-033_SIZE,float64
SSR-2_PART-0_FILE-034_SIZE,float64
SSR-2_PART-0_FILE-035_SIZE,float64
SSR-2_PART-0_FILE-036_SIZE,float64
SSR-2_PART-0_FILE-037_SIZE,float64
SSR-2_PART-0_FILE-038_SIZE,float64
SSR-2_PART-0_FILE-039_SIZE,float64
SSR-2_PART-0_FILE-040_SIZE,float64
SSR-2_PART-0_FILE-041_SIZE,float64
SSR-2_PART-0_FILE-042_SIZE,float64
SSR-2_PART-0_FILE-043_SIZE,float64
SSR-2_PART-0_FILE-044_SIZE,float64
SSR-2_PART-0_FILE-045_SIZE,float64
SSR-2_PART-0_FILE-046_SIZE,float64
SSR-2_PART-0_FILE-047_SIZE,float64
SSR-2_PART-0_FILE-048_SIZE,float64
SSR-2_PART-0_FILE-049_SIZE,float64
SSR-2_PART-0_FILE-050_SIZE,float64
SSR-2_PART-0_FILE-051_SIZE,float64
SSR-2_PART-0_FILE-052_SIZE,float64
SSR-2_PART-0_FILE-053_SIZE,float64
SSR-2_PART-0_FILE-054_SIZE,float64
SSR-2_PART-0_FILE-055_SIZE,float64
SSR-2_PART-0_FILE-056_SIZE,float64
SSR-2_PART-0_FILE-057_SIZE,float64
SSR-2_PART-0_FILE-058_SIZE,float64
SSR-2_PART-0_FILE-059_SIZE,float64
SSR-2_PART-0_FILE-060_SIZE,float64
SSR-2_PART-0_FILE-061_SIZE,float64
SSR-2_PART-0_FILE-062_SIZE,float64
SSR-2_PART-0_FILE-063_SIZE,float64
SSR-2_PART-0_FILE-064_SIZE,float64
SSR-2_PART-0_FILE-065_SIZE,float64
SSR-2_PART-0_FILE-066_SIZE,float64
SSR-2_PART-0_FILE-067_SIZE,float64
SSR-2_PART-0_FILE-068_SIZE,float64
SSR-2_PART-0_FILE-069_SIZE,float64
SSR-2_PART-0_FILE-070_SIZE,float64
SSR-2_PART-0_FILE-071_SIZE,float64
SSR-2_PART-0_FILE-072_SIZE,float64
SSR-2_PART-0_FILE-073_SIZE,float64
SSR-2_PART-0_FILE-074_SIZE,float64
SSR-2_PART-0_FILE-075_SIZE,float64
SSR-2_PART-0_FILE-076_SIZE,float64
SSR-2_PART-0_FILE-077_SIZE,float64
SSR-2_PART-0_FILE-078_SIZE,float64
SSR-2_PART-0_FILE-079_SIZE,float64
SSR-2_PART-0_FILE-080_SIZE,float64
SSR-2_PART-0_FILE-081_SIZE,float64
SSR-2_PART-0_FILE-082_SIZE,float64
SSR-2_PART-0_FILE-083_SIZE,float64
SSR-2_PART-0_FILE-084_SIZE,float64
SSR-2_PART-0_FILE-085_SIZE,float64
SSR-2_PART-0_FILE-086_SIZE,float64
SSR-2_PART-0_FILE-087_SIZE,float64
SSR-2_PART-0_FILE-088_SIZE,float64
SSR-2_PART-0_FILE-089_SIZE,float64
SSR-2_PART-0_FILE-090_SIZE,float64
SSR-2_PART-0_FILE-091_SIZE,float64
SSR-2_PART-0_FILE-092_SIZE,float64
SSR-2_PART-0_FILE-093_SIZE,float64
SSR-2_PART-0_FILE-094_SIZE,float64
SSR-2_PART-0_FILE-095_SIZE,float64
SSR-2_PART-0_FILE-096_SIZE,float64
SSR-2_PART-0_FILE-097_SIZE,float64
SSR-2_PART-0_FILE-098_SIZE,float64
SSR-2_PART-0_FILE-099_SIZE,float64
SSR-2_PART-0_FILE-100_SIZE,float64
SSR-2_PART-0_FILE-101_SIZE,float64
SSR-2_PART-0_FILE-102_SIZE,float64
SSR-2_PART-0_FILE-103_SIZE,float64
SSR-2_PART-0_FILE-104_SIZE,float64
SSR-2_PART-0_FILE-105_SIZE,float64
SSR-2_PART-0_FILE-106_SIZE,float64
SSR-2_PART-0_FILE-107_SIZE,float64
SSR-2_PART-0_FILE-108_SIZE,float64
SSR-2_PART-0_FILE-109_SIZE,float64
SSR-2_PART-0_FILE-110_SIZE,float64
SSR-2_PART-0_FILE-111_SIZE,float64
SSR-2_PART-0_FILE-112_SIZE,float64
SSR-2_PART-0_FILE-113_SIZE,float64
SSR-2_PART-0_FILE-114_SIZE,float64
SSR-2_PART-0_FILE-115_SIZE,float64
SSR-2_PART-0_FILE-116_SIZE,float64
SSR-2_PART-0_FILE-117_SIZE,float64
SSR-2_PART-0_FILE-118_SIZE,float64
SSR-2_PART-0_FILE-119_SIZE,float64
SSR-2_PART-0_FILE-120_SIZE,float64
SSR-2_PART-0_FILE-121_SIZE,float64
SSR-2_PART-0_FILE-122_SIZE,float64
SSR-2_PART-0_FILE-123_SIZE,float64
SSR-2_PART-0_FILE-124_SIZE,float64
SSR-2_PART-0_FILE-125_SIZE,float64
SSR-2_PART-0_FILE-126_SIZE,float64
SSR-2_PART-0_FILE-127_SIZE,float64
SSR-2_PART-1_FILE-000_SIZE,float64
SSR-2_PART-1_FILE-001_SIZE,float64
SSR-2_PART-1_FILE-002_SIZE,float64
SSR-2_PART-1_FILE-003_SIZE,float64
SSR-2_PART-1_FILE-004_SIZE,float64
SSR-2_PART-1_FILE-005_SIZE,float64
SSR-2_PART-1_FILE-006_SIZE,float64
SSR-2_PART-1_FILE-007_SIZE,float64
SSR-2_PART-1_FILE-008_SIZE,float64
SSR-2_PART-1_FILE-009_SIZE,float64
SSR-2_PART-1_FILE-010_SIZE,float64
SSR-2_PART-1_FILE-011_SIZE,float64
SSR-2_PART-1_FILE-012_SIZE,float64
SSR-2_PART-1_FILE-013_SIZE,float64
SSR-2_PART-1_FILE-014_SIZE,float64
SSR-2_PART-1_FILE-015_SIZE,float64
SSR-2_PART-1_FILE-016_SIZE,float64
SSR-2_PART-1_FILE-017_SIZE,float64
SSR-2_PART-1_FILE-018_SIZE,float64
SSR-2_PART-1_FILE-019_SIZE,float64
SSR-2_PART-1_FILE-020_SIZE,float64
SSR-2_PART-1_FILE-021_SIZE,float64
SSR-2_PART-1_FILE-022_SIZE,float64
SSR-2_PART-1_FILE-023_SIZE,float64
SSR-2_PART-1_FILE-024_SIZE,float64
SSR-2_PART-1_FILE-025_SIZE,float64
SSR-2_PART-1_FILE-026_SIZE,float64
SSR-2_PART-1_FILE-027_SIZE,float64
SSR-2_PART-1_FILE-028_SIZE,float64
SSR-2_PART-1_FILE-029_SIZE,float64
SSR-2_PART-1_FILE-030_SIZE,float64
SSR-2_PART-1_FILE-031_SIZE,float64
SSR-2_PART-1_FILE-032_SIZE,float64
SSR-2_PART-1_FILE-033_SIZE,float64
SSR-2_PART-1_FILE-034_SIZE,float64
SSR-2_PART-1_FILE-035_SIZE,float64
SSR-2_PART-1_FILE-036_SIZE,float64
SSR-2_PART-1_FILE-037_SIZE,float64
SSR-2_PART-1_FILE-038_SIZE,float64
SSR-2_PART-1_FILE-039_SIZE,float64
SSR-2_PART-1_FILE-040_SIZE,float64
SSR-2_PART-1_FILE-041_SIZE,float64
SSR-2_PART-1_FILE-042_SIZE,float64
SSR-2_PART-1_FILE-043_SIZE,float64
SSR-2_PART-1_FILE-044_SIZE,float64
SSR-2_PART-1_FILE-045_SIZE,float64
SSR-2_PART-1_FILE-046_SIZE,float64
SSR-2_PART-1_FILE-047_SIZE,float64
SSR-2_PART-1_FILE-048_SIZE,float64
SSR-2_PART-1_FILE-049_SIZE,float64
SSR-2_PART-1_FILE-050_SIZE,float64
SSR-2_PART-1_FILE-051_SIZE,float64
SSR-2_PART-1_FILE-052_SIZE,float64
SSR-2_PART-1_FILE-053_SIZE,float64
SSR-2_PART-1_FILE-054_SIZE,float64
SSR-2_PART-1_FILE-055_SIZE,float64
SSR-2_PART-1_FILE-056_SIZE,float64
SSR-2_PART-1_FILE-057_SIZE,float64
SSR-2_PART-1_FILE-058_SIZE,float64
SSR-2_PART-1_FILE-059_SIZE,float64
SSR-2_PART-1_FILE-060_SIZE,float64
SSR-2_PART-1_FILE-061_SIZE,float64
SSR-2_PART-1_FILE-062_SIZE,float64
SSR-2_PART-1_FILE-063_SIZE,float64
SSR-2_PART-1_FILE-064_SIZE,float64
SSR-2_PART-1_FILE-065_SIZE,float64
SSR-2_PART-1_FILE-066_SIZE,float64
SSR-2_PART-1_FILE-067_SIZE,float64
SSR-2_PART-1_FILE-068_SIZE,float64
SSR-2_PART-1_FILE-069_SIZE,float64
SSR-2_PART-1_FILE-070_SIZE,float64
SSR-2_PART-1_FILE-071_SIZE,float64
SSR-2_PART-1_FILE-072_SIZE,float64
SSR-2_PART-1_FILE-073_SIZE,float64
SSR-2_PART-1_FILE-074_SIZE,float64
SSR-2_PART-1_FILE-075_SIZE,float64
SSR-2_PART-1_FILE-076_SIZE,float64
SSR-2_PART-1_FILE-077_SIZE,float64
SSR-2_PART-1_FILE-078_SIZE,float64
SSR-2_PART-1_FILE-079_SIZE,float64
SSR-2_PART-1_FILE-080_SIZE,float64
SSR-2_PART-1_FILE-081_SIZE,float64
SSR-2_PART-1_FILE-082_SIZE,float64
SSR-2_PART-1_FILE-083_SIZE,float64
SSR-2_PART-1_FILE-084_SIZE,float64
SSR-2_PART-1_FILE-085_SIZE,float64
SSR-2_PART-1_FILE-086_SIZE,float64
SSR-2_PART-1_FILE-087_SIZE,float64
SSR-2_PART-1_FILE-088_SIZE,float64
SSR-2_PART-1_FILE-089_SIZE,float64
SSR-2_PART-1_FILE-090_SIZE,float64
SSR-2_PART-1_FILE-091_SIZE,float64
SSR-2_PART-1_FILE-092_SIZE,float64
SSR-2_PART-1_FILE-093_SIZE,float64
SSR-2_PART-1_FILE-094_SIZE,float64
SSR-2_PART-1_FILE-095_SIZE,float64
SSR-2_PART-1_FILE-096_SIZE,float64
SSR-2_PART-1_FILE-097_SIZE,float64
SSR-2_PART-1_FILE-098_SIZE,float64
SSR-2_PART-1_FILE-099_SIZE,float64
SSR-2_PART-1_FILE-100_SIZE,float64
SSR-2_PART-1_FILE-101_SIZE,float64
SSR-2_PART-1_FILE-102_SIZE,float64
SSR-2_PART-1_FILE-103_SIZE,float64
SSR-2_PART-1_FILE-104_SIZE,float64
SSR-2_PART-1_FILE-105_SIZE,float64
SSR-2_PART-1_FILE-106_SIZE,float64
SSR-2_PART-1_FILE-107_SIZE,float64
SSR-2_PART-1_FILE-108_SIZE,float64
SSR-2_PART-1_FILE-109_SIZE,float64
SSR-2_PART-1_FILE-110_SIZE,float64
SSR-2_PART-1_FILE-111_SIZE,float64
SSR-2_PART-1_FILE-112_SIZE,float64
SSR-2_PART-1_FILE-113_SIZE,float64
SSR-2_PART-1_FILE-114_SIZE,float64
SSR-2_PART-1_FILE-115_SIZE,float64
SSR-2_PART-1_FILE-116_SIZE,float64
SSR-2_PART-1_FILE-117_SIZE,float64
SSR-2_PART-1_FILE-118_SIZE,float64
SSR-2_PART-1_FILE-119_SIZE,float64
SSR-2_PART-1_FILE-120_SIZE,float64
SSR-2_PART-1_FILE-121_SIZE,float64
SSR-2_PART-1_FILE-122_SIZE,float64
SSR-2_PART-1_FILE-123_SIZE,float64
SSR-2_PART-1_FILE-124_SIZE,float64
SSR-2_PART-1_FILE-125_SIZE,float64
SSR-2_PART-1_FILE-126_SIZE,float64
SSR-2_PART-1_FILE-127_SIZE,float64
SSR-2_WORD-00,int64
SSR-2_WORD-01,int64
SSR-2_WORD-02,int64
SSR-2_WORD-03,int64
SSR-2_WORD-04,float64
SSR-2_WORD-05,float64
SSR-2_WORD-06,float64
SSR-2_WORD-07,float64
SSR-2_WORD-08,float64
SSR-2_WORD-09,float64
SSR-2_WORD-10,float64
SSR-2_WORD-11,float64
SSR-2_WORD-12,float64
SSR-2_WORD-13,float64
SSR-2_WORD-14,float64
SSR-2_WORD-15,float64
SSR-2_WORD-16,float64
SSR-2_WORD-17,float64
SSR-1_WORD-00_PG-00,float64
SSR-1_WORD-01_PG-00,float64
SSR-1_WORD-02_PG-00,float64
SSR-1_WORD-03_PG-00,float64
SSR-1_WORD-04_PG-00,float64
SSR-1_WORD-05_PG-00,float64
SSR-1_WORD-06_PG-00,float64
SSR-1_WORD-07_PG-00,float64
SSR-1_WORD-08_PG-00,float64
SSR-1_WORD-09_PG-00,float64
SSR-1_WORD-00_PG-01,float64
SSR-1_WORD-01_PG-01,float64
SSR-1_WORD-02_PG-01,float64
SSR-1_WORD-03_PG-01,float64
SSR-1_WORD-04_PG-01,float64
SSR-1_WORD-05_PG-01,float64
SSR-1_WORD-06_PG-01,float64
SSR-1_WORD-07_PG-01,float64
SSR-1_WORD-08_PG-01,float64
SSR-1_WORD-09_PG-01,float64
SSR-2_WORD-00_PG-00,int64
SSR-2_WORD-01_PG-00,int64
SSR-2_WORD-02_PG-00,int64
SSR-2_WORD-03_PG-00,int64
SSR-2_WORD-04_PG-00,float64
SSR-2_WORD-05_PG-00,float64
SSR-2_WORD-06_PG-00,float64
SSR-2_WORD-07_PG-00,float64
SSR-2_WORD-08_PG-00,float64
SSR-2_WORD-09_PG-00,float64
SSR-2_WORD-00_PG-01,float64
SSR-2_WORD-01_PG-01,float64
SSR-2_WORD-02_PG-01,float64
SSR-2_WORD-03_PG-01,float64
SSR-2_WORD-04_PG-01,float64
SSR-2_WORD-05_PG-01,float64
SSR-2_WORD-06_PG-01,float64
SSR-2_WORD-07_PG-01,float64
SSR-2_WORD-08_PG-01,float64
SSR-2_WORD-09_PG-01,float64
SSR-1_WORD-10_SSTM_PG-00,int64
SSR-1_WORD-11_SSTM_PG-00,int64
SSR-1_WORD-12_SSTM_PG-00,int64
SSR-1_WORD-13_SSTM_PG-00,int64
SSR-1_WORD-14_SSTM_PG-00,int64
SSR-1_WORD-15_SSTM_PG-00,int64
SSR-1_WORD-16_SSTM_PG-00,int64
SSR-1_WORD-17_SSTM_PG-00,int64
SSR-1_WORD-10_SSTM_PG-01,float64
SSR-1_WORD-11_SSTM_PG-01,float64
SSR-1_WORD-12_SSTM_PG-01,float64
SSR-1_WORD-13_SSTM_PG-01,float64
SSR-1_WORD-14_SSTM_PG-01,float64
SSR-1_WORD-15_SSTM_PG-01,float64
SSR-1_WORD-16_SSTM_PG-01,float64
SSR-1_WORD-17_SSTM_PG-01,float64
SSR-1_WORD-10_SSTM_PG-02,float64
SSR-1_WORD-11_SSTM_PG-02,float64
SSR-1_WORD-12_SSTM_PG-02,float64
SSR-1_WORD-13_SSTM_PG-02,float64
SSR-1_WORD-14_SSTM_PG-02,float64
SSR-1_WORD-15_SSTM_PG-02,float64
SSR-1_WORD-16_SSTM_PG-02,float64
SSR-1_WORD-17_SSTM_PG-02,float64
SSR-1_WORD-10_SSTM_PG-03,float64
SSR-1_WORD-11_SSTM_PG-03,float64
SSR-1_WORD-12_SSTM_PG-03,float64
SSR-1_WORD-13_SSTM_PG-03,float64
SSR-1_WORD-14_SSTM_PG-03,float64
SSR-1_WORD-15_SSTM_PG-03,float64
SSR-1_WORD-16_SSTM_PG-03,float64
SSR-1_WORD-17_SSTM_PG-03,float64
SSR-1_WORD-10_SSTM_PG-04,float64
SSR-1_WORD-11_SSTM_PG-04,float64
SSR-1_WORD-12_SSTM_PG-04,float64
SSR-1_WORD-13_SSTM_PG-04,float64
SSR-1_WORD-14_SSTM_PG-04,float64
SSR-1_WORD-15_SSTM_PG-04,float64
SSR-1_WORD-16_SSTM_PG-04,float64
SSR-1_WORD-17_SSTM_PG-04,float64
SSR-1_WORD-10_SSTM_PG-05,float64
SSR-1_WORD-11_SSTM_PG-05,float64
SSR-1_WORD-12_SSTM_PG-05,float64
SSR-1_WORD-13_SSTM_PG-05,float64
SSR-1_WORD-14_SSTM_PG-05,float64
SSR-1_WORD-15_SSTM_PG-05,float64
SSR-1_WORD-16_SSTM_PG-05,float64
SSR-1_WORD-17_SSTM_PG-05,float64
SSR-1_WORD-10_SSTM_PG-06,float64
SSR-1_WORD-11_SSTM_PG-06,float64
SSR-1_WORD-12_SSTM_PG-06,float64
SSR-1_WORD-13_SSTM_PG-06,float64
SSR-1_WORD-14_SSTM_PG-06,float64
SSR-1_WORD-15_SSTM_PG-06,float64
SSR-1_WORD-16_SSTM_PG-06,float64
SSR-1_WORD-17_SSTM_PG-06,float64
SSR-1_WORD-10_SSTM_PG-10,float64
SSR-1_WORD-11_SSTM_PG-10,float64
SSR-1_WORD-12_SSTM_PG-10,float64
SSR-1_WORD-13_SSTM_PG-10,float64
SSR-1_WORD-14_SSTM_PG-10,float64
SSR-1_WORD-15_SSTM_PG-10,float64
SSR-1_WORD-16_SSTM_PG-10,float64
SSR-1_WORD-17_SSTM_PG-10,float64
SSR-1_WORD-10_SSTM_PG-11,float64
SSR-1_WORD-11_SSTM_PG-11,float64
SSR-1_WORD-12_SSTM_PG-11,float64
SSR-1_WORD-13_SSTM_PG-11,float64
SSR-1_WORD-14_SSTM_PG-11,float64
SSR-1_WORD-15_SSTM_PG-11,float64
SSR-1_WORD-16_SSTM_PG-11,float64
SSR-1_WORD-17_SSTM_PG-11,float64
SSR-1_WORD-10_SSTM_PG-12,float64
SSR-1_WORD-11_SSTM_PG-12,float64
SSR-1_WORD-12_SSTM_PG-12,float64
SSR-1_WORD-13_SSTM_PG-12,float64
SSR-1_WORD-14_SSTM_PG-12,float64
SSR-1_WORD-15_SSTM_PG-12,float64
SSR-1_WORD-16_SSTM_PG-12,float64
SSR-1_WORD-17_SSTM_PG-12,float64
SSR-1_WORD-10_SSTM_PG-13,float64
SSR-1_WORD-11_SSTM_PG-13,float64
SSR-1_WORD-12_SSTM_PG-13,float64
SSR-1_WORD-13_SSTM_PG-13,float64
SSR-1_WORD-14_SSTM_PG-13,float64
SSR-1_WORD-15_SSTM_PG-13,float64
SSR-1_WORD-16_SSTM_PG-13,float64
SSR-1_WORD-17_SSTM_PG-13,float64
SSR-1_WORD-10_SSTM_PG-14,float64
SSR-1_WORD-11_SSTM_PG-14,float64
SSR-1_WORD-12_SSTM_PG-14,float64
SSR-1_WORD-13_SSTM_PG-14,float64
SSR-1_WORD-14_SSTM_PG-14,float64
SSR-1_WORD-15_SSTM_PG-14,float64
SSR-1_WORD-16_SSTM_PG-14,float64
SSR-1_WORD-17_SSTM_PG-14,float64
SSR-1_WORD-10_SSTM_PG-15,float64
SSR-1_WORD-11_SSTM_PG-15,float64
SSR-1_WORD-12_SSTM_PG-15,float64
SSR-1_WORD-13_SSTM_PG-15,float64
SSR-1_WORD-14_SSTM_PG-15,float64
SSR-1_WORD-15_SSTM_PG-15,float64
SSR-1_WORD-16_SSTM_PG-15,float64
SSR-1_WORD-17_SSTM_PG-15,float64
SSR-2_WORD-10_SSTM_PG-00,float64
SSR-2_WORD-11_SSTM_PG-00,float64
SSR-2_WORD-12_SSTM_PG-00,float64
SSR-2_WORD-13_SSTM_PG-00,float64
SSR-2_WORD-14_SSTM_PG-00,float64
SSR-2_WORD-15_SSTM_PG-00,float64
SSR-2_WORD-16_SSTM_PG-00,float64
SSR-2_WORD-17_SSTM_PG-00,float64
SSR-2_WORD-10_SSTM_PG-01,float64
SSR-2_WORD-11_SSTM_PG-01,float64
SSR-2_WORD-12_SSTM_PG-01,float64
SSR-2_WORD-13_SSTM_PG-01,float64
SSR-2_WORD-14_SSTM_PG-01,float64
SSR-2_WORD-15_SSTM_PG-01,float64
SSR-2_WORD-16_SSTM_PG-01,float64
SSR-2_WORD-17_SSTM_PG-01,float64
SSR-2_WORD-10_SSTM_PG-02,float64
SSR-2_WORD-11_SSTM_PG-02,float64
SSR-2_WORD-12_SSTM_PG-02,float64
SSR-2_WORD-13_SSTM_PG-02,float64
SSR-2_WORD-14_SSTM_PG-02,float64
SSR-2_WORD-15_SSTM_PG-02,float64
SSR-2_WORD-16_SSTM_PG-02,float64
SSR-2_WORD-17_SSTM_PG-02,float64
SSR-2_WORD-10_SSTM_PG-03,float64
SSR-2_WORD-11_SSTM_PG-03,float64
SSR-2_WORD-12_SSTM_PG-03,float64
SSR-2_WORD-13_SSTM_PG-03,float64
SSR-2_WORD-14_SSTM_PG-03,float64
SSR-2_WORD-15_SSTM_PG-03,float64
SSR-2_WORD-16_SSTM_PG-03,float64
SSR-2_WORD-17_SSTM_PG-03,float64
SSR-2_WORD-10_SSTM_PG-04,float64
SSR-2_WORD-11_SSTM_PG-04,float64
SSR-2_WORD-12_SSTM_PG-04,float64
SSR-2_WORD-13_SSTM_PG-04,float64
SSR-2_WORD-14_SSTM_PG-04,float64
SSR-2_WORD-15_SSTM_PG-04,float64
SSR-2_WORD-16_SSTM_PG-04,float64
SSR-2_WORD-17_SSTM_PG-04,float64
SSR-2_WORD-10_SSTM_PG-05,float64
SSR-2_WORD-11_SSTM_PG-05,float64
SSR-2_WORD-12_SSTM_PG-05,float64
SSR-2_WORD-13_SSTM_PG-05,float64
SSR-2_WORD-14_SSTM_PG-05,float64
SSR-2_WORD-15_SSTM_PG-05,float64
SSR-2_WORD-16_SSTM_PG-05,float64
SSR-2_WORD-17_SSTM_PG-05,float64
SSR-2_WORD-10_SSTM_PG-06,float64
SSR-2_WORD-11_SSTM_PG-06,float64
SSR-2_WORD-12_SSTM_PG-06,float64
SSR-2_WORD-13_SSTM_PG-06,float64
SSR-2_WORD-14_SSTM_PG-06,float64
SSR-2_WORD-15_SSTM_PG-06,float64
SSR-2_WORD-16_SSTM_PG-06,float64
SSR-2_WORD-17_SSTM_PG-06,float64
SSR-2_WORD-10_SSTM_PG-10,float64
SSR-2_WORD-11_SSTM_PG-10,float64
SSR-2_WORD-12_SSTM_PG-10,float64
SSR-2_WORD-13_SSTM_PG-10,float64
SSR-2_WORD-14_SSTM_PG-10,float64
SSR-2_WORD-15_SSTM_PG-10,float64
SSR-2_WORD-16_SSTM_PG-10,float64
SSR-2_WORD-17_SSTM_PG-10,float64
SSR-2_WORD-10_SSTM_PG-11,float64
SSR-2_WORD-11_SSTM_PG-11,float64
SSR-2_WORD-12_SSTM_PG-11,float64
SSR-2_WORD-13_SSTM_PG-11,float64
SSR-2_WORD-14_SSTM_PG-11,float64
SSR-2_WORD-15_SSTM_PG-11,float64
SSR-2_WORD-16_SSTM_PG-11,float64
SSR-2_WORD-17_SSTM_PG-11,float64
SSR-2_WORD-10_SSTM_PG-12,float64
SSR-2_WORD-11_SSTM_PG-12,float64
SSR-2_WORD-12_SSTM_PG-12,float64
SSR-2_WORD-13_SSTM_PG-12,float64
SSR-2_WORD-14_SSTM_PG-12,float64
SSR-2_WORD-15_SSTM_PG-12,float64
SSR-2_WORD-16_SSTM_PG-12,float64
SSR-2_WORD-17_SSTM_PG-12,float64
SSR-2_WORD-10_SSTM_PG-13,float64
SSR-2_WORD-11_SSTM_PG-13,float64
SSR-2_WORD-12_SSTM_PG-13,float64
SSR-2_WORD-13_SSTM_PG-13,float64
SSR-2_WORD-14_SSTM_PG-13,float64
SSR-2_WORD-15_SSTM_PG-13,float64
SSR-2_WORD-16_SSTM_PG-13,float64
SSR-2_WORD-17_SSTM_PG-13,float64
SSR-2_WORD-10_SSTM_PG-14,float64
SSR-2_WORD-11_SSTM_PG-14,float64
SSR-2_WORD-12_SSTM_PG-14,float64
SSR-2_WORD-13_SSTM_PG-14,float64
SSR-2_WORD-14_SSTM_PG-14,float64
SSR-2_WORD-15_SSTM_PG-14,float64
SSR-2_WORD-16_SSTM_PG-14,float64
SSR-2_WORD-17_SSTM_PG-14,float64
SSR-2_WORD-10_SSTM_PG-15,float64
SSR-2_WORD-11_SSTM_PG-15,float64
SSR-2_WORD-12_SSTM_PG-15,float64
SSR-2_WORD-13_SSTM_PG-15,float64
SSR-2_WORD-14_SSTM_PG-15,float64
SSR-2_WORD-15_SSTM_PG-15,float64
SSR-2_WORD-16_SSTM_PG-15,float64
SSR-2_WORD-17_SSTM_PG-15,float64
FDIR_RESULT_BUS-1_REDT,float64
FDIR_RESULT_BUS-1_MAIN,float64
FDIR_RESULT_BUS-2_REDT,float64
FDIR_RESULT_BUS-2_MAIN,float64
FDIR_RESULT_BUS-3_REDT,float64
FDIR_RESULT_BUS-3_MAIN,float64
FDIR_RESULT_BUS-4_REDT,float64
FDIR_RESULT_BUS-4_MAIN,float64
FDIR_RESULT_BUS-5_REDT,float64
FDIR_RESULT_BUS-5_MAIN,float64
OCM_EOM-3_PLC_H28-M_STS,str
OCM_MOTOR_PLC_H18-M_STS,str
OCM_FECE_ROW-5_PLC_H17-M_STS,str
OCM_TH_COV-8_PLC_H16-M_STS,str
OCM_TH_COV-7_PLC_H15-M_STS,str
OCM_FECE_ROW-3_PLC_H14-M_STS,str
OCM_CCD-11-12-13_PLC_H13-M_STS,str
OCM_TH_COV-6_PLC_H12-M_STS,str
OCM_FECE_ROW-2&4_PLC_H11-M_STS,str
OCM_FECE_ROW-1_PLC_H10-M_STS,str
OCM_CCD-9-10_PLC_H9-M_STS,str
OCM_TH_COV-2_PLC_H8-M_STS,str
OCM_EOM-2_PLC_H7-M_STS,str
OCM_EOM-1_PLC_H6-M_STS,str
OCM_CCD-6-7-8_PLC_H5-M_STS,str
OCM_TH_COV-4_PLC_H4-M_STS,str
OCM_TH_COV-1_PLC_H3-M_STS,str
OCM_CCD-4-5_PLC_H2-M_STS,str
OCM_CCD-1-2-3_PLC_H1-M_STS,str
OCM_EOM-3_PLC_H28-R_STS,str
OCM_MOTOR_PLC_H18-R_STS,str
OCM_FECE_ROW-5_PLC_H17-R_STS,str
OCM_TH_COV-8_PLC_H16-R_STS,str
OCM_TH_COV-7_PLC_H15-R_STS,str
OCM_FECE_ROW-3_PLC_H14-R_STS,str
OCM_CCD-11-12-13_PLC_H13-R_STS,str
OCM_TH_COV-6_PLC_H12-R_STS,str
OCM_FECE_ROW-2&4_PLC_H11-R_STS,str
OCM_FECE_ROW-1_PLC_H10-R_STS,str
OCM_CCD-9-10_PLC_H9-R_STS,str
OCM_TH_COV-2_PLC_H8-R_STS,str
OCM_EOM-2_PLC_H7-R_STS,str
OCM_EOM-1_PLC_H6-R_STS,str
OCM_CCD-6-7-8_PLC_H5-R_STS,str
OCM_TH_COV-4_PLC_H4-R_STS,str
OCM_TH_COV-1_PLC_H3-R_STS,str
OCM_CCD-4-5_PLC_H2-R_STS,str
OCM_CCD-1-2-3_PLC_H1-R_STS,str
GRC-RAW_BUS-1-DTM,str
GRC-RAW_BUS-2-DTM,str
GRC-RAW_BUS-3-DTM,str
GRC-RAW_BUS-4-DTM,str
OCM_OPS-01_SEL-DESEL_STS,str
OCM_OPS-02_SEL-DESEL_STS,str
OCM_OPS-03_SEL-DESEL_STS,str
OCM_OPS-04_SEL-DESEL_STS,str
OCM_OPS-05_SEL-DESEL_STS,str
OCM_OPS-06_SEL-DESEL_STS,str
OCM_OPS-07_SEL-DESEL_STS,str
OCM_OPS-08_SEL-DESEL_STS,str
OCM_OPS-09_SEL-DESEL_STS,str
OCM_OPS-10_SEL-DESEL_STS,str
OCM_OPS-11_SEL-DESEL_STS,str
OCM_OPS-12_SEL-DESEL_STS,str
OCM_OPS-13_SEL-DESEL_STS,str
OCM_DCPS-01_SEL-DESEL_STS,str
OCM_DCPS-02_SEL-DESEL_STS,str
OCM_DCPS-03_SEL-DESEL_STS,str
OCM_DCPS-04_SEL-DESEL_STS,str
OCM_OPS-01_ON-OFF_STS,str
OCM_OPS-02_ON-OFF_STS,str
OCM_OPS-03_ON-OFF_STS,str
OCM_OPS-04_ON-OFF_STS,str
OCM_OPS-05_ON-OFF_STS,str
OCM_OPS-06_ON-OFF_STS,str
OCM_OPS-07_ON-OFF_STS,str
OCM_OPS-08_ON-OFF_STS,str
OCM_OPS-09_ON-OFF_STS,str
OCM_OPS-10_ON-OFF_STS,str
OCM_OPS-11_ON-OFF_STS,str
OCM_OPS-12_ON-OFF_STS,str
OCM_OPS-13_ON-OFF_STS,str
OCM_DCPS-01_ON-OFF_STS,str
OCM_DCPS-02_ON-OFF_STS,str
OCM_DCPS-03_ON-OFF_STS,str
OCM_DCPS-04_ON-OFF_STS,str
DTM1_MSB_TO_DTM16_LSB,float64
DTM17_MSB_TO_DTM32_LSB,float64
DTM33_MSB_TO_DTM48_LSB,float64
DTM49_MSB_TO_DTM64_LSB,float64
DTM65_MSB_TO_DTM80_LSB,float64
PLC_REDT_FDI_BUS-0_NODE-A,str
PLC_REDT_FDI_BUS-0_NODE-9,str
PLC_REDT_FDI_BUS-0_NODE-1,str
PLC_REDT_FDI_BUS-0_NODE-2,str
PLC_REDT_FDI_BUS-0_NODE-5,str
PLC_REDT_FDI_BUS-0_NODE-6,str
PLC_MAIN_FDI_BUS-0_NODE-A,str
PLC_MAIN_FDI_BUS-0_NODE-9,str
PLC_MAIN_FDI_BUS-0_NODE-1,str
PLC_MAIN_FDI_BUS-0_NODE-2,str
PLC_MAIN_FDI_BUS-0_NODE-5,str
PLC_MAIN_FDI_BUS-0_NODE-6,str
PLC_PRESENT_STS,str
PLC_FDIR_LOGIC_STS,str
PLC_WDT_STS,str
PLC_SEL,str
PLC_HEART_BIT_CNTR,float64
PLC_INVALID_CMD_CNTR,float64
PLC_VALID_CMD_CNTR,float64
PLC_PROG_CHKSUM,float64
PLC_SPS_SYNC_STS,float64
PLC_SPS_SYNC_TIME_MSB,float64
PLC_SPS_SYNC_TIME_LSB,float64
PLC_BUS-5_M/R_FLG,str
PLC_BUS-4_M/R_FLG,str
PLC_BUS-3_M/R_FLG,str
PLC_BUS-2_M/R_FLG,str
PLC_BUS-1_M/R_FLG,str
PLC_BUS-0_M/R_FLG,str
PLC_BUS-0_REDT_STS,str
PLC_BUS-1_REDT_STS,str
PLC_BUS-2_REDT_STS,str
PLC_BUS-3_REDT_STS,str
PLC_BUS-4_REDT_STS,str
PLC_BUS-5_REDT_STS,str
PLC_BUS-0_MAIN_STS,str
PLC_BUS-1_MAIN_STS,str
PLC_BUS-2_MAIN_STS,str
PLC_BUS-3_MAIN_STS,str
PLC_BUS-4_MAIN_STS,str
PLC_BUS-5_MAIN_STS,str
S/C_POS-X_ORB_MODEL,float64
S/C_POS-Y_ORB_MODEL,float64
S/C_POS-Z_ORB_MODEL,float64
S/C_VEL-X_ORB_MODEL,float64
S/C_VEL-Y_ORB_MODEL,float64
S/C_VEL-Z_ORB_MODEL,float64
S/C_POS-X_SPS_GOODS_BP,float64
S/C_POS-Y_SPS_GOODS_BP,float64
S/C_POS-Z_SPS_GOODS_BP,float64
S/C_VEL-X_SPS_GOODS_BP,float64
S/C_VEL-Y_SPS_GOODS_BP,float64
S/C_VEL-Z_SPS_GOODS_BP,float64
TIME_TAG_FOR_POS_VEL,str
AOL_IN_DEG,float64
AOR_STEP,float64
EST_SV_CNTR,float64
GOODS_UPDT_TO_BP_CNTR,float64
SPS_POS_DIFF_SQ_LIM,float64
LAST_BP_VECTOR_PASS_NO,float64
LAST_BP_VECTOR_FAIL_NO,float64
ORB_PARA_UPDT_FLAG,object
ORB_PARA_VALIDATE,str
ORB_PARA_VALIDATE_STS,str
BP-TC_SV_UPLNK-1_UPDT_STS,str
BP-TC_SV_UPLNK-2_UPDT_STS,str
BP-TC_SV_UPLNK-3_UPDT_STS,str
BP-TC_SV_UPLNK-4_UPDT_STS,str
BP-TC_SV_UPLNK-5_UPDT_STS,str
BP-TC_SV_UPLNK-6_UPDT_STS,str
BP-TC_SV_UPLNK-7_UPDT_STS,str
BP-TC_SV_UPLNK-8_UPDT_STS,str
BP-TC_SV_UPLNK-9_UPDT_STS,str
BP-TC_SV_UPLNK-10_UPDT_STS,str
BP-TC_SV_UPLNK-11_UPDT_STS,str
BP-TC_SV_UPLNK-12_UPDT_STS,str
BP-TC_SV_UPLNK-13_UPDT_STS,str
BP-TC_SV_UPLNK-14_UPDT_STS,str
BP-TC_SV_UPLNK-15_UPDT_STS,str
BP-TC_SV_UPLNK-16_UPDT_STS,str
BP-TC_SV_UPLNK-17_UPDT_STS,str
BP-TC_SV_UPLNK-18_UPDT_STS,str
BP-TC_SV_UPLNK-19_UPDT_STS,str
BP-TC_SV_UPLNK-20_UPDT_STS,str
BP-TC_SV_UPLNK-21_UPDT_STS,str
BP-TC_SV_UPLNK-22_UPDT_STS,str
BP-TC_SV_UPLNK-23_UPDT_STS,str
BP-TC_SV_UPLNK-24_UPDT_STS,str
BP-TC_SV_UPLNK-25_UPDT_STS,str
BP-TC_SV_UPLNK-26_UPDT_STS,str
BP-TC_SV_UPLNK-27_UPDT_STS,str
BP-TC_SV_UPLNK-28_UPDT_STS,str
BP-TC_SV_UPLNK-29_UPDT_STS,str
BP-TC_SV_UPLNK-30_UPDT_STS,str
BP-TC_SV_UPLNK-31_UPDT_STS,str
BP-TC_SV_UPLNK-32_UPDT_STS,str
ODP_SV_CNTR,float64
EST_SV_CNTR_NS,float64
GOODS_UPDT_TO_BP_CNTR_NS,float64
BP-TC_SV_UPLNK-1_UPDT_STS_NS,str
BP-TC_SV_UPLNK-2_UPDT_STS_NS,str
BP-TC_SV_UPLNK-3_UPDT_STS_NS,str
BP-TC_SV_UPLNK-4_UPDT_STS_NS,str
BP-TC_SV_UPLNK-5_UPDT_STS_NS,str
BP-TC_SV_UPLNK-6_UPDT_STS_NS,str
BP-TC_SV_UPLNK-7_UPDT_STS_NS,str
BP-TC_SV_UPLNK-8_UPDT_STS_NS,str
BP-TC_SV_UPLNK-9_UPDT_STS_NS,str
BP-TC_SV_UPLNK-10_UPDT_STS_NS,str
BP-TC_SV_UPLNK-11_UPDT_STS_NS,str
BP-TC_SV_UPLNK-12_UPDT_STS_NS,str
BP-TC_SV_UPLNK-13_UPDT_STS_NS,str
BP-TC_SV_UPLNK-14_UPDT_STS_NS,str
BP-TC_SV_UPLNK-15_UPDT_STS_NS,str
BP-TC_SV_UPLNK-16_UPDT_STS_NS,str
BP-TC_SV_UPLNK-17_UPDT_STS_NS,str
BP-TC_SV_UPLNK-18_UPDT_STS_NS,str
BP-TC_SV_UPLNK-19_UPDT_STS_NS,str
BP-TC_SV_UPLNK-20_UPDT_STS_NS,str
BP-TC_SV_UPLNK-21_UPDT_STS_NS,str
BP-TC_SV_UPLNK-22_UPDT_STS_NS,str
BP-TC_SV_UPLNK-23_UPDT_STS_NS,str
BP-TC_SV_UPLNK-24_UPDT_STS_NS,str
BP-TC_SV_UPLNK-25_UPDT_STS_NS,str
BP-TC_SV_UPLNK-26_UPDT_STS_NS,str
BP-TC_SV_UPLNK-27_UPDT_STS_NS,str
BP-TC_SV_UPLNK-28_UPDT_STS_NS,str
BP-TC_SV_UPLNK-29_UPDT_STS_NS,str
BP-TC_SV_UPLNK-30_UPDT_STS_NS,str
BP-TC_SV_UPLNK-31_UPDT_STS_NS,str
BP-TC_SV_UPLNK-32_UPDT_STS_NS,str
DOM_REG-1_CUR_SEL_RT,float64
DOM_REG-1_VOL_SEL_RT,float64
DOM_REG-1_OVP_STS_SEL_RT,str
DOM_REG-1_STS_SEL_RT,str
DOM_REG-2_CUR_SEL_RT,float64
DOM_REG-2_VOL_SEL_RT,float64
DOM_REG-2_OVP_STS_SEL_RT,str
DOM_REG-2_STS_SEL_RT,str
PWR_FPGA-M_HEALTH_BIT-1,str
PWR_FPGA-M_HEALTH_BIT-2,str
PWR_FPGA-M_HEALTH_BIT-3,str
BAT_RAW_CUR-M,float64
BVM_COARSE-M,float64
LOAD_RAW_CUR,float64
PWR_FPGA-R_HEALTH_BIT-1,str
PWR_FPGA-R_HEALTH_BIT-2,str
PWR_FPGA-R_HEALTH_BIT-3,str
BAT_RAW_CUR-R,float64
BVM_COARSE-R,float64
MTS_TSU_EPC_PWR_STS,str
MTS_HSU_EPC_PWR_STS,str
MTS_MDE_HSU_PWR_STS,str
MTS_MDE_TSU_PWR_STS,str
SCAT_TWTA-R_SEL_STS,str
SCAT_TWTA-M_SEL_STS,str
SCAT_IDS_FG_RX_FESA-M_SEL_STS,str
SCAT_IDS_FG_RX_FESA-R_SEL_STS,str
S-TX-1_PRESEL_SW_STS,str
S-TX-2_PRESEL_SW_STS,str
STRING-01_STS_SEL_RT,str
STRING-02_STS_SEL_RT,str
STRING-03_STS_SEL_RT,str
STRING-04_STS_SEL_RT,str
STRING-05_STS_SEL_RT,str
STRING-06_STS_SEL_RT,str
STRING-07_STS_SEL_RT,str
STRING-08_STS_SEL_RT,str
STRING-09_STS_SEL_RT,str
STRING-10_STS_SEL_RT,str
STRING-11_STS_SEL_RT,str
STRING-12_STS_SEL_RT,str
STRING-13_STS_SEL_RT,str
STRING-14_STS_SEL_RT,str
STRING-15_STS_SEL_RT,str
STRING-16_STS_SEL_RT,str
STRING-17_STS_SEL_RT,str
STRING-18_STS_SEL_RT,str
STRING-19_STS_SEL_RT,str
STRING-20_STS_SEL_RT,str
STRING-21_STS_SEL_RT,str
STRING-22_STS_SEL_RT,str
STRING-23_STS_SEL_RT,str
STRING-24_STS_SEL_RT,str
STRING-25_STS_SEL_RT,str
STRING-26_STS_SEL_RT,str
STRING-27_STS_SEL_RT,str
STRING-28_STS_SEL_RT,str
BAT_DIS_CUR_HR_SEL_RT,float64
BAT_DIS_CUR_LR_SEL_RT,float64
BAT_CUR_RAW_SEL_RT,float64
BUS_LOAD_CUR_HR_SEL_RT,float64
BUS_LOAD_CUR_LR_SEL_RT,float64
BAT_CHRG_CUR_TCR_SEL_RT,float64
BUS_VOL_SEL_RT,float64
BAT_VOL_TCR_SEL_RT,float64
SAGS_CUR_HR_SEL_RT,float64
SAGS_CUR_LR_SEL_RT,float64
BAT_VOL_COARSE_SEL_RT,float64
BAT_VOL_FINE_SEL_RT,float64
SOLAR_CELL_ISC_SEL_RT,float64
SOLAR_CELL_VOC_SEL_RT,float64
CAL_POS_VOL_SEL_RT,float64
CAL_NEG_VOL_SEL_RT,float64
TCR_SELECTED_SEL_RT,str
PWR_RT_SEL_FOR_TM_SEL_RT,str
TCR_MODE_SEL_RT,str
TCR_V_REF_SEL_RT,float64
TCR_I_REF_SEL_RT,float64
PWR_FPGA_LAST_CMD_EXE_SEL_RT,float64
PWR_FPGA_CMD_CNTR_SEL_RT,float64
C_ERROR_SEL_RT,float64
N_ERROR_SEL_RT,float64
STRING_CUR_SEL_RT,float64
CV_HYST_SET_SEL_RT,float64
BAT_CHRG_ZERO_CUR_SEL_RT,float64
PWR_ALT_FPGA_SEL_PWR_RT_SEL_RT,str
ALT_FPGA_TCR_MODE_SEL_RT,str
ALT_FPGA_TCR_V_REF_SEL_RT,float64
ALT_FPGA_TCR_I_REF_SEL_RT,float64
ALT_FPGA_STRING_CUR_SEL_RT,float64
ALT_FPGA_CV_HYST_SET_SEL_RT,float64
PWR_ALT_FPGA_CMD_CNTR_SEL_RT,float64
PWRALT_FPGA_LAST_CMD_EXE_SELRT,float64
BAT_VOL_TCR_NSEL_RT,float64
SAGS_CUR_HR_NSEL_RT,float64
SAGS_CUR_LR_NSEL_RT,float64
TCR_MODE_NSEL_RT,str
PWR_RT_FOR_TM_NSEL,str
BAT_DIS_CUR_HR_NSEL_RT,float64
BAT_DIS_CUR_LR_NSEL_RT,float64
BAT_CUR_RAW_NSEL_RT,float64
BUS_LOAD_CUR_HR_NSEL_RT,float64
BUS_LOAD_CUR_LR_NSEL_RT,float64
BAT_CHRG_CUR_TCR_NSEL_RT,float64
BUS_VOL_NSEL_RT,float64
PRES_TRANS-1_O/P,float64
PRES_TRANS-2_O/P,float64
FUEL_BALANCE,float64
TTC_TX_STS_TC,float64
TTC_TX-1_LOCK_STS,float64
TTC_TX-1_POS_8V,float64
TTC_TX-1_POS_15V_STS,str
TTC_RX-1_AGC,float64
RX-1_DCDC_STS,float64
RX-1_SUB_CAR_LOCK_STS,str
TTC_RX-1_I/F_CARD_ON_OFF_STS,float64
TTC_RX-1_ACQ_LOCK_STS,str
TTC_RX-1_CAR_LOCK_STS,str
TTC_I/F-1_LVDM_TM-1_SEL,int64
TTC_I/F-1_LVDM_TM-2_SEL,float64
TTC_I/F-1_LVDM_STS,str
TTC_RX-1_LO_LOCK_STS,float64
TTC_TX-1_PRE-SEL_SW_STS,str
TTC_RX-1_AGC_CTM-1,float64
TTC_TX-2_LOCK_STS,float64
TTC_TX-2_POS_8V,float64
TTC_TX-2_POS_15V_STS,str
TTC_RX-2_AGC,float64
RX-2_DCDC_STS,float64
RX-2_SUB_CAR_LOCK_STS,str
TTC_RX-2_I/F_CARD_ON_OFF_STS,float64
TTC_RX-2_ACQ_LOCK_STS,str
TTC_RX-2_CAR_LOCK_STS,str
TTC_I/F-2_LVDM_TM-1_SEL,int64
TTC_I/F-2_LVDM_TM-2_SEL,float64
TTC_I/F-2_LVDM_STS,str
TTC_RX-2_LO_LOCK_STS,float64
TTC_TX-2_PRE-SEL_SW_STS,str
TTC_RX-2_AGC_CTM-1,float64
XSW-02_SW_POS,str
XPA-M_DCDC-1_STS,str
XPA-M_DCDC-2_STS,str
XPA-R_DCDC-1_STS,str
XPA-R_DCDC-2_STS,str
XPA-M_DCDC-3_STS,str
XPA-M_DCDC-4_STS,str
XPA-R_DCDC-3_STS,str
XPA-R_DCDC-4_STS,str
XPA-M_RLY-1_STS,str
XPA-M_RLY-2_STS,str
XPA-M_RLY-3_STS,str
XPA-M_RLY-4_STS,str
XPA-R_RLY-1_STS,str
XPA-R_RLY-2_STS,str
XPA-R_RLY-3_STS,str
XPA-R_RLY-4_STS,str
XBS_M_PRESEL_STS,str
XBS_R_PRESEL_STS,str
PLD_TX-1_LOCK_STS,str
PLD_TX-1_STS,str
PLD_TX-2_LOCK_STS,str
PLD_TX-2_STS,str
RW-1_PWR_STS,str
RW-1_RBUS_MON,float64
RW-1_CUR,float64
RW-1_ROTN_DIR,str
RW-1_DFC_STS_RW,str
RW-1_EST_FRIC,float64
WDE-1_15V_MON,float64
RW-1_BEARING_HTR_STS,str
RW-1_CMDD_TCS,float64
RW-1_DC-DC_TEMP,float64
RW-1_BRDGE_SUPPLY_MON,float64
RW-1_CUR_CNTRL_O/P,float64
WDE-1_3.3V_MON,float64
WDE-1_TEMP,float64
WDE-1_CASING_TEMP,float64
WDE-1_BEARING_TEMP,float64
RW-1_TORQ_OFFSET_STS,str
WDE-1_BST-1_OCP_LATCH,str
WDE-1_BST-2_OCP_LATCH,str
WDE-1_BST_OVP_LATCH,str
WDE-1_BRNG_HTR_STS,str
WDE-1_WHL_ROT_DIR,str
WDE-1_TORQ_POL,str
WDE-1_BST-1_OCP_STS,str
WDE-1_BST-2_OCP_STS,str
WDE-1_BST_OVP_STS,str
WDE-1_OVR_SPD-1_STS,str
WDE-1_OVR_SPD-2_STS,str
WDE-1_DFC_EFECTV_STS,str
WDE-1_PROM_DATA_USED,str
WDE-1_DFC_STS,str
WDE-1_RAM_ERR_CORCTD_LATCH,str
WDE-1_RAM_ERR_LATCH,str
WDE-1_HEALTH_WORD,float64
WDE-1_STS_WORD,float64
RW-1_SPD_TM,float64
WDE-1_TCS_FILTER_STS,str
RW-2_PWR_STS,str
RW-2_RBUS_MON,float64
RW-2_CUR,float64
RW-2_ROTN_DIR,str
RW-2_DFC_STS_RW,str
RW-2_EST_FRIC,float64
WDE-2_15V_MON,float64
RW-2_BEARING_HTR_STS,str
RW-2_CMDD_TCS,float64
RW-2_DC-DC_TEMP,float64
RW-2_BRDGE_SUPPLY_MON,float64
RW-2_CUR_CNTRL_O/P,float64
WDE-2_3.3V_MON,float64
WDE-2_TEMP,float64
WDE-2_CASING_TEMP,float64
WDE-2_BEARING_TEMP,float64
RW-2_TORQ_OFFSET_STS,str
WDE-2_BST-1_OCP_LATCH,str
WDE-2_BST-2_OCP_LATCH,str
WDE-2_BST_OVP_LATCH,str
WDE-2_BRNG_HTR_STS,str
WDE-2_WHL_ROT_DIR,str
WDE-2_TORQ_POL,str
WDE-2_BST-1_OCP_STS,str
WDE-2_BST-2_OCP_STS,str
WDE-2_BST_OVP_STS,str
WDE-2_OVR_SPD-1_STS,str
WDE-2_OVR_SPD-2_STS,str
WDE-2_DFC_EFECTV_STS,str
WDE-2_PROM_DATA_USED,str
WDE-2_DFC_STS,str
WDE-2_RAM_ERR_CORCTD_LATCH,str
WDE-2_RAM_ERR_LATCH,str
WDE-2_HEALTH_WORD,float64
WDE-2_STS_WORD,float64
RW-2_SPD_TM,float64
WDE-2_TCS_FILTER_STS,str
RW-3_PWR_STS,str
RW-3_RBUS_MON,float64
RW-3_CUR,float64
RW-3_ROTN_DIR,str
RW-3_DFC_STS_RW,str
RW-3_EST_FRIC,float64
WDE-3_15V_MON,float64
RW-3_BEARING_HTR_STS,str
RW-3_CMDD_TCS,float64
RW-3_DC-DC_TEMP,float64
RW-3_BRDGE_SUPPLY_MON,float64
RW-3_CUR_CNTRL_O/P,float64
WDE-3_3.3V_MON,float64
WDE-3_TEMP,float64
WDE-3_CASING_TEMP,float64
WDE-3_BEARING_TEMP,float64
RW-3_TORQ_OFFSET_STS,str
WDE-3_BST-1_OCP_LATCH,str
WDE-3_BST-2_OCP_LATCH,str
WDE-3_BST_OVP_LATCH,str
WDE-3_BRNG_HTR_STS,str
WDE-3_WHL_ROT_DIR,str
WDE-3_TORQ_POL,str
WDE-3_BST-1_OCP_STS,str
WDE-3_BST-2_OCP_STS,str
WDE-3_BST_OVP_STS,str
WDE-3_OVR_SPD-1_STS,str
WDE-3_OVR_SPD-2_STS,str
WDE-3_DFC_EFECTV_STS,str
WDE-3_PROM_DATA_USED,str
WDE-3_DFC_STS,str
WDE-3_RAM_ERR_CORCTD_LATCH,str
WDE-3_RAM_ERR_LATCH,str
WDE-3_HEALTH_WORD,float64
WDE-3_STS_WORD,float64
RW-3_SPD_TM,float64
WDE-3_TCS_FILTER_STS,str
RW-4_PWR_STS,str
RW-4_RBUS_MON,float64
RW-4_CUR,float64
RW-4_ROTN_DIR,str
RW-4_DFC_STS_RW,str
RW-4_EST_FRIC,float64
WDE-4_15V_MON,float64
RW-4_BEARING_HTR_STS,str
RW-4_CMDD_TCS,float64
RW-4_DC-DC_TEMP,float64
RW-4_BRDGE_SUPPLY_MON,float64
RW-4_CUR_CNTRL_O/P,float64
WDE-4_3.3V_MON,float64
WDE-4_TEMP,float64
WDE-4_CASING_TEMP,float64
WDE-4_BEARING_TEMP,float64
RW-4_TORQ_OFFSET_STS,str
WDE-4_BST-1_OCP_LATCH,str
WDE-4_BST-2_OCP_LATCH,str
WDE-4_BST_OVP_LATCH,str
WDE-4_BRNG_HTR_STS,str
WDE-4_WHL_ROT_DIR,str
WDE-4_TORQ_POL,str
WDE-4_BST-1_OCP_STS,str
WDE-4_BST-2_OCP_STS,str
WDE-4_BST_OVP_STS,str
WDE-4_OVR_SPD-1_STS,str
WDE-4_OVR_SPD-2_STS,str
WDE-4_DFC_EFECTV_STS,str
WDE-4_PROM_DATA_USED,str
WDE-4_DFC_STS,str
WDE-4_RAM_ERR_CORCTD_LATCH,str
WDE-4_RAM_ERR_LATCH,str
WDE-4_HEALTH_WORD,float64
WDE-4_STS_WORD,float64
RW-4_SPD_TM,float64
WDE-4_TCS_FILTER_STS,str
SSM-M_MOTOR_CUR,float64
SSM-M_TCS_VOL,float64
SCE-M_RBUS_VOL,float64
SCE-M_POS_15V_VOL,float64
SCE-M_POS_12V_VOL,float64
SCE-M_POS_5V_VOL,float64
SCE-M_POS_3P3V_VOL,float64
SCE-M_POS_1P5V_VOL,float64
SCE-M_ELEX_STS,str
SCE-M_PROM_OK_STS,str
SCE-M_HALL_HOE_MODE_STS,str
SCE-M_WDF_STS,str
SCE-M_HOE_STS,str
SCE-M_HALL_ROT_SYNC_STS,float64
SCE-M_HALL_TMR_SAT_STS,float64
SCE-M_HALL_TRANS_ERR_STS,float64
SCE-M_HOE_TM_WORD,float64
SSM-M_SPEED,float64
SSM-M_POSITION,float64
SCAT_PL_DSS-R_STS,str
SCAT_PL_DSS-M_STS,str
SCAT_DSS-R_FPGA_STS,str
SCAT_DSS-M_FPGA_STS,str
SCAT_PLC_FPGA_STS,str
SCAT_PL_EPC_SYNC_CLK_STS,str
FPGA_MEM_WRITE_ERROR,str
FPGA_REINIT_PENDING_FLAG,object
DCG_CLK_ERROR,str
SCAT_PL_SELF_EBC_ENA_DIS_STS,str
MAP_OFF_PENDING_FLAG,object
NEW_CODE_CHKSUM_ERROR,str
WDT_ENA_STS,str
PROCESS_LOCK_ENA_STS,str
AUX_TEST_ENA_STS,str
SUBSYSTEM_OFF_EVENT_STS,str
MAP_OFF_EVENT_STS,str
MAP_ON_EVENT_STS,str
CONFIG_OVER_FLAG,str
SUBSYSTEM_ON_EVENT_STS,str
WDT_TIMEOUT_FLAG,bool
INVALID_CMD_FLAG,bool
SCAT_PL_PRESENT_STATE,float64
RF_SW_SEL_STS,str
INT_SCAN_START_STS,str
EXT_SCAN_START_SYS_SEL,str
EXT_SCAN_START_HALL_SEL,str
EXT_ANG_DATA_SYS_SEL,str
INTERNAL_ANG_DATA_STS,str
SCAT_PL_TWTA_SEL,str
SCAT_SCAN_START_STS,str
SCAT_PL_RX_ON_EVENT_STS,str
FESA_ON_EVENT_STS,str
FG_ON_EVENT_STS,str
SCAT_TWTA_ON_EVENT_STS,str
PL_RX_OFF_EVENT_STS,str
FESA_OFF_EVENT_STS,str
FG_OFF_EVENT_STS,str
SCAT_TWTA_OFF_EVENT_STS,str
SCAT_PL_FDC_ALGO,str
SCAT_PL_FILTER_BYPASS_STS,str
IQ_REVERSE_MODE_STS,str
CHIRP_SLOPE,str
SCAT_PL_DATA_MODE,str
FESA_TX_SEL,str
TWTA-M_GRID_STEP-0,str
TWTA-M_EPC_STS,str
FESA-M_EPC_STS,str
FESA_M_STS_A_POS,str
FESA_M_STS_A_NEG,str
FG-M_EPC_STS,str
RX-M_EPC_STS,str
CPS_POS-A_CROSS,str
CPS_POS-B_THROUGH,str
FESA_R_STS_B_POS,str
FESA_R_STS_B_NEG,str
TWTA-R_BUS_UV_TRIP_STS_TLM-B,str
TWTA-R_GRID_STEP-0,str
TWTA-R_HELIX_TRIP_STS_TLM-B,str
RX-R_EPC_STS,str
FG-R_EPC_STS,str
FESA-R_EPC_STS,str
FESA-M_OK_STS,str
FESA-R_OK_STS,str
FESA_COUPLER_TEMP,float64
SCT_DEBUG_REF_CHNL-3,str
SSM-R_MOTOR_CUR,float64
SSM-R_TCS_VOL,float64
SCE-R_RBUS_VOL,float64
SCE-R_POS_15V_VOL,float64
SCE-R_POS_12V_VOL,float64
SCE-R_POS_5V_VOL,float64
SCE-R_POS_3P3V_VOL,float64
SCE-R_POS_1P5V_VOL,float64
SCE-R_ELEX_STS,str
SCE-R_PROM_OK_STS,str
SCE-R_HALL_HOE_MODE_STS,str
SCE-R_WDF_STS,str
SCE-R_HOE_STS,str
SCE-R_HALL_ROT_SYNC_STS,float64
SCE-R_HALL_TMR_SAT_STS,float64
SCE-R_HALL_TRANS_ERR_STS,float64
SCE-R_HOE_TM_WORD,float64
SSM-R_SPEED,float64
SSM-R_POSISTION,float64
SCAT_SCAN_START_OBT,str
SCAT_INDEX_PULSE_OBT,str
SCAT_TWTA-M_HELIX_CUR_DIRECT,float64
SCAT_TWTA-M_BUS_CUR_DIRECT,float64
SCAT_TWTA-R_HELIX_CUR_DIRECT,float64
SCAT_TWTA-R_BUS_CUR_DIRECT,float64
WDT_TIMEOUT_CNTR,int64
SCAT_PL_CMD_CNTR,int64
PL_TX_MGC,float64
SCAT_PL_TWTA_GRID_STEP,float64
SCAT_PL_RX_MGC,float64
SCAT_PL_PROM_CHKSUM,float64
PRI_CNT,float64
DCG_TX_PULSES_GEN_SCAN_CYCLE,float64
ECHO_INNER_WINDOW_START_DELAY,float64
ECHO_OUTER_WINDOW_START_DELAY,float64
SSM_ANG_REQ_START_DELAY,float64
AUX_DATA_TX_START_DELAY,float64
INNER_BEAM_CONS_FDC,float64
OUTER_BEAM_CONS_FDC,float64
SC_VEL_PL,float64
PLC_FPGA_FREE_RUN_CNTR,float64
PLC_CPU_FREE_RUN_CNTR,float64
ANGLE_DATA,float64
SCAT_LAST_TC,float64
PL_SOFTWARE_VER_NO,float64
SCT_ANGLE_OFFSET_SA5,float64
SCAT_DSS_SELF_EBC_CNTR_TWICE,float64
SCAT_DSS_SELF_EBC_CNTR_CONTI,float64
EBC_TM_CHANNEL_NO,float64
EBC_TM_DATA_CNT,float64
SCAT_LAST_TC_16_BIT,float64
RT_EBC_CHANNEL_NO,float64
RT_EBC_DATA_CNT,float64
TWTA-M_EPC_INT_TEMP,float64
TWTA-M_INT_TEMP,float64
CPS_TEMP,float64
FESA_BPF_TEMP,float64
TWTA-M_BUS_CUR_TLM-B,float64
TWTA-M_HELIX_CUR_TLM-B,float64
SCT_DEBUG_REF_CHNL-2,str
TMTA-M_BUS_UV_TRIP_STS_TLM-B,str
TWTA-M_GRID_STEP-1,str
SCT_DEBUG_REF_CHNL-1,str
FESA_RX_PROT_SW-3_TEMP,float64
FESA_RX_PROT_SW-1_TEMP,float64
FESA_VH_SW_TEMP,float64
FESA-M_TX_PWR_MON_A,float64
FESA-M_RX_PROT_SW-5_TEMP,float64
FESA_LNA-WG_TEMP,float64
TWTA-M_HELIX_TRIP_STS_TLM-B,str
TWTA-R_INT_TEMP,float64
TWTA-R_EPC_INT_TEMP,float64
FESA_RJ_WG_V_TEMP,float64
FESA_RJ_WG_H_TEMP,float64
FESA_DET_LOC_MAIN_TEMP,float64
FESA_TX_SEL_TEMP,float64
FESA-R_TX_PWR_MON_B,float64
FESA_RX_SEL_TEMP,float64
TWTA-R_HELIX_CUR_TLM-B,float64
TWTA-R_BUS_CUR_TLM-B,float64
TWTA-R_GRID_STEP-1,str
TWTA-R_EPC_STS,str
FESA-M_RX_PROT_SW-4_TEMP,float64
FESA-M-TX_PWR_MON_PROC,float64
FESA-R-TX_PWR_MON_PROC,float64
SCAT_PLC_SA-2_WORD-01,float64
SCAT_PLC_SA-2_WORD-02,float64
SCAT_PLC_SA-2_WORD-03,int64
SCAT_PLC_SA-2_WORD-04,int64
SCAT_PLC_SA-2_WORD-05,int64
SCAT_PLC_SA-2_WORD-06,int64
SCAT_PLC_SA-2_WORD-07,float64
SCAT_PLC_SA-2_WORD-08,float64
SCAT_PLC_SA-2_WORD-09,float64
SCAT_PLC_SA-2_WORD-10,float64
SCAT_PLC_SA-2_WORD-11,float64
SCAT_PLC_SA-2_WORD-12,float64
SCAT_PLC_SA-2_WORD-13,float64
SCAT_PLC_SA-2_WORD-14,float64
SCAT_PLC_SA-2_WORD-15,float64
SCAT_PLC_SA-2_WORD-16,float64
SCAT_PLC_SA-2_WORD-17,float64
SCAT_PLC_SA-2_WORD-18,float64
SCAT_PLC_SA-2_WORD-19,float64
SCAT_PLC_SA-2_WORD-20,float64
SCAT_PLC_SA-2_WORD-21,float64
SCAT_PLC_SA-2_WORD-22,float64
SCAT_PLC_SA-2_WORD-23,float64
SCAT_PLC_SA-2_WORD-24,float64
SCAT_PLC_SA-2_WORD-25,float64
SCAT_PLC_SA-2_WORD-26,float64
SCAT_PLC_SA-2_WORD-27,float64
SCAT_PLC_SA-2_WORD-28,float64
SCAT_PLC_SA-2_WORD-29,float64
SCAT_PLC_SA-2_WORD-30,float64
SCAT_PLC_SA-2_WORD-31,float64
SCAT_PLC_SA-2_WORD-32,float64
SCAT_PLC_SA-2_WORD-33,float64
SCAT_PLC_SA-2_WORD-34,float64
SCAT_PLC_SA-2_WORD-35,float64
SCAT_PLC_SA-2_WORD-36,float64
SCAT_PLC_SA-2_WORD-37,float64
SCAT_PLC_SA-2_WORD-38,float64
SCAT_PLC_SA-2_WORD-39,float64
SCAT_PLC_SA-2_WORD-40,float64
SCAT_PLC_SA-2_WORD-41,float64
SCAT_PLC_SA-2_WORD-42,float64
SCAT_PLC_SA-2_WORD-43,float64
SCAT_PLC_SA-2_WORD-44,float64
SCAT_PLC_SA-2_WORD-45,float64
SCAT_PLC_SA-2_WORD-46,float64
SCAT_PLC_SA-3_WORD-01,float64
SCAT_PLC_SA-3_WORD-02,float64
SCAT_PLC_SA-3_WORD-03,float64
SCAT_PLC_SA-3_WORD-04,float64
SCAT_PLC_SA-3_WORD-05,float64
SCAT_PLC_SA-3_WORD-06,float64
SCAT_PLC_SA-3_WORD-07,float64
SCAT_PLC_SA-3_WORD-08,float64
SCAT_PLC_SA-3_WORD-09,float64
SCAT_PLC_SA-3_WORD-10,float64
SCAT_PLC_SA-3_WORD-11,float64
SCAT_PLC_SA-3_WORD-12,float64
SCAT_PLC_SA-3_WORD-13,float64
SCAT_PLC_SA-3_WORD-14,float64
SCAT_PLC_SA-3_WORD-15,float64
SCAT_PLC_SA-3_WORD-16,float64
SCAT_PLC_SA-3_WORD-17,float64
SCAT_PLC_SA-3_WORD-18,float64
SCAT_PLC_SA-3_WORD-19,float64
SCAT_PLC_SA-3_WORD-20,float64
SCAT_PLC_SA-3_WORD-21,float64
SCAT_PLC_SA-3_WORD-22,float64
SCAT_PLC_SA-3_WORD-23,float64
SCAT_PLC_SA-3_WORD-24,float64
SCAT_PLC_SA-3_WORD-25,float64
SCAT_PLC_SA-3_WORD-26,float64
SCAT_PLC_SA-3_WORD-27,float64
SCAT_PLC_SA-3_WORD-28,float64
SCAT_PLC_SA-3_WORD-29,float64
SCAT_PLC_SA-3_WORD-30,float64
SCAT_PLC_SA-3_WORD-31,float64
SCAT_PLC_SA-3_WORD-32,float64
SCAT_PLC_SA-3_WORD-33,float64
SCAT_PLC_SA-3_WORD-34,float64
SCAT_PLC_SA-3_WORD-35,float64
SCAT_PLC_SA-3_WORD-36,float64
SCAT_PLC_SA-3_WORD-37,float64
SCAT_PLC_SA-3_WORD-38,float64
SCAT_PLC_SA-3_WORD-39,float64
SCAT_PLC_SA-3_WORD-40,float64
SCAT_PLC_SA-3_WORD-41,float64
SCAT_PLC_SA-3_WORD-42,float64
SCAT_PLC_SA-3_WORD-43,float64
SCAT_PLC_SA-3_WORD-44,float64
SCAT_PLC_SA-3_WORD-45,float64
SCAT_PLC_SA-3_WORD-46,float64
SCAT_PLC_SA-3_WORD-47,float64
SCAT_PLC_SA-3_WORD-48,float64
SCAT_PLC_SA-3_WORD-49,float64
SCAT_PLC_SA-3_WORD-50,float64
SCAT_PLC_SA-3_WORD-51,float64
SCAT_PLC_SA-3_WORD-52,float64
SCAT_PLC_SA-3_WORD-53,float64
SCAT_PLC_SA-3_WORD-54,float64
SCAT_PLC_SA-3_WORD-55,float64
SCAT_PLC_SA-3_WORD-56,float64
SCAT_PLC_SA-3_WORD-57,float64
SCAT_PLC_SA-3_WORD-58,float64
SCAT_PLC_SA-3_WORD-59,float64
SCAT_PLC_SA-3_WORD-60,float64
SCAT_PLC_SA-3_WORD-61,float64
SCAT_PLC_SA-3_WORD-62,float64
SCAT_PLC_SA-3_WORD-63,float64
SCAT_PLC_SA-3_WORD-64,float64
CPS_POS,str
SCAT_TWTA-M_BUS_UV_TRIP_STS,str
SCAT_TWTA-R_BUS_UV_TRIP_STS,str
SCAT_TWTA-R_HLX_TRIP_STS,str
SCAT_TWTA-M_HLX_TRIP_STS,str
P-1_SADA_M_POS_15V_STS,str
P-1_SPSS_M_ERR,float64
P-1_SADA_M_POT_ANG,float64
P-1_SADA_M_8MIN_TIMER,str
P-1_SADA_M_AOCE_MODE,str
P-1_SADA_M_SUNACQ_STS,str
P-1_SADA_M_ZERO_RATE_STS,str
P-1_SADA_M_ACQ_MODE,str
P-1_SADA_M_SIN_CUR,float64
P-1_SADA_M_COS_CUR,float64
P-1_SADA_IF_DATA,float64
P-1_SADA_IF_RATE,float64
P-1_SADA_IF_MICRO_STEP,str
P-1_SADA_IF_ZERO_RATE,str
P-1_SADA_REF_THETA,float64
P-1_SADA_ACTUAL_THETA,float64
P-1_SADA_DIFF_THETA,float64
P-1_SPSS_M_SUM_O/P,float64
P-1_SPSS_R_SUM_O/P,float64
P-1_SADA_M_SPS_STS,str
P-1_SADA_M_ROTN_DIR,str
P-1_SPSS_M_SUN_PRESENCE_HW,str
P-1_SADA_R_POS_15V_STS,str
P-1_SPSS_R_ERR,float64
P-1_SADA_R_POT_ANG,float64
P-1_SADA_R_8MIN_TIMER,str
P-1_SADA_R_AOCE_MODE,str
P-1_SADA_R_SUNACQ_STS,str
P-1_SADA_R_ZERO_RATE_STS,str
P-1_SADA_R_ACQ_MODE,str
P-1_SADA_R_SIN_CUR,float64
P-1_SADA_R_COS_CUR,float64
P-1_SADA_R_POT_LSB,float64
P-1_SADA_R_SPS_STS,str
P-1_SADA_R_ROTN_DIR,str
P-1_SPSS_R_SUN_PRESENCE_HW,str
P-2_SADA_M_POS_15V_STS,str
P-2_SPSS_M_ERR,float64
P-2_SADA_M_POT_ANG,float64
P-2_SADA_M_8MIN_TIMER,str
P-2_SADA_M_AOCE_MODE,str
P-2_SADA_M_SUNACQ_STS,str
P-2_SADA_M_ZERO_RATE_STS,str
P-2_SADA_M_ACQ_MODE,str
P-2_SADA_M_SIN_CUR,float64
P-2_SADA_M_COS_CUR,float64
P-2_SADA_IF_DATA,float64
P-2_SADA_IF_RATE,float64
P-2_SADA_IF_MICRO_STEP,str
P-2_SADA_IF_ZERO_RATE,str
P-2_SADA_REF_THETA,float64
P-2_SADA_ACTUAL_THETA,float64
P-2_SADA_DIFF_THETA,float64
P-2_SPSS_M_SUM_O/P,float64
P-2_SPSS_R_SUM_O/P,float64
P-2_SADA_M_SPS_STS,str
P-2_SADA_M_ROTN_DIR,str
P-2_SPSS_M_SUN_PRESENCE_HW,str
P-2_SADA_R_POS_15V_STS,str
P-2_SPSS_R_ERR,float64
P-2_SADA_R_POT_ANG,float64
P-2_SADA_R_8MIN_TIMER,str
P-2_SADA_R_AOCE_MODE,str
P-2_SADA_R_SUNACQ_STS,str
P-2_SADA_R_ZERO_RATE_STS,str
P-2_SADA_R_ACQ_MODE,str
P-2_SADA_R_SIN_CUR,float64
P-2_SADA_R_COS_CUR,float64
P-2_SADA_R_POT_LSB,float64
P-2_SADA_R_SPS_STS,str
P-2_SADA_R_ROTN_DIR,str
P-2_SPSS_R_SUN_PRESENCE_HW,str
GPS_ALMANAC_AVAIL_STS,str
GPS_MON_STS,str
GPS_POS_AVAIL_STS,str
GPS_POS_COMP_MODE,str
GPS_POS_EST_STS,str
GPS_TIME_SYNC,str
GPS_TOW_NSEC,float64
GPS_TOW_SEC,float64
GPS_TOW_WEEK_NO,float64
NO_OF_GPS_SAT_TRK,float64
PDOP,float64
SPS_POS-X,float64
SPS_POS-Y,float64
SPS_POS-Z,float64
SPS_VEL-X,float64
SPS_VEL-Y,float64
SPS_VEL-Z,float64
SPS_MEM_CNT,float64
PPS_POS_FIX,str
SPS_UPDT_CNTR,float64
SPS_S/W_WDT_STS,str
CAR_SMOOTHING_STS,str
VEL_SMOOTHING_STS,str
NAVIC_CMD_STS,str
RFFC-5071_LOCK_IND,str
GP-2015_LOCK_IND,str
SPS_H/W_WDT_STS,str
SPS_CMD_CNTR,float64
SPS_LAST_CMD_EXE,float64
SPS_S/W_WDT_RST_CNTR,float64
SPS_H/W_WDT_RST_CNTR,float64
SPS_S/W_RST_ID,float64
RX_DRIFT,float64
INTER_SYS_BIAS,float64
RFFC-5071_UPCONVRT_CNTR,float64
S/C_ID_BY_OBC,float64
SPS_CMD_EXE_CNTR-2,float64
GP-2015_ANT2_LOCK_IND,str
RAIM_STS,str
SPS_SYS_MODE,float64
SPS_TM_SEL,str
SPS_PORT1_CONFIG,str
SPS_PORT2_CONFIG,str
INTER_SYS_DRIFT,float64
SPS_ODP_POS-X,float64
SPS_ODP_POS-Y,float64
SPS_ODP_POS-Z,float64
SPS_ODP_VEL-X,float64
SPS_ODP_VEL-Y,float64
SPS_ODP_VEL-Z,float64
SPS_TIME_INIT,str
SPS_TIME_ALIGN,str
SPS_CLOCK_BIAS,float64
SPS_THD_CONST,float64
SPS_THD_TYPE,str
SPS_ATTD_MNVR_STS,str
SPS_LAST_RST_TIME,float64
SPS_ELE_ANG_LOGIC_STS,str
GPS_TOW_NSEC_PVT,float64
GPS_TOW_SEC_PVT,float64
GPS_TOW_WEEK_NO_PVT,float64
PPS_TOW_NSEC,float64
PPS_TOW_SEC,float64
PPS_TOW_WEEK_NO,float64
ODP_STS,str
PHASE_CENTRE_CORRECTION,str
PHASE_CENTRE_CORRECTION_SPS,str
SPS_POS_FIX,str
ODP_OPRN_MODE,str
ODP_CNTR,float64
ODP_FILTER_INIT_FLAG,object
ODP_FILTER_INIT_REASON,float64
ODP_OUTPUT,str
TC_INTERRUPT_CNTR,float64
SPS_PR_MODULE_STS,str
OBC_OBT_AT_PPS,str
SPS_KALMAN_STS,str
SPS_KALMAN_CONVG,str
SPS_IONO_STS,str
SPS_IONO_SMOOTHING_STS,str
CHNL-01_CNDR,float64
CHNL-02_CNDR,float64
CHNL-03_CNDR,float64
CHNL-04_CNDR,float64
CHNL-05_CNDR,float64
CHNL-06_CNDR,float64
CHNL-07_CNDR,float64
CHNL-08_CNDR,float64
CHNL-09_CNDR,float64
CHNL-10_CNDR,float64
CHNL-11_CNDR,float64
CHNL-12_CNDR,float64
CHNL-01_DLT_RNG_STS,str
CHNL-02_DLT_RNG_STS,str
CHNL-03_DLT_RNG_STS,str
CHNL-04_DLT_RNG_STS,str
CHNL-05_DLT_RNG_STS,str
CHNL-06_DLT_RNG_STS,str
CHNL-07_DLT_RNG_STS,str
CHNL-08_DLT_RNG_STS,str
CHNL-09_DLT_RNG_STS,str
CHNL-10_DLT_RNG_STS,str
CHNL-11_DLT_RNG_STS,str
CHNL-12_DLT_RNG_STS,str
CHNL-01_EPHEM_STS,str
CHNL-02_EPHEM_STS,str
CHNL-03_EPHEM_STS,str
CHNL-04_EPHEM_STS,str
CHNL-05_EPHEM_STS,str
CHNL-06_EPHEM_STS,str
CHNL-07_EPHEM_STS,str
CHNL-08_EPHEM_STS,str
CHNL-09_EPHEM_STS,str
CHNL-10_EPHEM_STS,str
CHNL-11_EPHEM_STS,str
CHNL-12_EPHEM_STS,str
CHNL-01_SV_ID,float64
CHNL-02_SV_ID,float64
CHNL-03_SV_ID,float64
CHNL-04_SV_ID,float64
CHNL-05_SV_ID,float64
CHNL-06_SV_ID,float64
CHNL-07_SV_ID,float64
CHNL-08_SV_ID,float64
CHNL-09_SV_ID,float64
CHNL-10_SV_ID,float64
CHNL-11_SV_ID,float64
CHNL-12_SV_ID,float64
CNHL-01_CONSTELLATION_STS,str
CNHL-02_CONSTELLATION_STS,str
CNHL-03_CONSTELLATION_STS,str
CNHL-04_CONSTELLATION_STS,str
CNHL-05_CONSTELLATION_STS,str
CNHL-06_CONSTELLATION_STS,str
CNHL-07_CONSTELLATION_STS,str
CNHL-08_CONSTELLATION_STS,str
CNHL-09_CONSTELLATION_STS,str
CNHL-10_CONSTELLATION_STS,str
CNHL-11_CONSTELLATION_STS,str
CNHL-12_CONSTELLATION_STS,str
CHNL-01_ACQ_MOD_SV_ID,float64
CHNL-01_SV_HLTH&URA_STS,str
CHNL-02_SV_HLTH&URA_STS,str
CHNL-03_SV_HLTH&URA_STS,str
CHNL-04_SV_HLTH&URA_STS,str
CHNL-05_SV_HLTH&URA_STS,str
CHNL-06_SV_HLTH&URA_STS,str
CHNL-07_SV_HLTH&URA_STS,str
CHNL-08_SV_HLTH&URA_STS,str
CHNL-09_SV_HLTH&URA_STS,str
CHNL-10_SV_HLTH&URA_STS,str
CHNL-11_SV_HLTH&URA_STS,str
CHNL-12_SV_HLTH&URA_STS,str
CHNL-01_IODE,float64
CHNL-02_IODE,float64
CHNL-03_IODE,float64
CHNL-04_IODE,float64
CHNL-05_IODE,float64
CHNL-06_IODE,float64
CHNL-07_IODE,float64
CHNL-08_IODE,float64
CHNL-09_IODE,float64
CHNL-10_IODE,float64
CHNL-11_IODE,float64
CHNL-12_IODE,float64
CHNL-01_IONO_CORREC_STS,str
CHNL-02_IONO_CORREC_STS,str
CHNL-03_IONO_CORREC_STS,str
CHNL-04_IONO_CORREC_STS,str
CHNL-05_IONO_CORREC_STS,str
CHNL-06_IONO_CORREC_STS,str
CHNL-07_IONO_CORREC_STS,str
CHNL-08_IONO_CORREC_STS,str
CHNL-09_IONO_CORREC_STS,str
CHNL-10_IONO_CORREC_STS,str
CHNL-11_IONO_CORREC_STS,str
CHNL-12_IONO_CORREC_STS,str
CHNL-01_RF_TRACK,str
CHNL-02_RF_TRACK,str
CHNL-03_RF_TRACK,str
CHNL-04_RF_TRACK,str
CHNL-05_RF_TRACK,str
CHNL-06_RF_TRACK,str
CHNL-07_RF_TRACK,str
CHNL-08_RF_TRACK,str
CHNL-09_RF_TRACK,str
CHNL-10_RF_TRACK,str
CHNL-11_RF_TRACK,str
CHNL-12_RF_TRACK,str
CHNL-01_SBAS_CORREC,str
CHNL-02_SBAS_CORREC,str
CHNL-03_SBAS_CORREC,str
CHNL-04_SBAS_CORREC,str
CHNL-05_SBAS_CORREC,str
CHNL-06_SBAS_CORREC,str
CHNL-07_SBAS_CORREC,str
CHNL-08_SBAS_CORREC,str
CHNL-09_SBAS_CORREC,str
CHNL-10_SBAS_CORREC,str
CHNL-11_SBAS_CORREC,str
CHNL-12_SBAS_CORREC,str
CHNL-01_SBAS_HEALTH,str
CHNL-02_SBAS_HEALTH,str
CHNL-03_SBAS_HEALTH,str
CHNL-04_SBAS_HEALTH,str
CHNL-05_SBAS_HEALTH,str
CHNL-06_SBAS_HEALTH,str
CHNL-07_SBAS_HEALTH,str
CHNL-08_SBAS_HEALTH,str
CHNL-09_SBAS_HEALTH,str
CHNL-10_SBAS_HEALTH,str
CHNL-11_SBAS_HEALTH,str
CHNL-12_SBAS_HEALTH,str
CHNL-01_ACP,float64
CHNL-02_ACP,float64
CHNL-03_ACP,float64
CHNL-04_ACP,float64
CHNL-05_ACP,float64
CHNL-06_ACP,float64
CHNL-07_ACP,float64
CHNL-08_ACP,int64
CHNL-09_ACP,float64
CHNL-10_ACP,float64
CHNL-11_ACP,float64
CHNL-12_ACP,float64
CHNL-01_IONO_CORREC,float64
CHNL-02_IONO_CORREC,float64
CHNL-03_IONO_CORREC,float64
CHNL-04_IONO_CORREC,float64
CHNL-05_IONO_CORREC,float64
CHNL-06_IONO_CORREC,float64
CHNL-07_IONO_CORREC,float64
CHNL-08_IONO_CORREC,int64
CHNL-09_IONO_CORREC,float64
CHNL-10_IONO_CORREC,float64
CHNL-11_IONO_CORREC,float64
CHNL-12_IONO_CORREC,float64
CHNL-09_ACQ_STS_SA7,str
CHNL-10_ACQ_STS_SA7,str
CHNL-11_ACQ_STS_SA7,str
CHNL-12_ACQ_STS_SA7,str
CHNL-11_PRC_IONO_CORREC,float64
CHNL-01_ACQ_STS_SA5,str
CHNL-02_ACQ_STS_SA5,str
CHNL-03_ACQ_STS_SA5,str
CHNL-04_ACQ_STS_SA5,str
CHNL-05_ACQ_STS_SA5,str
CHNL-06_ACQ_STS_SA5,str
CHNL-07_ACQ_STS_SA5,str
CHNL-08_ACQ_STS_SA5,str
NAVIC_DECRYPT_SET_CNT,float64
NAVIC_NO_OF_DECRYPT_BLK,float64
NAVIC_DECRYPT_AUTH_ERR_CNT,float64
NAVIC_PKT_CNT,float64
NAVIC_INT_PAC_CNT,float64
NAVIC_DEC_CHK_SUM,float64
NAVIC_CAL_CHK_SUM,float64
NAVIC_CURR_SES_ID,float64
NAVIC_CHK_SUM_ERR_CNT,float64
NAVIC_TC_CHKSUM_ERR_CNT,float64
NAVIC_SES_ERR_CNT,float64
NAVIC_NAVIC_EXEC_CNT,float64
NAVIC_DECRYPT_CHK_SUM_ERR_CNT,float64
NAVIC_PKT_LEN_ERR_CNT,float64
NAVIC_FR_CNT,float64
NAVIC_NO_OF_FRM,float64
NAVIC_SA-29_WORD-1,float64
NAVIC_SA-29_WORD-2,float64
NAVIC_SA-29_WORD-3,float64
NAVIC_SA-29_WORD-4,float64
NAVIC_SA-29_WORD-5,float64
NAVIC_SA-29_WORD-6,float64
NAVIC_SA-29_WORD-7,float64
NAVIC_SA-29_WORD-8,float64
NAVIC_SA-29_WORD-9,float64
NAVIC_SA-29_WORD-10,float64
NAVIC_SA-29_WORD-11,float64
NAVIC_SA-29_WORD-12,float64
NAVIC_SA-29_WORD-13,float64
NAVIC_SA-29_WORD-14,float64
NAVIC_SA-29_WORD-15,float64
NAVIC_NO_OF_FRM_ERR_CNT,float64
NAVIC_CMD_CNTR,float64
SPS-1_DC-DC_STS,str
SPS-1_S/W_WDT_STS_TC,str
SPS-1_S/W_LINE_SEL,str
SPS-2_DC-DC_STS,str
ODP_PHC_CMPT,float64
ODP_PPP_ESTM,float64
ODP_KF_ESTM,float64
ODP_FILTER_INIT,float64
ODP_FILTER_RSN,float64
ODP_NUMSAT_ESTM,float64
ODP_NUMSAT_INP,float64
ODP_EKF_LEVEL,float64
ODP_RUN_MODE,float64
ODP_ANT_PHC_ENABLE,float64
ODP_MAN_CORR,float64
ODP_IONO_ENABLE,float64
ODP_TCEOP_ENABLE,float64
ODP_DP_DRIFTCORR,float64
ODP_DP_PHC_CONST,float64
ODP_DP_CODECARR_ENABLE,float64
ODP_DP_KF_SMOOTH,float64
ODP_DP_CYCLESLIPS_DETECT,float64
ODP_CODEALONE_ENABLE,float64
ODP_ESTM_FLAG,float64
ODP_TC_COUNT,float64
ODP_LASTTC_ID,float64
ODP_DP_MODE,float64
ODP_FILTER_INITCNT,float64
SS_APU_POS_3.3V,float64
SS_APU_POS_1.5V,float64
SS_APU_CUR_MODE,str
SS_APU_JOINT_MODE,str
SS_SEL_CHU-1_CUR,float64
SS_SEL_CHU-2_CUR,float64
SS_APU_TEMP,float64
SS_APU_CUR,float64
SS_APU_COOLER_CUR,float64
SS_APU_POS_3.3V_FPGA,float64
SS_APU_MEAS_POS_1.8V,float64
SS_SEL_CHU-1_TEMP,float64
SS_SEL_CHU-2_TEMP,float64
SS_SEL_CHU-1_DETECTOR_TEMP,float64
SS_SEL_CHU-2_DETECTOR_TEMP,float64
SS_SEL_CHU-1_VOL,float64
SS_SEL_CHU-2_VOL,float64
SS_APU_SA-1_WORD-1,int64
SS_APU_SA-1_WORD-2,float64
SS_APU_SA-1_WORD-3,float64
SS_APU_SA-1_WORD-4,float64
SS_APU_SA-1_WORD-5,float64
SS_APU_SA-1_WORD-6,float64
SS_APU_SA-1_WORD-7,float64
SS_APU_SA-1_WORD-8,float64
SS_APU_SA-1_WORD-9,float64
SS_APU_SA-1_WORD-10,float64
SS_APU_SA-1_WORD-11,float64
SS_APU_SA-1_WORD-12,float64
SS_APU_SA-1_WORD-13,float64
SS_APU_SA-1_WORD-14,float64
SS_APU_SA-1_WORD-15,float64
SS_APU_SA-1_WORD-16,float64
SS_APU_SA-8_WORD-1,float64
SS_APU_SA-8_WORD-2,float64
SS_APU_SA-8_WORD-3,float64
SS_APU_SA-8_WORD-4,float64
SS_APU_SA-8_WORD-5,float64
SS_APU_SA-8_WORD-6,float64
SS_APU_SA-8_WORD-7,float64
SS_APU_SA-8_WORD-8,float64
SS_APU_SA-8_WORD-9,float64
SS_APU_SA-8_WORD-10,float64
SS_APU_SA-8_WORD-11,float64
SS_APU_SA-8_WORD-12,float64
SS_APU_SA-8_WORD-13,float64
SS_APU_SA-8_WORD-14,float64
SS_APU_WDT_BARK_CNT,int64
SS_APU_TRK_BIN_BIT,str
SS_APU_END_OF_ACQ_STS,str
SS_APU_RAM_RFRSH_STS,str
SS_APU_EEPROM_RFRSH_STS,str
SS_APU_WD_ENA_STS,str
SS_APU_DMR_STS,str
SS_APU_EEPROM_PWR_STS,str
SS_APU_EEPROM_WRITE_STS,str
SS_CMD_HEAD_MODE,str
SS_APU_EEPROM_RFRSH_MECH,str
SS_APU_EEPROM_RFRSH_MODE,str
SS_APU_FILTER_SET_VALUE,int64
SS_APU_SA-1_REFT_CNT,float64
SS_APU_SA-1_REFT_DLY,float64
SS_APU_SINGLE_ERR_CNT,float64
SS_APU_DOUBLE_ERR_CNT,float64
SS_APU_S/W_TIMER,float64
SS_APU_CHKSUM_SBM,float64
SS_APU_PRIME_HEAD,float64
SS_APU_REF_CHKSUM_FLAG,str
SS_APU_RAM_CHKSUM_FLAG,str
SS_APU_EXE_TIME,float64
SS_APU_MEAS_INTG_TIME,float64
SS_APU_SA-2_WORD-2,float64
SS_APU_SA-2_WORD-3,float64
SS_APU_SA-2_WORD-4,float64
SS_APU_SA-2_WORD-5,float64
SS_APU_SA-3_WORD-8,float64
SS_APU_SA-14_WORD-2,float64
SS_APU_SA-14_WORD-3,float64
SS_APU_SA-14_WORD-4,float64
SS_APU_SA-14_WORD-5,float64
SS_APU_SA-15_WORD-8,float64
SS_APU_CHU-1_ERR,float64
SS_APU_CHU-2_ERR,float64
SS_APU_CHU-3_ERR,float64
SS_APU_CHU-4_ERR,float64
SS_APU_LINK-1_ERR,float64
SS_APU_LINK-2_ERR,float64
SS_APU_LINK-1_STS,float64
SS_APU_LINK-2_STS,float64
SS_APU_CHU_CMD_PATTERN,float64
SS_APU_CHU_DEF_PATTERN,float64
SS_APU_CHU_CUR_PATTERN,float64
SS_APU_NUM_CMDD_CHU,float64
SS_APU_SA-12_INFO,float64
SS_APU_SA-12_TM_ID,float64
SS_APU_SA-12_REFT_CNT,float64
SS_APU_SA-12_REFT_DLY,float64
SS_APU_SA-13_REFT_CNT,int64
SS_APU_SA-13_REFT_DLY,int64
SS_APU_SA-13_INFO,float64
SS_APU_SPEC_TC,float64
SS_APU_SYNT_DEF_PA,float64
SS_APU_CHU_USED_TRK,float64
SS_APU_CHU_AD,float64
SS_APU_HEAD_CONFIG,float64
SS_APU_FUSION_STS,object
SS_APU_FILTER_STS,str
SS_APU_ACQ_INTG_TIME,float64
SS_APU_SYNDEFPA_VALID,str
SS_APU_SA13_UPDT_CNT_STS,str
SS_APU_SA13_VALIDITY_STS,str
SS_APU_SA14-16_VALID_STS,str
SS_APU_SA14-16_SUCCESS_STS,str
SS_APU_PROM_APP_STS,str
SS_APU_PROM_HK_STS,str
SS_APU_PROM_FPGA_STS_CHK,str
SS_APU_TRK_CNTR,float64
SS_APU_JULIAN_DATE,float64
SS_APU_NR_TC,float64
SS_APU_CAL_CHKSUM_FLAG,float64
SS_APU_CALP_BUFFER,str
SS_APU_INTEGRATION_MODE,str
SS_APU_CPU_WAIT_STS,str
SS_APU_ACQ_CNTR,float64
SS_APU_CHU-1_PC_CNT,float64
SS_APU_CHU-2_PC_CNT,float64
SS_APU_CHU-1_BAD_PIXEL_CNT,float64
SS_APU_CHU-2_BAD_PIXEL_CNT,float64
SS_APU_FILTER_GRP_SEL,float64
SS_APU_CHU_USED,float64
SS_APU_QI_NORM,float64
SS_APU_QI_Z,float64
SS_APU_APM_STS,str
SS_APU_QI_OUT_LIMIT_Z,str
SS_APU_QI_OUT_LIMIT_XY,str
SS_APU_QIB-1,float64
SS_APU_QIB-2,float64
SS_APU_QIB-3,float64
SS_APU_QIB-4,float64
SS_APU_RATE_WX,float64
SS_APU_RATE_WY,float64
SS_APU_RATE_WZ,float64
SEL_HEAD-1_COOLER_STS,str
SEL_HEAD-1_PWR_STS,str
SEL_HEAD-1_PWR_CNTRL_STS,str
SEL_HEAD-1_COOLER_CNTRL_STS,str
SEL_HEAD-1_RX_WORDS,float64
SEL_HEAD-1_MOON_PRES,str
SEL_HEAD-1_DIR_SEARCH_CNT,float64
SEL_HEAD-1_NO_OF_STARS_FOV,float64
SEL_HEAD-1_BRIGHT_OBJ_CNT,float64
SEL_HEAD-1_POS_COH_OUT_STARS,float64
SEL_HEAD-1_MAG_COH_OUT_STARS,float64
SEL_HEAD-1_USBL_STS,str
SEL_HEAD-1_OCCULT_STS,str
SEL_HEAD-1_LINK_STS,str
SEL_HEAD-1_LINK_ASSIGND,float64
SEL_HEAD-1_LINK_TIME_OUT,str
SEL_HEAD-1_ACK_TIME_OUT,str
SEL_HEAD-1_VALID_DATA_STS,str
SEL_HEAD-1_EXP_WORD_STS,object
SEL_HEAD-1_TICK_OUT_STS,str
SEL_HEAD-1_TX_TIME_OUT_STS,str
SEL_HEAD-1_RX_TIME_OUT_STS,str
SEL_HEAD-1_DATA_READY_STS,str
SEL_HEAD-1_DATA_READ_STS,str
SEL_HEAD-1_CAL_CHKSUM_FLG,str
SEL_HEAD-1_ACQ_BADPIX_CS_FLG,str
SEL_HEAD-1_TRK_BADPIX_CS_FLG,str
SEL_HEAD-1_INVALID_FRAME_CNT,float64
SEL_HEAD-1_TRK_WIN_ABS_CNT,float64
SEL_HEAD-1_SYNT_DEF_TRA,float64
SEL_HEAD-1_SUN_PRESENCE,str
SEL_HEAD-1_Q-1,float64
SEL_HEAD-1_Q-2,float64
SEL_HEAD-1_Q-3,float64
SEL_HEAD-1_NO_AD_STAR_ACQ,float64
SEL_HEAD-1_INVALD_STAR_CNT,float64
SEL_HEAD-1_NO_STAR_USED_AD,float64
SEL_HEAD-1_NO_ID_STAR,float64
SEL_HEAD-1_NO_VALD_STAR,float64
SEL_HEAD-1_STAR-1_HITS_NO,float64
SEL_HEAD-1_STAR-1_THD,float64
SEL_HEAD-1_STAR-1_INT_FLAG,str
SEL_HEAD-1_STAR-1_BRIGHT_OBJ,str
SEL_HEAD-1_STAR-1_OBC_NO_ACQ,float64
SEL_HEAD-1_STAR-1_OBC_NO_TRK,float64
SEL_HEAD-1_STAR-1_MAG,float64
SEL_HEAD-1_STAR-1_X,float64
SEL_HEAD-1_STAR-1_Y,float64
SEL_HEAD-1_TOT_BIN_INDX,float64
SEL_HEAD-1_STAR-1_MIN_INT_FLAG,str
SEL_HEAD-1_STAR-2_HITS_NO,float64
SEL_HEAD-1_STAR-2_THD,float64
SEL_HEAD-1_STAR-2_INT_FLAG,str
SEL_HEAD-1_STAR-2_BRIGHT_OBJ,str
SEL_HEAD-1_STAR-2_OBC_NO_ACQ,float64
SEL_HEAD-1_STAR-2_OBC_NO_TRK,int64
SEL_HEAD-1_STAR-2_MAG,float64
SEL_HEAD-1_STAR-2_X,float64
SEL_HEAD-1_STAR-2_Y,float64
SEL_HEAD-1_VALID_BIN_INDX,int64
SEL_HEAD-1_STAR-2_MIN_INT_FLAG,str
SEL_HEAD-1_STAR-3_HITS_NO,float64
SEL_HEAD-1_STAR-3_THD,float64
SEL_HEAD-1_STAR-3_INT_FLAG,str
SEL_HEAD-1_STAR-3_BRIGHT_OBJ,str
SEL_HEAD-1_STAR-3_OBC_NO_ACQ,float64
SEL_HEAD-1_STAR-3_OBC_NO_TRK,int64
SEL_HEAD-1_STAR-3_MAG,float64
SEL_HEAD-1_STAR-3_X,float64
SEL_HEAD-1_STAR-3_Y,float64
SEL_HEAD-1_TOTAL_CLUSTERS,int64
SEL_HEAD-1_STAR-3_MIN_INT_FLAG,str
SEL_HEAD-1_STAR-4_HITS_NO,float64
SEL_HEAD-1_STAR-4_THD,float64
SEL_HEAD-1_STAR-4_INT_FLAG,str
SEL_HEAD-1_STAR-4_BRIGHT_OBJ,str
SEL_HEAD-1_STAR-4_OBC_NO_ACQ,float64
SEL_HEAD-1_STAR-4_OBC_NO_TRK,float64
SEL_HEAD-1_STAR-4_MAG,float64
SEL_HEAD-1_STAR-4_X,float64
SEL_HEAD-1_STAR-4_Y,float64
SEL_HEAD-1_STAR-4_MIN_INT_FLAG,str
SEL_HEAD-1_STAR-5_HITS_NO,float64
SEL_HEAD-1_STAR-5_THD,float64
SEL_HEAD-1_STAR-5_INT_FLAG,str
SEL_HEAD-1_STAR-5_BRIGHT_OBJ,str
SEL_HEAD-1_STAR-5_OBC_NO_ACQ,float64
SEL_HEAD-1_STAR-5_OBC_NO_TRK,float64
SEL_HEAD-1_STAR-5_MAG,float64
SEL_HEAD-1_STAR-5_X,float64
SEL_HEAD-1_STAR-5_Y,float64
SEL_HEAD-1_VALID_CLUSTERS,float64
SEL_HEAD-1_STAR-5_MIN_INT_FLAG,str
SEL_HEAD-2_COOLER_STS,str
SEL_HEAD-2_PWR_STS,str
SEL_HEAD-2_PWR_CNTRL_STS,str
SEL_HEAD-2_COOLER_CNTRL_STS,str
SEL_HEAD-2_RX_WORDS,float64
SEL_HEAD-2_MOON_PRES,str
SEL_HEAD-2_DIR_SEARCH_CNT,float64
SEL_HEAD-2_NO_OF_STARS_FOV,float64
SEL_HEAD-2_BRIGHT_OBJ_CNT,float64
SEL_HEAD-2_POS_COH_OUT_STARS,float64
SEL_HEAD-2_MAG_COH_OUT_STARS,float64
SEL_HEAD-2_USBL_STS,str
SEL_HEAD-2_OCCULT_STS,str
SEL_HEAD-2_LINK_STS,str
SEL_HEAD-2_LINK_ASSIGND,float64
SEL_HEAD-2_LINK_TIME_OUT,str
SEL_HEAD-2_ACK_TIME_OUT,str
SEL_HEAD-2_VALID_DATA_STS,str
SEL_HEAD-2_EXP_WORD_STS,object
SEL_HEAD-2_TICK_OUT_STS,str
SEL_HEAD-2_TX_TIME_OUT_STS,str
SEL_HEAD-2_RX_TIME_OUT_STS,str
SEL_HEAD-2_DATA_READY_STS,str
SEL_HEAD-2_DATA_READ_STS,str
SEL_HEAD-2_CAL_CHKSUM_FLG,str
SEL_HEAD-2_ACQ_BADPIX_CS_FLG,str
SEL_HEAD-2_TRK_BADPIX_CS_FLG,str
SEL_HEAD-2_INVALID_FRAME_CNT,float64
SEL_HEAD-2_TRK_WIN_ABS_CNT,float64
SEL_HEAD-2_SYNT_DEF_TRA,float64
SEL_HEAD-2_SUN_PRESENCE,str
SEL_HEAD-2_Q-1,float64
SEL_HEAD-2_Q-2,float64
SEL_HEAD-2_Q-3,float64
SEL_HEAD-2_INVALD_STAR_CNT,float64
SEL_HEAD-2_NO_STAR_USED_AD,float64
SEL_HEAD-2_NO_ID_STAR,float64
SEL_HEAD-2_NO_VALD_STAR,float64
SEL_HEAD-2_STAR-1_HITS_NO,float64
SEL_HEAD-2_STAR-1_THD,float64
SEL_HEAD-2_STAR-1_INT_FLAG,str
SEL_HEAD-2_STAR-1_BRIGHT_OBJ,str
SEL_HEAD-2_STAR-1_OBC_NO_ACQ,float64
SEL_HEAD-2_STAR-1_OBC_NO_TRK,float64
SEL_HEAD-2_STAR-1_MAG,float64
SEL_HEAD-2_STAR-1_X,float64
SEL_HEAD-2_STAR-1_Y,float64
SEL_HEAD-2_STAR-1_MIN_INT_FLAG,str
SEL_HEAD-2_STAR-2_HITS_NO,float64
SEL_HEAD-2_STAR-2_THD,float64
SEL_HEAD-2_STAR-2_INT_FLAG,str
SEL_HEAD-2_STAR-2_BRIGHT_OBJ,str
SEL_HEAD-2_STAR-2_OBC_NO_ACQ,float64
SEL_HEAD-2_STAR-2_OBC_NO_TRK,float64
SEL_HEAD-2_STAR-2_MAG,float64
SEL_HEAD-2_STAR-2_X,float64
SEL_HEAD-2_STAR-2_Y,float64
SEL_HEAD-2_STAR-2_MIN_INT_FLAG,str
SEL_HEAD-2_STAR-3_HITS_NO,float64
SEL_HEAD-2_STAR-3_THD,float64
SEL_HEAD-2_STAR-3_INT_FLAG,str
SEL_HEAD-2_STAR-3_BRIGHT_OBJ,str
SEL_HEAD-2_STAR-3_OBC_NO_ACQ,float64
SEL_HEAD-2_STAR-3_OBC_NO_TRK,float64
SEL_HEAD-2_STAR-3_MAG,float64
SEL_HEAD-2_STAR-3_X,float64
SEL_HEAD-2_STAR-3_Y,float64
SEL_HEAD-2_STAR-3_MIN_INT_FLAG,str
SEL_HEAD-2_STAR-4_HITS_NO,float64
SEL_HEAD-2_STAR-4_THD,float64
SEL_HEAD-2_STAR-4_INT_FLAG,str
SEL_HEAD-2_STAR-4_BRIGHT_OBJ,str
SEL_HEAD-2_STAR-4_OBC_NO_ACQ,float64
SEL_HEAD-2_STAR-4_OBC_NO_TRK,float64
SEL_HEAD-2_STAR-4_MAG,float64
SEL_HEAD-2_STAR-4_X,float64
SEL_HEAD-2_STAR-4_Y,float64
SEL_HEAD-2_STAR-4_MIN_INT_FLAG,str
SEL_HEAD-2_STAR-5_HITS_NO,float64
SEL_HEAD-2_STAR-5_THD,float64
SEL_HEAD-2_STAR-5_INT_FLAG,str
SEL_HEAD-2_STAR-5_BRIGHT_OBJ,str
SEL_HEAD-2_STAR-5_OBC_NO_ACQ,float64
SEL_HEAD-2_STAR-5_OBC_NO_TRK,float64
SEL_HEAD-2_STAR-5_MAG,float64
SEL_HEAD-2_STAR-5_X,float64
SEL_HEAD-2_STAR-5_Y,float64
ATC_HTR_NO,float64
ATC_HTR_UTP,float64
ATC_HTR_LTP,float64
ATC_TBL_TM_SEL,float64
THR_HTR_TMP_RDB_INDEX,float64
BDH_CARD_1_TS005_TMP,float64
BDH_DCDC_BASE_M_TS007_TMP,float64
SSR_CARD1_TS009_TMP,float64
XBS_M_TS013_TMP,float64
XPF_Plate-1_XPC_3_4_TS015_TMP,float64
XPA_SSPA_M_TS017_TMP,float64
XPF_PLATE-1_NR_SSPA_TS019_TMP,float64
XPF_PLATE-1_XPC_1_2_TS021_TMP,float64
SCTX_10_TS022_TMP,float64
GCRX_10_LO_deck_M_TS024_TMP,float64
SPS1_BASE_M_TS026_TMP,float64
SPS2_BASE_M_TS028_TMP,float64
SPS1_LNA_M_TS030_TMP,float64
BAT1_BODY_TS033_TMP,float64
BAT1_HTR_M_TS034_TMP,float64
BAT2_HTR_M_TS037_TMP,float64
BAT_DIFF_PLT_TS039_TMP,float64
CPE10_BASE_M_TS046_TMP,float64
OBC1_BASE_TS049_TMP,float64
OBC1_PKG_TS050_TMP,float64
SS1_M_TS053_TMP,float64
SS2_M_TS055_TMP,float64
APU_BASE_TS057_TMP,float64
CONICAL_ES-M_TS058_TMP,float64
SAFE_ES-1_M_TS060_TMP,float64
RW1_CASING_TS064_TMP,float64
RW3_CASING_TS066_TMP,float64
DCPE_4_TS068_TMP,float64
PPS_PLC_DCPE_3_TS070_TMP,float64
IRU_M_TS072_TMP,float64
IRU_BASE_TS074_TMP,float64
EP02_SADA_SHFT_ASS_TS076_TMP,float64
EP04_SADA_SHFT_SS_TS078_TMP,float64
PPS_6_MON_TS226_TMP,float64
WDE_10_20_TS082_TMP,float64
CCD_HP_1_MON_THR03_TS228_TMP,object
P1_SADA_ELX_BASE_TS085_TMP,object
FUELTANK-1_TS087_TMP,float64
FUELTANK-2_TS089_TMP,float64
LV_M_TS091_TMP,float64
FCV_R1_TS093_TMP,float64
FCV_R2_TS094_TMP,float64
FCV_R3_TS095_TMP,float64
FCV_R4_TS096_TMP,float64
11N_FCV_D1_TS101_TMP,float64
11N_FCV_D2_TS102_TMP,float64
11N_PLMLN_1_TS105_TMP,float64
PL_LN_SHRPNL_1_TS107_TMP,float64
PL_LN_DP1_POSY1_TS109_TMP,float64
PL_LN_DP1_NEGY_1_TS111_TMP,float64
PL_LN_DP1_POSP_1_TS113_TMP,float64
SCTX_STC_GCRX-20_TS120_TMP,float64
EP04_SADA_HOUS_SS_TS077_TMP,float64
IF_RING_POS_Y_TS115_TMP,float64
CYLDR_POS_P_TS117_TMP,float64
DP01GCRX-10_TS119_TMP,float64
EP01_PNL_TS122_TMP,float64
EP03_PNL_TS164_TMP,float64
SAFE_ES-1_BP_TS063_TMP,float64
PPL_NY_PP_NR_OCM_TS166_TMP,float64
SSTM_DIFF_PLT_TS168_TMP,float64
PPL_CYL_NEG_P_TS170_TMP,float64
XBS-111_TS173_TMP,float64
Disp_mHP_at_Sink4_TS185_TMP,float64
DCPE_1_TS186_TMP,float64
SSTM_DIF_PLT_TS187_TMP,float64
SSTM_COMP_MOUNT-1_M_TS169_TMP,float64
PPL_NP_NR_SSTM_RAD_TS211_TMP,float64
PPL_pY_pP_TS213_TMP,float64
COMP_mHP_at_Mount4_TS215_TMP,float64
COMP_mHP_at_Mount6_TS217_TMP,object
DISP_mHP_at_Sink1_TS219_TMP,float64
PLC_M_TS175_TMP,object
PPS_PLC_DCPE_1_TS176_TMP,object
PPS_CDE_FECE_1_TS177_TMP,object
SCAT_RX2_M_TS147_TMP,float64
PPS_7_TS183_TMP,float64
OCM_ABRK_BRG_POS_P_TS190_TMP,float64
OCM_L_BRG_POS_Y_TS192_TMP,float64
OCM_MOTOR_POS_Y_TS194_TMP,float64
PPL_NR_OCM_HD_TS196_TMP,float64
BAT1_INT_1_TS040_TMP,float64
BAT1_INT_3_TS042_TMP,float64
PPS_CDE_FECE_3_TS224_TMP,float64
OCM_TILT_MECH_ELX_TS200_TMP,float64
P2_SADA_ELX_AMP-M_TS079_TMP,float64
OCM_STR_HTR_TS225_TMP,float64
SSTM_FECE_RAD_TS236_TMP,float64
SSTM_FECE_TS202_TMP,float64
CDE_M_1_TS207_TMP,float64
SSTM_TRUSS_BASE-1_TS204_TMP,float64
SSTM_SM_CONTG_TS205_TMP,float64
CDE_M_2_TS209_TMP,float64
SSTM_ELX_M_TS222_TMP,object
CCD_HP_3_MON_TH_TS230_TMP,float64
SCAT_HDRM_BRK1_TS123_TMP,float64
SCAT_HDRM_BRK2_TS124_TMP,object
SCAT_SSM_RJ_M_TS126_TMP,object
SCAT_SSM_BRG-1M_TS128_TMP,object
SCAT_SSM_BRG_2M_TS130_TMP,float64
SCAT_SSM_MOTOR_M_TS132_TMP,float64
SCAT_SSM_IF_M_TS134_TMP,float64
SCAT_FESA_TS136_TMP,float64
SCAT_LNA_M_TS137_TMP,float64
SCAT_SCE_M_TS139_TMP,float64
CCD_HP_5_MON_THR1_TS232_TMP,float64
FECE_8_MON_TH_TS234_TMP,float64
BAT1_INT_2_TS041_TMP,float64
SCAT_RX1_M_TS145_TMP,float64
ES1_SCAN_MEC_TS062_TMP,float64
SCAT_FG10M_TS149_TMP,float64
SCAT_FG20_M_TS151_TMP,float64
SCAT_DSS10_M_TS153_TMP,float64
SCAT_SCE_M_TS155_TMP,float64
COMP_mHP_at_Mount2_TS189_TMP,float64
SCAT_TWTA_M_TS159_TMP,float64
SCAT_EPC10_TS160_TMP,float64
P1_SADA_ELX_AMP-M_TS083_TMP,float64
SSR_BASE_M_TS003_TMP,float64
SCAT_TWTA_M_TS141_TMP,object
SCAT_SEP2_CONTG_HTR_TS143_TMP,float64
SSR_DCDC_BASE_M_TS011_TMP,float64
SP_P_Pitch_PYRO_TS198_TMP,object
BDH_BASE_M_TS001_TMP,object
DISP_mHP_at_Sink3_TS237_TMP,object
COMP_mHP-3_at_DIFFU_TS239_TMP,object
COMP_mHP-4_at_DIFFU_TS240_TMP,object
BDH_CARD3_TS244_TMP,object
DISP_mHP-2_at_DIFFU_TS246_TMP,float64
DISP_mHP-3_at_DIFFU_TS247_TMP,float64
MATHS_FILTER-M_TS249_TMP,float64
MATHS_MDE-M_TS257_TMP,float64
MATHS_BEARING-1-M_TS251_TMP,object
MATHS_TSU-EPC-M_TS259_TMP,object
MATHS_BEARING-2-M_TS253_TMP,object
MATHS_TSU-BE-M_TS261_TMP,object
DP01SCTX_STC-10_TS263_TMP,object
GCRX_10_RF_DECK_M_TS264_TMP,object
MATHS_TSU-FE-M_TS266_TMP,object
MATHS_HSU-FE-M_TS268_TMP,object
DISPLACER_SINK-M_TS275_TMP,object
COMP_MOUNT-M_TS277_TMP,object
MATHS_HSU-FG-M_TS255_TMP,object
COMP_MOUNT4_TS279_TMP,object
DISPLACER_SINK-1_TS280_TMP,float64
COMPRESSOR_BODY_TS281_TMP,float64
SAFE_ES-2_M_TS282_TMP,float64
SSTM_DISP_MOUNT-1_TS273_TMP,float64
SAFE_ES-1_Det_plate_TS284_TMP,float64
SSTM_ELX_Int_TS206_TMP,float64
MATHS_Motor-M_TS270_TMP,float64
MATHS_PLC-FPGA_TS290_TMP,float64
OCM_HDRM_PYRO_TS288_TMP,float64
BDH_CARD_2_TS006_TMP,float64
BDH_DCDC_BASE_R_TS008_TMP,float64
SSR_CARD2_TS010_TMP,object
XBS_R_TS014_TMP,float64
XPF_Plate-2_XPC_5_6_TS016_TMP,float64
XPA_SSPA_R_TS018_TMP,float64
XPF_PLATE-2_XPC_7_8_TS020_TMP,float64
SPS_DCDC_BASE_TS032_TMP,float64
SCTX_20_TS023_TMP,float64
GCRX_20_LO_deck_R_TS025_TMP,float64
SPS2_BASE_R_TS027_TMP,float64
SPS1_BASE_R_TS029_TMP,float64
SPS2_LNA_R_TS031_TMP,float64
BAT1_HTR_R_TS035_TMP,float64
BAT2_BODY_TS036_TMP,float64
BAT2_HTR_R_TS038_TMP,float64
CPE10_BASE_R_TS047_TMP,float64
EP03_PNL_CONTG_HTR_TS048_TMP,float64
OBC2_PKG_TS052_TMP,float64
OBC2_BASE_TS051_TMP,float64
SS1_R_TS054_TMP,float64
SS2_R_TS056_TMP,float64
CONICAL_ES-R_TS059_TMP,float64
SAFE_ES-1_R_TS061_TMP,float64
RW2_CASING_TS065_TMP,float64
RW4_CASING_TS067_TMP,float64
PPS_CDE_FECE4_TS069_TMP,float64
PPS_PLC_DCPE_4_TS071_TMP,float64
IRU_R_TS073_TMP,float64
EP02_SADA_HOUS_ASS_TS075_TMP,object
PPS_7_MON_TS227_TMP,object
CCD_HP_2_MON_TH_TS229_TMP,object
WDE_20_30_TS086_TMP,float64
P2_SADA_ELX_BASE_TS081_TMP,float64
FUELTANK-1_TS088_TMP,float64
FUELTANK-2_TS090_TMP,float64
LV_R_TS092_TMP,float64
FCV_R5_TS097_TMP,float64
FCV_R6_TS098_TMP,float64
FCV_R7_TS099_TMP,float64
FCV_R8_TS100_TMP,float64
11N_FCV_D3_TS103_TMP,float64
11N_FCV_D4_TS104_TMP,float64
11N_PLMLN_2_TS106_TMP,float64
PL_LN_SHRPNL_2_TS108_TMP,float64
PL_LN_DP1_POSY_2_TS110_TMP,float64
PL_LN_DP1_NEGY_2_TS112_TMP,float64
PL_LN_DP1_POSP_2_TS114_TMP,float64
IF_RING_NEG_Y_TS116_TMP,float64
CYLDR_NEG_P_TS118_TMP,float64
DP02_PNL_TS121_TMP,float64
EP02_PNL_TS163_TMP,float64
EP04_PNL_TS165_TMP,float64
PPL_NP_NR_SSTM_RAD_TS167_TMP,float64
PPL_CYL_POS_P_TS171_TMP,float64
DP01_CJ_BOX_TS172_TMP,float64
XBS-211_TS174_TMP,float64
SSTM_DIF_PLT_TS188_TMP,float64
SSTM_TRUSS_BASE-2_TS157_TMP,float64
DISP_mHP_at_Sink2_TS220_TMP,float64
PPL_NR_PLC_TS212_TMP,float64
COMP_mHP_at_Mount3_TS214_TMP,float64
COMP_mHP_at_Mount5_TS216_TMP,float64
SSTM_CM-1_NR_COMP_TS218_TMP,float64
PLC_R_TS178_TMP,float64
PPS_CDE_FECE_2_TS180_TMP,float64
DCPE_3_TS181_TMP,object
PPS_6_TS182_TMP,float64
PPS_PLC_DCPE_2_TS179_TMP,float64
DCPE_2_TS184_TMP,float64
OCM_ABRK_BRG_NEG_P_TS191_TMP,float64
OCM_L_BRG_NEG_Y_TS193_TMP,float64
PPS_7_TS195_TMP,float64
OCM_HD_BRKT_TS197_TMP,float64
BAT2_INT_1_TS043_TMP,float64
BAT2_INT_3_TS045_TMP,float64
P2_SADA_ELX_AMP-R_TS080_TMP,float64
SP_N_Pitch_PYRO_TS199_TMP,float64
DISPLACER_BODY_TS203_TMP,float64
CDE_R_1_TS208_TMP,float64
SSTM_ELX_Int_TS287_TMP,float64
SSTM_SM_BRG_TR_TS221_TMP,float64
CDE_R_2_TS210_TMP,float64
SSTM_ELX_R_TS223_TMP,float64
CCD_HP_4_MON__TS231_TMP,float64
SCAT_HDRM_BRK3_TS125_TMP,object
SCAT_SSM_RJ_R_TS127_TMP,float64
SCAT_SSM_BRG-1R_TS129_TMP,float64
SCAT_SSM_BRG_2R_TS131_TMP,object
SCAT_SSM_MOTOR_R_TS133_TMP,object
SCAT_SSM_IF_R_TS135_TMP,object
SCAT_LNA_R_TS138_TMP,float64
SCAT_SCE_R_TS140_TMP,object
FECE_3_MON_T_TS233_TMP,object
FECE_13_MON_THR2_TS235_TMP,float64
SCAT_RX1_R_TS146_TMP,float64
SCAT_RX2_R_TS148_TMP,float64
SCAT_FG10R_TS150_TMP,float64
SCAT_FG20_R_TS152_TMP,float64
SCAT_DSS10_R_TS154_TMP,float64
SCAT_SCE_R_TS156_TMP,float64
SSTM_TRUSS_BASE-3_TS158_TMP,float64
SCAT_TWTA_R_TS161_TMP,float64
SCAT_EPC20_TS162_TMP,float64
BAT2_INT_2_TS044_TMP,float64
PPS_6_TS201_TMP,object
P1_SADA_ELX_AMP-R_TS084_TMP,float64
SSR_BASE_R_TS004_TMP,float64
SCAT_TWTA_R_TS142_TMP,float64
SCAT_SEP4_CONTG_HTR_TS144_TMP,float64
SSR_DCDC_BASE_R_TS012_TMP,float64
DISP_mHP-1_at_DIFFU_TS243_TMP,object
BDH_BASE_R_TS002_TMP,object
COMP_mHP-2_at_DIFFU_TS238_TMP,object
COMP_mHP-5_at_DIFFU_TS241_TMP,object
COMP_mHP-6_at_DIFFU_TS242_TMP,object
BDH_CARD4_TS245_TMP,float64
DISP_mHP-4_at_DIFFU_TS248_TMP,float64
MATHS_HSU-FG-R_TS256_TMP,float64
MATHS_FILTER-R_TS250_TMP,float64
MATHS_MDE-R_TS258_TMP,float64
MATHS_BEARING-1-R_TS252_TMP,float64
MATHS_TSU-EPC-R_TS260_TMP,float64
MATHS_BEARING-2-R_TS254_TMP,float64
MATHS_TSU-BE-R_TS262_TMP,float64
COMP_MOUNT-R_TS278_TMP,float64
GCRX_20_RF_DECK_R_TS265_TMP,float64
MATHS_TSU-FE-R_TS267_TMP,float64
MATHS_HSU-FE-R_TS269_TMP,float64
SAFE_ES-2_R_TS283_TMP,float64
SSTM_DISP_MOUNT-1_TS274_TMP,float64
SAFE_ES-2_Det_plate_TS286_TMP,float64
SCAT_HDRM_PYRO_TS289_TMP,float64
MATHS_Motor-R_TS271_TMP,float64
SSTM_COMP_MOUNT-1_TS272_TMP,float64
SN97_98_TS292_TMP,float64
SAFE_ES-2_BP_TS285_TMP,float64
DISPLACER_SINK-R_TS276_TMP,float64
MATHS_PLC-FPGA_TS291_TMP,float64
DP01_MLI_PRT05_TMP,float64
SSTM_M_RAD_PRT10_TMP,float64
4PI_SN52_PRT08_TMP,float64
SOLAR_Panel-11_PRT01_TMP,float64
SOLAR_Panel-21_PRT03_TMP,float64
EP_03_MLI_PRT06_TMP,float64
SCAT_MLI_PRT07_TMP,float64
4PI_SN52_PRT09_TMP,float64
SOLAR_Panel-12_PRT02_TMP,float64
SOLAR_Panel-22_PRT04_TMP,float64
RCS_THR_R1_TC001_TMP,float64
RCS_THR_R2_TC002_TMP,float64
RCS_THR_R3_TC003_TMP,float64
RCS_THR_R4_TC004_TMP,float64
RCS_THR_D1_TC009_TMP,float64
RCS_THR_D3_TC011_TMP,float64
RCS_THR_R5_TC005_TMP,float64
RCS_THR_R6_TC006_TMP,float64
RCS_THR_R7_TC007_TMP,float64
RCS_THR_R8_TC008_TMP,float64
RCS_THR_D2_TC010_TMP,float64
RCS_THR_D4_TC012_TMP,float64
SCAT_SEP02_TWTA_M_OBC_H1_STS,str
SSTM_Radiator_2_M_OBC_H2_STS,str
MATHS_TSU-FE-M_OBC_H3_STS,str
PLCHTR-M_OBC_H4_STS,str
1N_FCV_R3R4_M_OBC_H6_STS,str
PL_Ln_11NCYLin_M_OBC_H7_STS,str
SCAT_SEP03_RX_M_OBC_H8_STS,str
BDH_BASE_M_OBC_H9_STS,str
SSTM_DISP_MOUNT1M_OBC_H10_STS,str
ES_SN-21HTR_M_OBC_H11_STS,str
RW-10_CASING_OBC_H12_STS,str
1N_Thr_bed_R5R6_M_OBC_H13_STS,str
EP-03_PANEL_CONTG_OBC_H14_STS,str
SSTM_FECE_OBC_H15_STS,str
PPS-PLC-DCPE-1_OBC_H17_STS,str
SCAT_SEP-04_DSS_M_OBC_H18_STS,str
MATHS_HSU-FE-M_OBC_H19_STS,str
EP-02_BAT-10_M_OBC_H20_STS,str
1N_FCV_R1R2_M_OBC_H22_STS,str
MATHS_Motor-M_OBC_H23_STS,str
RCS_Tank-1_M_OBC_H24_STS,str
EP-03_SPS-250_M_OBC_H25_STS,str
PL_Ln_DP01_EP02_M_OBC_H26_STS,str
1N_Thr_bed_R1R2_M_OBC_H27_STS,str
SCAT_SEP03_FG_M_OBC_H28_STS,str
SSTM_COMP_MOUNT1M_OBC_H29_STS,str
EP-03_SN-32_M_OBC_H30_STS,str
SSTM_SM_ELX_M_OBC_H31_STS,str
DCPE-4_OBC_H33_STS,str
PPL-2_NR_SSTM_RAD_OBC_H34_STS,str
MATHS_BEARING-1-M_OBC_H35_STS,str
MATHS_TSU-EPC-M_OBC_H36_STS,str
SSTM_DISP_M_OBC_H39_STS,str
EP-01_XPC_SINK_OBC_H41_STS,str
EP-04_OBC-10/20_M_OBC_H49_STS,str
PPL-1_NEAR_OCM_OBC_H50_STS,str
PPS-CDE-FECE-1_OBC_H52_STS,str
1N_FCV_R5R6_M_OBC_H53_STS,str
11N_FCV_D1D3_M_OBC_H54_STS,str
EP-03_CPE-10_M_OBC_H55_STS,str
SCAT_SSM_BRG_M_OBC_H57_STS,str
SCAT_SEP03_FG_M_OBC_H58_STS,str
1N_Thr_bed_R3R4_M_OBC_H59_STS,str
SCAT_SCE_M_OBC_H60_STS,str
PL_Ln_DP01_EP03_M_OBC_H62_STS,str
PL_Ln_sh_PNL-1_M_OBC_H63_STS,str
EP-03_SN-31_M_OBC_H65_STS,str
SSTM_RAD_1_M_OBC_H66_STS,str
SCAT_SEP02_CONTG_OBC_H67_STS,str
CDE-2_M_OBC_H68_STS,str
EP-01_SN-52_M_OBC_H69_STS,str
11N_Thr_bed_D1D3_M_OBC_H71_STS,str
DCPE-3_OBC_H72_STS,str
EP01_SMS_SN_202_M_OBC_H73_STS,str
IRU_BASE_M_OBC_H74_STS,str
SSTM_TRUSS_BASE-1_OBC_H75_STS,str
RW-30_CASING_OBC_H76_STS,str
LV_Filter_M_OBC_H77_STS,str
1N_FCV_R7R8_M_OBC_H78_STS,str
EP-04_BE-10_OBC_H79_STS,str
PPS-PLC-DCPE-HTR3_OBC_H81_STS,str
MATHS_HSU-FG-M_OBC_H83_STS,str
MATHS_MDE-M_OBC_H84_STS,str
SSTM_COMP_M_OBC_H87_STS,str
EP02_WDE_10_40_OBC_H97_STS,str
DCPEHTR-1_OBC_H98_STS,str
SSTM_RAD_CONTG_1_OBC_H99_STS,str
PPS-CDE-FECEHTR3_OBC_H100_STS,str
SCAT_RJ_M_OBC_H101_STS,str
11N_FCV_D2D4_M_OBC_H102_STS,str
SCAT_SEP04_RX_M_OBC_H103_STS,str
SMS_SN_201_HTR_M_OBC_H105_STS,str
MATHS_FILTER-M_OBC_H106_STS,str
SCTX_STC_GCRX-20_OBC_H107_STS,str
11NThr_bed_D2D4_M_OBC_H108_STS,str
SSR_BASE-M_OBC_H111_STS,str
SCAT_ANT_HLD_DOWN_OBC_H113_STS,str
CDE-1_M_OBC_H114_STS,str
EP-02_BAT-20_M_OBC_H115_STS,str
PPS-7_OBC_H116_STS,str
PL_Ln_DP01_EP01_M_OBC_H117_STS,str
DP02_OCM_TILT_ELX_OBC_H119_STS,str
RCS_Tank-2_M_OBC_H121_STS,str
SCAT_SSM_BASE_M_OBC_H124_STS,str
1N_Thr_bed_R7R8_M_OBC_H126_STS,str
EP-03_SPS-260_M_OBC_H127_STS,str
PPS-7-HTR_2_OBC_H129_STS,str
MATHS_BEARING-2-M_OBC_H131_STS,str
MATHS_TSU-BE-M_OBC_H132_STS,str
SSTM_COMP_CONTG_OBC_H135_STS,str
SCAT_SEP02_TWTA_R_OBC_H193_STS,str
SSTM_Radiator_2_R_OBC_H194_STS,str
MATHS_TSU-FE-R_OBC_H195_STS,str
PLCHTR-R_OBC_H196_STS,str
1N_FCV_R3R4_R_OBC_H198_STS,str
PL_Ln_11NCYLin_R_OBC_H199_STS,str
SCAT_SEP03_RX_R_OBC_H200_STS,str
BDH_BASE_R_OBC_H201_STS,str
SSTM_DISP_MOUNT1R_OBC_H202_STS,str
ES_SN-21HTR_R_OBC_H203_STS,str
RW-20_CASING_OBC_H204_STS,str
1N_Thr_bed_R5R6_R_OBC_H205_STS,str
SCAT_LNA_FESA_OBC_H206_STS,str
PPS-PLC-DCPEHTR2_OBC_H209_STS,str
SCAT_SEP-04_DSS_R_OBC_H210_STS,str
MATHS_HSU-FE-R_OBC_H211_STS,str
EP-02_BAT-10_R_OBC_H212_STS,str
1N_FCV_R1R2_R_OBC_H214_STS,str
MATHS_Motor-R_OBC_H215_STS,str
RCS_Tank-1_R_OBC_H216_STS,str
EP-03_SPS-250_R_OBC_H217_STS,str
PL_Ln_DP01_EP02_R_OBC_H218_STS,str
1N_Thr_bed_R1R2_R_OBC_H219_STS,str
SCAT_SEP03_FG_R_OBC_H220_STS,str
SSTM_COMP_MOUNT1R_OBC_H221_STS,str
EP-03_SN-32_R_OBC_H222_STS,str
SSTM_SM_ELX_R_OBC_H223_STS,str
PPS-CDE-FECE-HTR4_OBC_H225_STS,str
PPL-4_OBC_H226_STS,str
MATHS_BEARING-1-R_OBC_H227_STS,str
MATHS_TSU-EPC-R_OBC_H228_STS,str
SSTM_DISP_R_OBC_H231_STS,str
EP-01_XBS_SINK_OBC_H233_STS,str
EP-04_OBC-10/20_R_OBC_H241_STS,str
PPL-3_NR_SSTM_RAD_OBC_H242_STS,str
PPS-CDE-FECEHTR2_OBC_H244_STS,str
1N_FCV_R5R6_R_OBC_H245_STS,str
11N_FCV_D1D3_R_OBC_H246_STS,str
EP-03_CPE-10_R_OBC_H247_STS,str
SCAT_SSM_BRG_R_OBC_H249_STS,str
SCAT_SEP03_FG_R_OBC_H250_STS,str
1N_Thr_bed_R3R4_R_OBC_H251_STS,str
SCAT_SCE_R_OBC_H252_STS,str
PL_Ln_DP01_EP03_R_OBC_H254_STS,str
PL_Ln_sh_PNL-1_R_OBC_H255_STS,str
EP-03_SN-31_R_OBC_H257_STS,str
SSTM_Radiator_1_R_OBC_H258_STS,str
SCAT_SEP04_CONTG_OBC_H259_STS,str
CDE-2_R_OBC_H260_STS,str
EP-01_SN-52_R_OBC_H261_STS,str
11NThr_bed_D1D3_R_OBC_H263_STS,str
OCM_STR_OBC_H264_STS,str
EP01_SMS_SN_202_R_OBC_H265_STS,str
IRU_BASE_R_OBC_H266_STS,str
SSTM_TRUSS_base-2_OBC_H267_STS,str
RW-40_CASING_OBC_H268_STS,str
LV_Filter_R_OBC_H269_STS,str
1N_FCV_R7R8_R_OBC_H270_STS,str
EP-02_BE-20_OBC_H271_STS,str
PPS-PLC-DCPE-HTR4_OBC_H273_STS,str
MATHS_HSU-FG-R_OBC_H275_STS,str
MATHS_MDE-R_OBC_H276_STS,str
SSTM_COMP_R_OBC_H279_STS,str
EP04_WDE_20_30_OBC_H289_STS,str
PPS-6_OBC_H290_STS,str
SSTM_RAD_CONTG_2_OBC_H291_STS,str
EP-02_BAT_PLATE_OBC_H292_STS,str
SCAT_RJ_R_OBC_H293_STS,str
11N_FCV_D2D4_R_OBC_H294_STS,str
SCAT_SEP04_RX_R_OBC_H295_STS,str
SMS_SN_201HTR_R_OBC_H297_STS,str
MATHS_FILTER-R_OBC_H298_STS,str
SSTM_TRUSS_BASE-3_OBC_H299_STS,str
11NThr_bed_D2D4_R_OBC_H300_STS,str
SSR_BASE-R_OBC_H303_STS,str
EP-01XPF_PLATE-1_OBC_H305_STS,str
CDE-1_R_OBC_H306_STS,str
EP-02_BAT-20_R_OBC_H307_STS,str
DCPE-2_OBC_H308_STS,str
PL_Ln_DP01_EP01_R_OBC_H309_STS,str
RCS_Tank-2_R_OBC_H313_STS,str
PPL_NEAR_PLC_OBC_H315_STS,str
SCAT_SSM_BASE_R_OBC_H316_STS,str
1N_Thr_bed_R7R8_R_OBC_H318_STS,str
EP-03_SPS-260_R_OBC_H319_STS,str
PPS-6-HTR_2_OBC_H321_STS,str
MATHS_BEARING-2-R_OBC_H323_STS,str
MATHS_TSU-BE-R_OBC_H324_STS,str
SSTM_DISP_CONTG_OBC_H327_STS,str
SCAT_SEP02_TWTA_M_OBC_H1_ATC,str
SSTM_Radiator_2_M_OBC_H2_ATC,str
MATHS_TSU-FE-M_OBC_H3_ATC,str
PLCHTR-M_OBC_H4_ATC,str
1N_FCV_R3R4_M_OBC_H6_ATC,str
PL_Ln_11NCYLin_M_OBC_H7_ATC,str
SCAT_SEP03_RX_M_OBC_H8_ATC,str
BDH_BASE_M_OBC_H9_ATC,str
SSTM_DISP_MOUNT1M_OBC_H10_ATC,str
ES_SN-21HTR_M_OBC_H11_ATC,str
RW-10_CASING_OBC_H12_ATC,str
1N_Thr_bed_R5R6_M_OBC_H13_ATC,str
EP-03_PANEL_CONTG_OBC_H14_ATC,str
SSTM_FECE_OBC_H15_ATC,str
PPS-PLC-DCPE-1_OBC_H17_ATC,str
SCAT_SEP-04_DSS_M_OBC_H18_ATC,str
MATHS_HSU-FE-M_OBC_H19_ATC,str
EP-02_BAT-10_M_OBC_H20_ATC,str
1N_FCV_R1R2_M_OBC_H22_ATC,str
MATHS_Motor-M_OBC_H23_ATC,str
RCS_Tank-1_M_OBC_H24_ATC,str
EP-03_SPS-250_M_OBC_H25_ATC,str
PL_Ln_DP01_EP02_M_OBC_H26_ATC,str
1N_Thr_bed_R1R2_M_OBC_H27_ATC,str
SCAT_SEP03_FG_M_OBC_H28_ATC,str
SSTM_COMP_MOUNT1M_OBC_H29_ATC,str
EP-03_SN-32_M_OBC_H30_ATC,str
SSTM_SM_ELX_M_OBC_H31_ATC,str
DCPE-4_OBC_H33_ATC,str
PPL-2_NR_SSTM_RAD_OBC_H34_ATC,str
MATHS_BEARING-1-M_OBC_H35_ATC,str
MATHS_TSU-EPC-M_OBC_H36_ATC,str
SSTM_DISP_M_OBC_H39_ATC,str
EP-01_XPC_SINK_OBC_H41_ATC,str
EP-04_OBC-10/20_M_OBC_H49_ATC,str
PPL-1_NEAR_OCM_OBC_H50_ATC,str
PPS-CDE-FECE-1_OBC_H52_ATC,str
1N_FCV_R5R6_M_OBC_H53_ATC,str
11N_FCV_D1D3_M_OBC_H54_ATC,str
EP-03_CPE-10_M_OBC_H55_ATC,str
SCAT_SSM_BRG_M_OBC_H57_ATC,str
SCAT_SEP03_FG_M_OBC_H58_ATC,str
1N_Thr_bed_R3R4_M_OBC_H59_ATC,str
SCAT_SCE_M_OBC_H60_ATC,str
PL_Ln_DP01_EP03_M_OBC_H62_ATC,str
PL_Ln_sh_PNL-1_M_OBC_H63_ATC,str
EP-03_SN-31_M_OBC_H65_ATC,str
SSTM_RAD_1_M_OBC_H66_ATC,str
SCAT_SEP02_CONTG_OBC_H67_ATC,str
CDE-2_M_OBC_H68_ATC,str
EP-01_SN-52_M_OBC_H69_ATC,str
11N_Thr_bed_D1D3_M_OBC_H71_ATC,str
DCPE-3_OBC_H72_ATC,str
EP01_SMS_SN_202_M_OBC_H73_ATC,str
IRU_BASE_M_OBC_H74_ATC,str
SSTM_TRUSS_BASE-1_OBC_H75_ATC,str
RW-30_CASING_OBC_H76_ATC,str
LV_Filter_M_OBC_H77_ATC,str
1N_FCV_R7R8_M_OBC_H78_ATC,str
EP-04_BE-10_OBC_H79_ATC,str
PPS-PLC-DCPE-HTR3_OBC_H81_ATC,str
MATHS_HSU-FG-M_OBC_H83_ATC,str
MATHS_MDE-M_OBC_H84_ATC,str
SSTM_COMP_M_OBC_H87_ATC,str
EP02_WDE_10_40_OBC_H97_ATC,str
DCPEHTR-1_OBC_H98_ATC,str
SSTM_RAD_CONTG_1_OBC_H99_ATC,str
PPS-CDE-FECEHTR3_OBC_H100_ATC,str
SCAT_RJ_M_OBC_H101_ATC,str
11N_FCV_D2D4_M_OBC_H102_ATC,str
SCAT_SEP04_RX_M_OBC_H103_ATC,str
SMS_SN_201_HTR_M_OBC_H105_ATC,str
MATHS_FILTER-M_OBC_H106_ATC,str
SCTX_STC_GCRX-20_OBC_H107_ATC,str
11NThr_bed_D2D4_M_OBC_H108_ATC,str
SSR_BASE-M_OBC_H111_ATC,str
SCAT_ANT_HLD_DOWN_OBC_H113_ATC,str
CDE-1_M_OBC_H114_ATC,str
EP-02_BAT-20_M_OBC_H115_ATC,str
PPS-7_OBC_H116_ATC,str
PL_Ln_DP01_EP01_M_OBC_H117_ATC,str
DP02_OCM_TILT_ELX_OBC_H119_ATC,str
RCS_Tank-2_M_OBC_H121_ATC,str
SCAT_SSM_BASE_M_OBC_H124_ATC,str
1N_Thr_bed_R7R8_M_OBC_H126_ATC,str
EP-03_SPS-260_M_OBC_H127_ATC,str
PPS-7-HTR_2_OBC_H129_ATC,str
MATHS_BEARING-2-M_OBC_H131_ATC,str
MATHS_TSU-BE-M_OBC_H132_ATC,str
SSTM_COMP_CONTG_OBC_H135_ATC,str
SCAT_SEP02_TWTA_R_OBC_H193_ATC,str
SSTM_Radiator_2_R_OBC_H194_ATC,str
MATHS_TSU-FE-R_OBC_H195_ATC,str
PLCHTR-R_OBC_H196_ATC,str
1N_FCV_R3R4_R_OBC_H198_ATC,str
PL_Ln_11NCYLin_R_OBC_H199_ATC,str
SCAT_SEP03_RX_R_OBC_H200_ATC,str
BDH_BASE_R_OBC_H201_ATC,str
SSTM_DISP_MOUNT1R_OBC_H202_ATC,str
ES_SN-21HTR_R_OBC_H203_ATC,str
RW-20_CASING_OBC_H204_ATC,str
1N_Thr_bed_R5R6_R_OBC_H205_ATC,str
SCAT_LNA_FESA_OBC_H206_ATC,str
PPS-PLC-DCPEHTR2_OBC_H209_ATC,str
SCAT_SEP-04_DSS_R_OBC_H210_ATC,str
MATHS_HSU-FE-R_OBC_H211_ATC,str
EP-02_BAT-10_R_OBC_H212_ATC,str
1N_FCV_R1R2_R_OBC_H214_ATC,str
MATHS_Motor-R_OBC_H215_ATC,str
RCS_Tank-1_R_OBC_H216_ATC,str
EP-03_SPS-250_R_OBC_H217_ATC,str
PL_Ln_DP01_EP02_R_OBC_H218_ATC,str
1N_Thr_bed_R1R2_R_OBC_H219_ATC,str
SCAT_SEP03_FG_R_OBC_H220_ATC,str
SSTM_COMP_MOUNT1R_OBC_H221_ATC,str
EP-03_SN-32_R_OBC_H222_ATC,str
SSTM_SM_ELX_R_OBC_H223_ATC,str
PPS-CDE-FECE-HTR4_OBC_H225_ATC,str
PPL-4_OBC_H226_ATC,str
MATHS_BEARING-1-R_OBC_H227_ATC,str
MATHS_TSU-EPC-R_OBC_H228_ATC,str
SSTM_DISP_R_OBC_H231_ATC,str
EP-01_XBS_SINK_OBC_H233_ATC,str
EP-04_OBC-10/20_R_OBC_H241_ATC,str
PPL-3_NR_SSTM_RAD_OBC_H242_ATC,str
PPS-CDE-FECEHTR2_OBC_H244_ATC,str
1N_FCV_R5R6_R_OBC_H245_ATC,str
11N_FCV_D1D3_R_OBC_H246_ATC,str
EP-03_CPE-10_R_OBC_H247_ATC,str
SCAT_SSM_BRG_R_OBC_H249_ATC,str
SCAT_SEP03_FG_R_OBC_H250_ATC,str
1N_Thr_bed_R3R4_R_OBC_H251_ATC,str
SCAT_SCE_R_OBC_H252_ATC,str
PL_Ln_DP01_EP03_R_OBC_H254_ATC,str
PL_Ln_sh_PNL-1_R_OBC_H255_ATC,str
EP-03_SN-31_R_OBC_H257_ATC,str
SSTM_Radiator_1_R_OBC_H258_ATC,str
SCAT_SEP04_CONTG_OBC_H259_ATC,str
CDE-2_R_OBC_H260_ATC,str
EP-01_SN-52_R_OBC_H261_ATC,str
11NThr_bed_D1D3_R_OBC_H263_ATC,str
OCM_STR_OBC_H264_ATC,str
EP01_SMS_SN_202_R_OBC_H265_ATC,str
IRU_BASE_R_OBC_H266_ATC,str
SSTM_TRUSS_base-2_OBC_H267_ATC,str
RW-40_CASING_OBC_H268_ATC,str
LV_Filter_R_OBC_H269_ATC,str
1N_FCV_R7R8_R_OBC_H270_ATC,str
EP-02_BE-20_OBC_H271_ATC,str
PPS-PLC-DCPE-HTR4_OBC_H273_ATC,str
MATHS_HSU-FG-R_OBC_H275_ATC,str
MATHS_MDE-R_OBC_H276_ATC,str
SSTM_COMP_R_OBC_H279_ATC,str
EP04_WDE_20_30_OBC_H289_ATC,str
PPS-6_OBC_H290_ATC,str
SSTM_RAD_CONTG_2_OBC_H291_ATC,str
EP-02_BAT_PLATE_OBC_H292_ATC,str
SCAT_RJ_R_OBC_H293_ATC,str
11N_FCV_D2D4_R_OBC_H294_ATC,str
SCAT_SEP04_RX_R_OBC_H295_ATC,str
SMS_SN_201HTR_R_OBC_H297_ATC,str
MATHS_FILTER-R_OBC_H298_ATC,str
SSTM_TRUSS_BASE-3_OBC_H299_ATC,str
11NThr_bed_D2D4_R_OBC_H300_ATC,str
SSR_BASE-R_OBC_H303_ATC,str
EP-01XPF_PLATE-1_OBC_H305_ATC,str
CDE-1_R_OBC_H306_ATC,str
EP-02_BAT-20_R_OBC_H307_ATC,str
DCPE-2_OBC_H308_ATC,str
PL_Ln_DP01_EP01_R_OBC_H309_ATC,str
RCS_Tank-2_R_OBC_H313_ATC,str
PPL_NEAR_PLC_OBC_H315_ATC,str
SCAT_SSM_BASE_R_OBC_H316_ATC,str
1N_Thr_bed_R7R8_R_OBC_H318_ATC,str
EP-03_SPS-260_R_OBC_H319_ATC,str
PPS-6-HTR_2_OBC_H321_ATC,str
MATHS_BEARING-2-R_OBC_H323_ATC,str
MATHS_TSU-BE-R_OBC_H324_ATC,str
SSTM_DISP_CONTG_OBC_H327_ATC,str
SCAT_SEP02_TWTA_M_OBC_H1_UTP,float64
SSTM_Radiator_2_M_OBC_H2_UTP,float64
MATHS_TSU-FE-M_OBC_H3_UTP,float64
PLCHTR-M_OBC_H4_UTP,float64
1N_FCV_R3R4_M_OBC_H6_UTP,float64
PL_Ln_11NCYLin_M_OBC_H7_UTP,float64
SCAT_SEP03_RX_M_OBC_H8_UTP,float64
BDH_BASE_M_OBC_H9_UTP,float64
SSTM_DISP_MOUNT1M_OBC_H10_UTP,float64
ES_SN-21HTR_M_OBC_H11_UTP,float64
RW-10_CASING_OBC_H12_UTP,float64
1N_Thr_bed_R5R6_M_OBC_H13_UTP,float64
EP-03_PANEL_CONTG_OBC_H14_UTP,float64
SSTM_FECE_OBC_H15_UTP,float64
PPS-PLC-DCPE-1_OBC_H17_UTP,float64
SCAT_SEP-04_DSS_M_OBC_H18_UTP,float64
MATHS_HSU-FE-M_OBC_H19_UTP,float64
EP-02_BAT-10_M_OBC_H20_UTP,float64
1N_FCV_R1R2_M_OBC_H22_UTP,float64
MATHS_Motor-M_OBC_H23_UTP,float64
RCS_Tank-1_M_OBC_H24_UTP,float64
EP-03_SPS-250_M_OBC_H25_UTP,float64
PL_Ln_DP01_EP02_M_OBC_H26_UTP,float64
1N_Thr_bed_R1R2_M_OBC_H27_UTP,float64
SCAT_SEP03_FG_M_OBC_H28_UTP,float64
SSTM_COMP_MOUNT1M_OBC_H29_UTP,float64
EP-03_SN-32_M_OBC_H30_UTP,float64
SSTM_SM_ELX_M_OBC_H31_UTP,float64
DCPE-4_OBC_H33_UTP,float64
PPL-2_NR_SSTM_RAD_OBC_H34_UTP,float64
MATHS_BEARING-1-M_OBC_H35_UTP,float64
MATHS_TSU-EPC-M_OBC_H36_UTP,float64
SSTM_DISP_M_OBC_H39_UTP,float64
EP-01_XPC_SINK_OBC_H41_UTP,float64
EP-04_OBC-10/20_M_OBC_H49_UTP,float64
PPL-1_NEAR_OCM_OBC_H50_UTP,float64
PPS-CDE-FECE-1_OBC_H52_UTP,float64
1N_FCV_R5R6_M_OBC_H53_UTP,float64
11N_FCV_D1D3_M_OBC_H54_UTP,float64
EP-03_CPE-10_M_OBC_H55_UTP,float64
SCAT_SSM_BRG_M_OBC_H57_UTP,float64
SCAT_SEP03_FG_M_OBC_H58_UTP,float64
1N_Thr_bed_R3R4_M_OBC_H59_UTP,float64
SCAT_SCE_M_OBC_H60_UTP,float64
PL_Ln_DP01_EP03_M_OBC_H62_UTP,float64
PL_Ln_sh_PNL-1_M_OBC_H63_UTP,float64
EP-03_SN-31_M_OBC_H65_UTP,float64
SSTM_RAD_1_M_OBC_H66_UTP,float64
SCAT_SEP02_CONTG_OBC_H67_UTP,float64
CDE-2_M_OBC_H68_UTP,float64
EP-01_SN-52_M_OBC_H69_UTP,float64
11N_Thr_bed_D1D3_M_OBC_H71_UTP,float64
DCPE-3_OBC_H72_UTP,float64
EP01_SMS_SN_202_M_OBC_H73_UTP,float64
IRU_BASE_M_OBC_H74_UTP,float64
SSTM_TRUSS_BASE-1_OBC_H75_UTP,float64
RW-30_CASING_OBC_H76_UTP,float64
LV_Filter_M_OBC_H77_UTP,float64
1N_FCV_R7R8_M_OBC_H78_UTP,float64
EP-04_BE-10_OBC_H79_UTP,float64
PPS-PLC-DCPE-HTR3_OBC_H81_UTP,float64
MATHS_HSU-FG-M_OBC_H83_UTP,float64
MATHS_MDE-M_OBC_H84_UTP,float64
SSTM_COMP_M_OBC_H87_UTP,float64
EP02_WDE_10_40_OBC_H97_UTP,float64
DCPEHTR-1_OBC_H98_UTP,float64
SSTM_RAD_CONTG_1_OBC_H99_UTP,float64
PPS-CDE-FECEHTR3_OBC_H100_UTP,float64
SCAT_RJ_M_OBC_H101_UTP,float64
11N_FCV_D2D4_M_OBC_H102_UTP,float64
SCAT_SEP04_RX_M_OBC_H103_UTP,float64
SMS_SN_201_HTR_M_OBC_H105_UTP,float64
MATHS_FILTER-M_OBC_H106_UTP,float64
SCTX_STC_GCRX-20_OBC_H107_UTP,float64
11NThr_bed_D2D4_M_OBC_H108_UTP,float64
SSR_BASE-M_OBC_H111_UTP,float64
SCAT_ANT_HLD_DOWN_OBC_H113_UTP,float64
CDE-1_M_OBC_H114_UTP,float64
EP-02_BAT-20_M_OBC_H115_UTP,float64
PPS-7_OBC_H116_UTP,float64
PL_Ln_DP01_EP01_M_OBC_H117_UTP,float64
DP02_OCM_TILT_ELX_OBC_H119_UTP,float64
RCS_Tank-2_M_OBC_H121_UTP,float64
SCAT_SSM_BASE_M_OBC_H124_UTP,float64
1N_Thr_bed_R7R8_M_OBC_H126_UTP,float64
EP-03_SPS-260_M_OBC_H127_UTP,float64
PPS-7-HTR_2_OBC_H129_UTP,float64
MATHS_BEARING-2-M_OBC_H131_UTP,float64
MATHS_TSU-BE-M_OBC_H132_UTP,float64
SSTM_COMP_CONTG_OBC_H135_UTP,float64
SCAT_SEP02_TWTA_R_OBC_H193_UTP,float64
SSTM_Radiator_2_R_OBC_H194_UTP,float64
MATHS_TSU-FE-R_OBC_H195_UTP,float64
PLCHTR-R_OBC_H196_UTP,float64
1N_FCV_R3R4_R_OBC_H198_UTP,float64
PL_Ln_11NCYLin_R_OBC_H199_UTP,float64
SCAT_SEP03_RX_R_OBC_H200_UTP,float64
BDH_BASE_R_OBC_H201_UTP,float64
SSTM_DISP_MOUNT1R_OBC_H202_UTP,float64
ES_SN-21HTR_R_OBC_H203_UTP,float64
RW-20_CASING_OBC_H204_UTP,float64
1N_Thr_bed_R5R6_R_OBC_H205_UTP,float64
SCAT_LNA_FESA_OBC_H206_UTP,float64
PPS-PLC-DCPEHTR2_OBC_H209_UTP,float64
SCAT_SEP-04_DSS_R_OBC_H210_UTP,float64
MATHS_HSU-FE-R_OBC_H211_UTP,float64
EP-02_BAT-10_R_OBC_H212_UTP,float64
1N_FCV_R1R2_R_OBC_H214_UTP,float64
MATHS_Motor-R_OBC_H215_UTP,float64
RCS_Tank-1_R_OBC_H216_UTP,float64
EP-03_SPS-250_R_OBC_H217_UTP,float64
PL_Ln_DP01_EP02_R_OBC_H218_UTP,float64
1N_Thr_bed_R1R2_R_OBC_H219_UTP,float64
SCAT_SEP03_FG_R_OBC_H220_UTP,float64
SSTM_COMP_MOUNT1R_OBC_H221_UTP,float64
EP-03_SN-32_R_OBC_H222_UTP,float64
SSTM_SM_ELX_R_OBC_H223_UTP,float64
PPS-CDE-FECE-HTR4_OBC_H225_UTP,float64
PPL-4_OBC_H226_UTP,float64
MATHS_BEARING-1-R_OBC_H227_UTP,float64
MATHS_TSU-EPC-R_OBC_H228_UTP,float64
SSTM_DISP_R_OBC_H231_UTP,float64
EP-01_XBS_SINK_OBC_H233_UTP,float64
EP-04_OBC-10/20_R_OBC_H241_UTP,float64
PPL-3_NR_SSTM_RAD_OBC_H242_UTP,float64
PPS-CDE-FECEHTR2_OBC_H244_UTP,float64
1N_FCV_R5R6_R_OBC_H245_UTP,float64
11N_FCV_D1D3_R_OBC_H246_UTP,float64
EP-03_CPE-10_R_OBC_H247_UTP,float64
SCAT_SSM_BRG_R_OBC_H249_UTP,float64
SCAT_SEP03_FG_R_OBC_H250_UTP,float64
1N_Thr_bed_R3R4_R_OBC_H251_UTP,float64
SCAT_SCE_R_OBC_H252_UTP,float64
PL_Ln_DP01_EP03_R_OBC_H254_UTP,float64
PL_Ln_sh_PNL-1_R_OBC_H255_UTP,float64
EP-03_SN-31_R_OBC_H257_UTP,float64
SSTM_Radiator_1_R_OBC_H258_UTP,float64
SCAT_SEP04_CONTG_OBC_H259_UTP,float64
CDE-2_R_OBC_H260_UTP,float64
EP-01_SN-52_R_OBC_H261_UTP,float64
11NThr_bed_D1D3_R_OBC_H263_UTP,float64
OCM_STR_OBC_H264_UTP,float64
EP01_SMS_SN_202_R_OBC_H265_UTP,float64
IRU_BASE_R_OBC_H266_UTP,float64
SSTM_TRUSS_base-2_OBC_H267_UTP,float64
RW-40_CASING_OBC_H268_UTP,float64
LV_Filter_R_OBC_H269_UTP,float64
1N_FCV_R7R8_R_OBC_H270_UTP,float64
EP-02_BE-20_OBC_H271_UTP,float64
PPS-PLC-DCPE-HTR4_OBC_H273_UTP,float64
MATHS_HSU-FG-R_OBC_H275_UTP,float64
MATHS_MDE-R_OBC_H276_UTP,float64
SSTM_COMP_R_OBC_H279_UTP,float64
EP04_WDE_20_30_OBC_H289_UTP,float64
PPS-6_OBC_H290_UTP,float64
SSTM_RAD_CONTG_2_OBC_H291_UTP,float64
EP-02_BAT_PLATE_OBC_H292_UTP,float64
SCAT_RJ_R_OBC_H293_UTP,float64
11N_FCV_D2D4_R_OBC_H294_UTP,float64
SCAT_SEP04_RX_R_OBC_H295_UTP,float64
SMS_SN_201HTR_R_OBC_H297_UTP,float64
MATHS_FILTER-R_OBC_H298_UTP,float64
SSTM_TRUSS_BASE-3_OBC_H299_UTP,float64
11NThr_bed_D2D4_R_OBC_H300_UTP,float64
SSR_BASE-R_OBC_H303_UTP,float64
EP-01XPF_PLATE-1_OBC_H305_UTP,float64
CDE-1_R_OBC_H306_UTP,float64
EP-02_BAT-20_R_OBC_H307_UTP,float64
DCPE-2_OBC_H308_UTP,float64
PL_Ln_DP01_EP01_R_OBC_H309_UTP,float64
RCS_Tank-2_R_OBC_H313_UTP,float64
PPL_NEAR_PLC_OBC_H315_UTP,float64
SCAT_SSM_BASE_R_OBC_H316_UTP,float64
1N_Thr_bed_R7R8_R_OBC_H318_UTP,float64
EP-03_SPS-260_R_OBC_H319_UTP,float64
PPS-6-HTR_2_OBC_H321_UTP,float64
MATHS_BEARING-2-R_OBC_H323_UTP,float64
MATHS_TSU-BE-R_OBC_H324_UTP,float64
SSTM_DISP_CONTG_OBC_H327_UTP,float64
SCAT_SEP02_TWTA_M_OBC_H1_LTP,float64
SSTM_Radiator_2_M_OBC_H2_LTP,float64
MATHS_TSU-FE-M_OBC_H3_LTP,float64
PLCHTR-M_OBC_H4_LTP,float64
1N_FCV_R3R4_M_OBC_H6_LTP,float64
PL_Ln_11NCYLin_M_OBC_H7_LTP,float64
SCAT_SEP03_RX_M_OBC_H8_LTP,float64
BDH_BASE_M_OBC_H9_LTP,float64
SSTM_DISP_MOUNT1M_OBC_H10_LTP,float64
ES_SN-21HTR_M_OBC_H11_LTP,float64
RW-10_CASING_OBC_H12_LTP,float64
1N_Thr_bed_R5R6_M_OBC_H13_LTP,float64
EP-03_PANEL_CONTG_OBC_H14_LTP,float64
SSTM_FECE_OBC_H15_LTP,float64
PPS-PLC-DCPE-1_OBC_H17_LTP,float64
SCAT_SEP-04_DSS_M_OBC_H18_LTP,float64
MATHS_HSU-FE-M_OBC_H19_LTP,float64
EP-02_BAT-10_M_OBC_H20_LTP,float64
1N_FCV_R1R2_M_OBC_H22_LTP,float64
MATHS_Motor-M_OBC_H23_LTP,float64
RCS_Tank-1_M_OBC_H24_LTP,float64
EP-03_SPS-250_M_OBC_H25_LTP,float64
PL_Ln_DP01_EP02_M_OBC_H26_LTP,float64
1N_Thr_bed_R1R2_M_OBC_H27_LTP,float64
SCAT_SEP03_FG_M_OBC_H28_LTP,float64
SSTM_COMP_MOUNT1M_OBC_H29_LTP,float64
EP-03_SN-32_M_OBC_H30_LTP,float64
SSTM_SM_ELX_M_OBC_H31_LTP,float64
DCPE-4_OBC_H33_LTP,float64
PPL-2_NR_SSTM_RAD_OBC_H34_LTP,float64
MATHS_BEARING-1-M_OBC_H35_LTP,float64
MATHS_TSU-EPC-M_OBC_H36_LTP,float64
SSTM_DISP_M_OBC_H39_LTP,float64
EP-01_XPC_SINK_OBC_H41_LTP,float64
EP-04_OBC-10/20_M_OBC_H49_LTP,float64
PPL-1_NEAR_OCM_OBC_H50_LTP,float64
PPS-CDE-FECE-1_OBC_H52_LTP,float64
1N_FCV_R5R6_M_OBC_H53_LTP,float64
11N_FCV_D1D3_M_OBC_H54_LTP,float64
EP-03_CPE-10_M_OBC_H55_LTP,float64
SCAT_SSM_BRG_M_OBC_H57_LTP,float64
SCAT_SEP03_FG_M_OBC_H58_LTP,float64
1N_Thr_bed_R3R4_M_OBC_H59_LTP,float64
SCAT_SCE_M_OBC_H60_LTP,float64
PL_Ln_DP01_EP03_M_OBC_H62_LTP,float64
PL_Ln_sh_PNL-1_M_OBC_H63_LTP,float64
EP-03_SN-31_M_OBC_H65_LTP,float64
SSTM_RAD_1_M_OBC_H66_LTP,float64
SCAT_SEP02_CONTG_OBC_H67_LTP,float64
CDE-2_M_OBC_H68_LTP,float64
EP-01_SN-52_M_OBC_H69_LTP,float64
11N_Thr_bed_D1D3_M_OBC_H71_LTP,float64
DCPE-3_OBC_H72_LTP,float64
EP01_SMS_SN_202_M_OBC_H73_LTP,float64
IRU_BASE_M_OBC_H74_LTP,float64
SSTM_TRUSS_BASE-1_OBC_H75_LTP,float64
RW-30_CASING_OBC_H76_LTP,float64
LV_Filter_M_OBC_H77_LTP,float64
1N_FCV_R7R8_M_OBC_H78_LTP,float64
EP-04_BE-10_OBC_H79_LTP,float64
PPS-PLC-DCPE-HTR3_OBC_H81_LTP,float64
MATHS_HSU-FG-M_OBC_H83_LTP,float64
MATHS_MDE-M_OBC_H84_LTP,float64
SSTM_COMP_M_OBC_H87_LTP,float64
EP02_WDE_10_40_OBC_H97_LTP,float64
DCPEHTR-1_OBC_H98_LTP,float64
SSTM_RAD_CONTG_1_OBC_H99_LTP,float64
PPS-CDE-FECEHTR3_OBC_H100_LTP,float64
SCAT_RJ_M_OBC_H101_LTP,float64
11N_FCV_D2D4_M_OBC_H102_LTP,float64
SCAT_SEP04_RX_M_OBC_H103_LTP,float64
SMS_SN_201_HTR_M_OBC_H105_LTP,float64
MATHS_FILTER-M_OBC_H106_LTP,float64
SCTX_STC_GCRX-20_OBC_H107_LTP,float64
11NThr_bed_D2D4_M_OBC_H108_LTP,float64
SSR_BASE-M_OBC_H111_LTP,float64
SCAT_ANT_HLD_DOWN_OBC_H113_LTP,float64
CDE-1_M_OBC_H114_LTP,float64
EP-02_BAT-20_M_OBC_H115_LTP,float64
PPS-7_OBC_H116_LTP,float64
PL_Ln_DP01_EP01_M_OBC_H117_LTP,float64
DP02_OCM_TILT_ELX_OBC_H119_LTP,float64
RCS_Tank-2_M_OBC_H121_LTP,float64
SCAT_SSM_BASE_M_OBC_H124_LTP,float64
1N_Thr_bed_R7R8_M_OBC_H126_LTP,float64
EP-03_SPS-260_M_OBC_H127_LTP,float64
PPS-7-HTR_2_OBC_H129_LTP,float64
MATHS_BEARING-2-M_OBC_H131_LTP,float64
MATHS_TSU-BE-M_OBC_H132_LTP,float64
SSTM_COMP_CONTG_OBC_H135_LTP,float64
SCAT_SEP02_TWTA_R_OBC_H193_LTP,float64
SSTM_Radiator_2_R_OBC_H194_LTP,float64
MATHS_TSU-FE-R_OBC_H195_LTP,float64
PLCHTR-R_OBC_H196_LTP,float64
1N_FCV_R3R4_R_OBC_H198_LTP,float64
PL_Ln_11NCYLin_R_OBC_H199_LTP,float64
SCAT_SEP03_RX_R_OBC_H200_LTP,float64
BDH_BASE_R_OBC_H201_LTP,float64
SSTM_DISP_MOUNT1R_OBC_H202_LTP,float64
ES_SN-21HTR_R_OBC_H203_LTP,float64
RW-20_CASING_OBC_H204_LTP,float64
1N_Thr_bed_R5R6_R_OBC_H205_LTP,float64
SCAT_LNA_FESA_OBC_H206_LTP,float64
PPS-PLC-DCPEHTR2_OBC_H209_LTP,float64
SCAT_SEP-04_DSS_R_OBC_H210_LTP,float64
MATHS_HSU-FE-R_OBC_H211_LTP,float64
EP-02_BAT-10_R_OBC_H212_LTP,float64
1N_FCV_R1R2_R_OBC_H214_LTP,float64
MATHS_Motor-R_OBC_H215_LTP,float64
RCS_Tank-1_R_OBC_H216_LTP,float64
EP-03_SPS-250_R_OBC_H217_LTP,float64
PL_Ln_DP01_EP02_R_OBC_H218_LTP,float64
1N_Thr_bed_R1R2_R_OBC_H219_LTP,float64
SCAT_SEP03_FG_R_OBC_H220_LTP,float64
SSTM_COMP_MOUNT1R_OBC_H221_LTP,float64
EP-03_SN-32_R_OBC_H222_LTP,float64
SSTM_SM_ELX_R_OBC_H223_LTP,float64
PPS-CDE-FECE-HTR4_OBC_H225_LTP,float64
PPL-4_OBC_H226_LTP,float64
MATHS_BEARING-1-R_OBC_H227_LTP,float64
MATHS_TSU-EPC-R_OBC_H228_LTP,float64
SSTM_DISP_R_OBC_H231_LTP,float64
EP-01_XBS_SINK_OBC_H233_LTP,float64
EP-04_OBC-10/20_R_OBC_H241_LTP,float64
PPL-3_NR_SSTM_RAD_OBC_H242_LTP,float64
PPS-CDE-FECEHTR2_OBC_H244_LTP,float64
1N_FCV_R5R6_R_OBC_H245_LTP,float64
11N_FCV_D1D3_R_OBC_H246_LTP,float64
EP-03_CPE-10_R_OBC_H247_LTP,float64
SCAT_SSM_BRG_R_OBC_H249_LTP,float64
SCAT_SEP03_FG_R_OBC_H250_LTP,float64
1N_Thr_bed_R3R4_R_OBC_H251_LTP,float64
SCAT_SCE_R_OBC_H252_LTP,float64
PL_Ln_DP01_EP03_R_OBC_H254_LTP,float64
PL_Ln_sh_PNL-1_R_OBC_H255_LTP,float64
EP-03_SN-31_R_OBC_H257_LTP,float64
SSTM_Radiator_1_R_OBC_H258_LTP,float64
SCAT_SEP04_CONTG_OBC_H259_LTP,float64
CDE-2_R_OBC_H260_LTP,float64
EP-01_SN-52_R_OBC_H261_LTP,float64
11NThr_bed_D1D3_R_OBC_H263_LTP,float64
OCM_STR_OBC_H264_LTP,float64
EP01_SMS_SN_202_R_OBC_H265_LTP,float64
IRU_BASE_R_OBC_H266_LTP,float64
SSTM_TRUSS_base-2_OBC_H267_LTP,float64
RW-40_CASING_OBC_H268_LTP,float64
LV_Filter_R_OBC_H269_LTP,float64
1N_FCV_R7R8_R_OBC_H270_LTP,float64
EP-02_BE-20_OBC_H271_LTP,float64
PPS-PLC-DCPE-HTR4_OBC_H273_LTP,float64
MATHS_HSU-FG-R_OBC_H275_LTP,float64
MATHS_MDE-R_OBC_H276_LTP,float64
SSTM_COMP_R_OBC_H279_LTP,float64
EP04_WDE_20_30_OBC_H289_LTP,float64
PPS-6_OBC_H290_LTP,float64
SSTM_RAD_CONTG_2_OBC_H291_LTP,float64
EP-02_BAT_PLATE_OBC_H292_LTP,float64
SCAT_RJ_R_OBC_H293_LTP,float64
11N_FCV_D2D4_R_OBC_H294_LTP,float64
SCAT_SEP04_RX_R_OBC_H295_LTP,float64
SMS_SN_201HTR_R_OBC_H297_LTP,float64
MATHS_FILTER-R_OBC_H298_LTP,float64
SSTM_TRUSS_BASE-3_OBC_H299_LTP,float64
11NThr_bed_D2D4_R_OBC_H300_LTP,float64
SSR_BASE-R_OBC_H303_LTP,float64
EP-01XPF_PLATE-1_OBC_H305_LTP,float64
CDE-1_R_OBC_H306_LTP,float64
EP-02_BAT-20_R_OBC_H307_LTP,float64
DCPE-2_OBC_H308_LTP,float64
PL_Ln_DP01_EP01_R_OBC_H309_LTP,float64
RCS_Tank-2_R_OBC_H313_LTP,float64
PPL_NEAR_PLC_OBC_H315_LTP,float64
SCAT_SSM_BASE_R_OBC_H316_LTP,float64
1N_Thr_bed_R7R8_R_OBC_H318_LTP,float64
EP-03_SPS-260_R_OBC_H319_LTP,float64
PPS-6-HTR_2_OBC_H321_LTP,float64
MATHS_BEARING-2-R_OBC_H323_LTP,float64
MATHS_TSU-BE-R_OBC_H324_LTP,float64
SSTM_DISP_CONTG_OBC_H327_LTP,float64
