column,missing_pct
BODY_MOMENTUM_HX,0.0036
BODY_MOMENTUM_HY,0.0036
BODY_MOMENTUM_HZ,0.0036
DELTA_MOMENTUM_YAW,0.0034
DELTA_MOMENTUM_ROL,0.0034
DELTA_MOMENTUM_PCH,0.0034
QOB-1,0.0002
QOB-2,0.0002
QOB-3,0.0002
QOB-4,0.0002
QIB-1,0.0
QIB-2,0.0
QIB-3,0.0
QIB-4,0.0
QREF-1,0.002
QREF-2,0.002
QREF-3,0.002
QREF-4,0.002
QSUNB-1,0.0018
QSUNB-2,0.0018
QSUNB-3,0.0018
QSUNB-4,0.0018
SKF_QIB-1,0.001
SKF_QIB-2,0.001
SKF_QIB-3,0.001
SKF_QIB-4,0.001
DYN_OBS_QIB-1,0.0022
DYN_OBS_QIB-2,0.0022
DYN_OBS_QIB-3,0.0022
DYN_OBS_QIB-4,0.0022
SKF_RES_QIB-1,0.0
SKF_RES_QIB-2,0.0
SKF_RES_QIB-3,0.0
DER_RATE_YAW,0.0002
DER_RATE_ROL,0.0002
DER_RATE_PCH,0.0002
REF_RATE_YAW,0.0026
REF_RATE_ROL,0.0026
REF_RATE_PCH,0.0026
RES_RATE_YAW,0.0002
RES_RATE_ROL,0.0002
RES_RATE_PCH,0.0002
DYN_OBS_RATE_YAW,0.0004
DYN_OBS_RATE_ROL,0.0004
DYN_OBS_RATE_PCH,0.0004
RF_RATE_YAW,0.0016
RF_RATE_ROL,0.0016
RF_RATE_PCH,0.0016
MAG_BASED_RATE_YAW,0.006
MAG_BASED_RATE_ROL,0.006
MAG_BASED_RATE_PCH,0.006
RF_RES_RATE_YAW,0.006
RF_RES_RATE_ROL,0.006
RF_RES_RATE_PCH,0.006
MAG_EST_RATE_YAW,0.0014
MAG_EST_RATE_ROL,0.0014
MAG_EST_RATE_PCH,0.0014
SKF_DRIFT_YAW,0.0012
SKF_DRIFT_ROL,0.0012
SKF_DRIFT_PCH,0.0012
DF_DIST_TORQ_YAW,0.0014
DF_DIST_TORQ_ROL,0.0014
DF_DIST_TORQ_PCH,0.0014
RF_DIST_TORQ_YAW,0.0018
RF_DIST_TORQ_ROL,0.0018
RF_DIST_TORQ_PCH,0.0018
PROC_ERR_YAW,0.0
PROC_ERR_ROL,0.0
PROC_ERR_PCH,0.0
PROC_ERR_RES_SEL,1.0
STEERING_BIAS_YAW,0.0024
STEERING_BIAS_PCH,0.0024
OM_FIRE_DUR,0.0058
OM_ROTN_DUR,0.0058
R-1_THR_HIST,0.0034
R-2_THR_HIST,0.0034
R-3_THR_HIST,0.0028
R-4_THR_HIST,0.0028
R-5_THR_HIST,0.0028
R-6_THR_HIST,0.0028
R-7_THR_HIST,0.0028
R-8_THR_HIST,0.0028
Y-1_THR_HIST,0.0034
Y-2_THR_HIST,0.0038
Y-3_THR_HIST,0.0038
Y-4_THR_HIST,0.0038
AUTO_FIRE_R1_STS,1.0
AUTO_FIRE_R2_STS,1.0
AUTO_FIRE_R3_STS,1.0
AUTO_FIRE_R4_STS,1.0
AUTO_FIRE_R5_STS,1.0
AUTO_FIRE_R6_STS,1.0
AUTO_FIRE_R7_STS,1.0
AUTO_FIRE_R8_STS,1.0
MANUAL_FIRE_R1_STS,1.0
MANUAL_FIRE_R2_STS,1.0
MANUAL_FIRE_R3_STS,1.0
MANUAL_FIRE_R4_STS,1.0
MANUAL_FIRE_R5_STS,1.0
MANUAL_FIRE_R6_STS,1.0
MANUAL_FIRE_R7_STS,1.0
MANUAL_FIRE_R8_STS,1.0
AUTO_FIRE_D1_STS,1.0
AUTO_FIRE_D2_STS,1.0
AUTO_FIRE_D3_STS,1.0
AUTO_FIRE_D4_STS,1.0
MANUAL_FIRE_D1_STS,1.0
MANUAL_FIRE_D2_STS,1.0
MANUAL_FIRE_D3_STS,1.0
MANUAL_FIRE_D4_STS,1.0
D-1_THR_HIST,0.0034
D-2_THR_HIST,0.0038
D-3_THR_HIST,0.0038
D-4_THR_HIST,0.0038
ORB_PERIOD_SEC,0.006
ORB_TIMER_SEC,0.0062
DAMP_TORQ_YAW,0.0026
DAMP_TORQ_ROL,0.0026
DTG_COMP_ANG_YAW,0.0
DTG_COMP_ANG_ROL,0.0
DTG_COMP_ANG_PCH,0.0
DTG-1_ROL_ACC_ANG,0.0038
DTG-1_PCH_ACC_ANG,0.0038
DTG-1_CMDD_DRC_ROL,0.0052
DTG-1_CMDD_DRC_PCH,0.0052
DTG-2_PCH_ACC_ANG,0.004
DTG-2_YAW_ACC_ANG,0.0034
DTG-2_CMDD_DRC_PCH,0.0052
DTG-2_CMDD_DRC_YAW,0.0052
DTG-3_YAW_ACC_ANG,0.0036
DTG-3_ROL_ACC_ANG,0.0038
DTG-3_CMDD_DRC_YAW,0.0052
DTG-3_CMDD_DRC_ROL,0.0052
MAG_REF_FIELD_YAW,0.0056
MAG_REF_FIELD_ROL,0.0056
MAG_REF_FIELD_PCH,0.0056
PROC_SS_QIB-1,0.0
PROC_SS_QIB-2,0.0
PROC_SS_QIB-3,0.0
PROC_SS_QIB-4,0.0
SS_UPDT_CNT,0.0008
LINK_WDT_TIMER,0.0062
CMDD_NSC_SPD,0.001
RW-1_SPD_AOCE,0.0002
RW-1_EST_SPD_AOCE,0.0014
RW-1_I/P_TORQ_AOCE,0.005
RW-1_DFC_TORQ_AOCE,0.0014
RW-1_NSC_SPD,0.0004
RW-2_SPD_AOCE,0.0002
RW-2_EST_SPD_AOCE,0.0018
RW-2_I/P_TORQ_AOCE,0.005
RW-2_DFC_TORQ_AOCE,0.0014
RW-2_NSC_SPD,0.001
RW-3_SPD_AOCE,0.0002
RW-3_EST_SPD_AOCE,0.0024
RW-3_I/P_TORQ_AOCE,0.005
RW-3_DFC_TORQ_AOCE,0.0014
RW-3_NSC_SPD,0.0018
RW-4_SPD_AOCE,0.0002
RW-4_EST_SPD_AOCE,0.0024
RW-4_I/P_TORQ_AOCE,0.005
RW-4_DFC_TORQ_AOCE,0.0014
RW-4_NSC_SPD,0.0
QIB-1_NS,0.0024
QIB-2_NS,0.0024
QIB-3_NS,0.005
DER_RATE_YAW_NS,0.0018
DER_RATE_ROL_NS,0.0018
DER_RATE_PCH_NS,0.0018
PROC_ERR_YAW_NS,0.003
PROC_ERR_ROL_NS,0.0034
PROC_ERR_PCH_NS,0.0036
PROC_ERR_RES_SEL_NS,1.0
PROC_SS_QIB-1_NS,0.005
PROC_SS_QIB-2_NS,0.0056
PROC_SS_QIB-3_NS,0.0056
SS-1_UPDT_CNT_NS,0.006
AOCE_MODE,1.0
CNTRL_REF_SEL,1.0
LAUNCH_PHASE_STS,1.0
LAUNCH_PHASE_OVER,1.0
SNAP-1_STS,1.0
SNAP-2_STS,1.0
DIRECT_ACQ_STS,0.0012
DIRECT_ACQ_FLAG,0.0046
AUTO_IAC_STS,1.0
AUTO_SEQ_EXE_STS,0.0002
AUTO_SACQ,1.0
AUTO_YAW_ROL_SACQ,1.0
AUTO_SEQ_LOGIC_STS,1.0
AUTO_SEQ_STS,1.0
SKF_STS,0.0062
DF_STS,0.0062
PWPFM_SEL,1.0
YAW_PWPFM,1.0
ROL_PWPFM,1.0
PCH_PWPFM,1.0
LC_RATE,1.0
MD_INHIBIT_FLAG,0.0002
DIST_TORQ_COMP_STS,1.0
SKF_DRIFT_UPD_STS,1.0
GYROCAL_FLAG,0.0062
GYROCAL_SEL,1.0
GYROCAL_SEQ_STS,1.0
SACQ_USING_DTG_STS,1.0
SNSR_SEL_FOR_YAW,1.0
DRAG_COMP,0.0044
SKF_DRIFT_ZERO_ON_MD_INH_STS,1.0
ARRAY_DAMP_STS,1.0
SPS_PROCESS_STS,1.0
ECL_STS,0.0048
P-1_SUN_SEARCH_STS,1.0
P-2_SUN_SEARCH_STS,1.0
REMD_STS,0.0004
RRD_STS,0.0004
RRD_AXIS_SEL,1.0
RRD_THR_FIRE_DUR,0.001
RRD_SEL_AXIS_RATE,0.0028
RRD_WNORM-1,0.0036
RRD_WNORM-2,0.0038
AUTO_DRAG_STS,1.0
REMD_BASED_RECOVERY,0.002
REMD_BASED_RATE_DUMP,0.002
RRD_RATE_DAMP_FLAG,0.0054
RRD_FAIL_FLAG,1.0
THR_BLK_FOR_RRD_CMD_STS,1.0
SKF_AUTO_DRIFT_UPDT_STS,1.0
ROL_INC_ANG_SEL,1.0
PCH_INC_ANG_SEL,1.0
YAW_ERR_FROM_RATES_STS,1.0
SEL_BMU_LOOP,1.0
HW_SYS_ID,1.0
SYS_ID,1.0
SYS_SEL,1.0
SYS_SEL_STS,1.0
MINOR_CYCLE-1_OVRFLW_FLAG,1.0
MINOR_CYCLE-2_OVRFLW_FLAG,1.0
MINOR_CYCLE-3_OVRFLW_FLAG,1.0
MINOR_CYCLE-4_OVRFLW_FLAG,1.0
MINOR_CYCLE-5_OVRFLW_FLAG,1.0
MINOR_CYCLE-6_OVRFLW_FLAG,1.0
MINOR_CYCLE-7_OVRFLW_FLAG,1.0
MAJOR_CYCLE_OVRFLW_FLAG,1.0
CPU_RST_STS,1.0
MAJOR_CYCLE_CNTR,0.0044
YAW_STEER_STS,1.0
YAW_STEER_OPTION,1.0
PCH_STEER_STS,1.0
CPU_RST_POI_FLAG_STS,1.0
SYS_SEL_SW_IND,1.0
SEL_RTE_LOOP,1.0
SYS-1_PROG_SEL,1.0
SYS-2_PROG_SEL,1.0
SNS_EXE,0.0002
SNS_LC_RATE,1.0
PLD_SEQ_EXE,0.0002
STORAGE_ACTIVE,0.0058
ANDED_SNAP_STS_OS,1.0
MAJ_VOTE_ANDED_SNAP_STS,0.001
SACQ_TORQ_GAIN_YAW,1.0
SACQ_TORQ_GAIN_ROL,1.0
SACQ_TORQ_GAIN_PCH,1.0
OM_LC_GAIN_YAW,1.0
OM_LC_GAIN_ROL,1.0
OM_LC_GAIN_PCH,1.0
OM_NF_GAIN_YAW,1.0
OM_NF_GAIN_ROL,1.0
OM_NF_GAIN_PCH,1.0
RF_GAIN_YAW,1.0
RF_GAIN_ROL,1.0
RF_GAIN_PCH,1.0
SKF_GAIN,1.0
DYN_OBS_GAIN,1.0
ARRAY_DAMP_GAIN,1.0
ARRAY_DAMP_NF_GAIN,1.0
LC_GAIN_YAW,1.0
LC_GAIN_ROL,1.0
LC_GAIN_PCH,1.0
THR_GAIN_YAW,1.0
THR_GAIN_ROL,1.0
THR_GAIN_PCH,1.0
OM_THR_GAIN_YAW,1.0
OM_THR_GAIN_ROL,1.0
OM_THR_GAIN_PCH,1.0
SACQ_WHL_TORQ_GAIN_YAW,1.0
SACQ_WHL_TORQ_GAIN_ROL,1.0
SACQ_WHL_TORQ_GAIN_PCH,1.0
YAW_ERR_ROL_RATE_LPF_COEFF_SET,1.0
YAW_ERR_PCH_RATE_LPF_COEFF_SET,1.0
DTG_LPF_HIGH_COEFF_SET,1.0
DTG_LPF_LOW_COEFF_SET,1.0
SV_COEFF_READY_FLAG,0.0002
BP_INIT,0.0002
SV_FOR_TM,1.0
SV_USAGE,1.0
GOODS_INIT,0.0002
GOODS_KF_GAIN,1.0
BP_SEL,1.0
COL_TO_BP_STS,1.0
ORB_RATE_COMP_STS,1.0
AOL_FROM_ORB_MODEL,1.0
UPD_ORB_TIMER_BY_AOL,1.0
GOODS_UPDT_BP,1.0
BP_SV_VALIDATE_STS,1.0
SV_FOR_BDH,1.0
COL_ODP_STS,1.0
ODP_SV_VALDN,0.0006
FDI_LOGIC_STS,1.0
FDI_CNTR,0.0058
FDI_CNTR_NS,0.0014
FDI_STS_SYS-1,1.0
FDI_STS_SYS-2,1.0
FDI_ACTION,1.0
SM_LOGIC_STS,1.0
SM_LOGIC_STS_NS,1.0
SM_STS_SYS-1,1.0
SM_STS_SYS-2,1.0
THR_BLK_SEL_FOR_SM,1.0
AOCE-1_USBL_FOR_SM,1.0
AOCE-2_USBL_FOR_SM,1.0
H/W_SM_OVERRIDE,1.0
SM_ACTION,1.0
H/W_S/W_SM_SEL,1.0
RATE_S/W_SM_LOGIC,1.0
RATE_SM_STS,1.0
4PI_SM_OVERRIDE,0.0012
4PI_S/W_SM_LOGIC,1.0
4PI_SM_STS,0.0046
LPD_LOGIC_STS,1.0
LPD_TIME_SEL,1.0
ACQ_MODE_LPD_TIME_SEL,1.0
LPD_LV-1_O/P,1.0
RATE_SM_MD_INH_REQ_STS,1.0
MRS_ATT_CONV_FAIL_CMD_STS,1.0
MRS_ARC2_PATH,1.0
MRS_RW_OSR_PATH,1.0
MRS_TWO_GYRO_FAIL_PATH,1.0
MRS_SS_FAIL_RECOVERY_PATH,1.0
MRS_REV_CONV_PATH,1.0
MRS_RW_OVER_SPD_PATH,1.0
SM_RECOVERY_TIME_CASE,1.0
MRS_SM_TIME_CASE,1.0
MRS_LP_TIME_CASE,1.0
MRS_STS,1.0
MRS_LP_STS,1.0
SM_MRS_RECOVERY_STS,1.0
RST_HANDLER_FLAG,1.0
RST_HANDLER_TIME_CASE,1.0
MRS_FOR_RRD_STS,0.0052
MATRIX_INV_FAIL_FLAG,1.0
MRS_CONV_CHK,0.0026
INJ_ORB_NOMINAL_STS,1.0
ORED_SM_STS,1.0
WHL_IN_LOOP_TIME,0.002
LPD_SUM_THR_HIS_LOGIC_STS,1.0
LPD_SUM_THR_HIS_STS,1.0
SYS-1_RST_HANDLER_LOGIC_STS,1.0
SYS-2_RST_HANDLER_LOGIC_STS,1.0
BMU30_5V_STS_SYS-1,1.0
BMU30_5V_STS_SYS-2,1.0
THR_SEL_ROUTINE,1.0
THR_DUMP_YAW,1.0
THR_DUMP_ROL,1.0
THR_DUMP_PCH,1.0
THR_DUMP_STS_YAW,1.0
THR_DUMP_STS_ROL,1.0
THR_DUMP_STS_PCH,1.0
THR_DUMP_THD_YAW,1.0
THR_DUMP_THD_ROL,1.0
THR_DUMP_THD_PCH,1.0
THR_DUMP_PULSE_WIDTH,1.0
AUTO_FIRE_LOGIC_STS,1.0
MANUAL_FIRE_LOGIC_STS,1.0
MANUAL_FIRE_STS,1.0
THR_BLK_AUTO_ON_STS,1.0
THR_BLK_SEL_FOR_AUTO_ON,1.0
TSL_TBL_SEL,1.0
OM_TSL_TBL_SEL,1.0
ORED_THR_FIRE_STS,1.0
LV-1_STS,1.0
BMU-1_THR_BLK-1_STS,1.0
AOCE-1_THR_BLK-1_STS,1.0
OM_TYPE,1.0
BMU-1_THR_BLK-2_STS,1.0
AOCE-1_THR_BLK-2_STS,1.0
OM_OFF_MOD_BIAS_STS,1.0
OM_ROTATE,1.0
OM_OFF_MOD_CANT_THR_STS,1.0
OM_UNCANT_THR_REQ_STS,1.0
OM_UNCANT_THR_FIRE_STS,1.0
OM_OFF_MOD_FLAG,0.0048
OM_SEQ_STS,1.0
OM_ACTUATOR_SEL,1.0
R1_THR_FIRE_STS,1.0
R2_THR_FIRE_STS,1.0
R3_THR_FIRE_STS,1.0
R4_THR_FIRE_STS,1.0
R5_THR_FIRE_STS,1.0
R6_THR_FIRE_STS,1.0
R7_THR_FIRE_STS,1.0
R8_THR_FIRE_STS,1.0
D1_THR_FIRE_STS,1.0
D2_THR_FIRE_STS,1.0
D3_THR_FIRE_STS,1.0
D4_THR_FIRE_STS,1.0
LV-2_STS,1.0
BMU-2_THR_BLK-1_STS,1.0
AOCE-2_THR_BLK-1_STS,1.0
BMU-2_THR_BLK-2_STS,1.0
AOCE-2_THR_BLK-2_STS,1.0
LV-3_STS,1.0
LV-4_STS,1.0
SPS_FD,1.0
SPS_IR,1.0
SPS_SV_TIME_FD,1.0
SPS_3D_FIX_FD,1.0
SPS_GPS_SYNC_TIME_FD,1.0
SPS_PDOP_FD,1.0
SPS_UPDT_FD,1.0
SPS_SV_TIME_FAIL_CNT,0.0056
SPS_3D_FIX_FAIL_CNT,0.0056
SPS_GPS_SYNC_TIME_FAIL_CNT,0.0056
SPS_PDOP_FAIL_CNT,0.0056
SPS_UPDT_FAIL_CNT,0.0056
SPS_EVENT_CMD_CNT,0.0056
SPS_FD_STS,1.0
SPS_REC_ON,0.0042
ES_SEL,1.0
ES_CONFIG_SEL,1.0
ES_PROC_ERR_ROL,0.0026
ES_PROC_ERR_PCH,0.0026
ES_DAZZLE_LOGIC_STS,1.0
ES_ROL_SATURATION_LOGIC_STS,1.0
ES_SYS_ERR_CORREC_LOGIC_STS,1.0
ES_SPIKE_FILTER_STS,1.0
ES_UPDT_STS,1.0
ES_AUTO_NORMAL_GATING_STS,1.0
ES_AUTO_NORMAL_GATING_ISSUD,0.0042
ES-1_PWR_STS,1.0
ES-2_PWR_STS,1.0
4PI_SEL,1.0
4PI_SUN_PRESENCE,1.0
4PI_REV_SUN_PRESENCE,1.0
4PI_SEL_FOR_SM,1.0
DTG_SEL,1.0
DTG_SEL_YAW,1.0
DTG_SEL_ROL,1.0
DTG_SEL_PCH,1.0
DTG_SF_SEL,1.0
DTG_FDIR_STS,1.0
DTG_MASTER_FDIR,1.0
DTG_FDIR_RETRY,1.0
DTG_REDT_SEL,1.0
MRS_TWO_GYRO_FAIL_CMD_STS,1.0
MRS_DTG_HIGH_RATE_CMD_STS,1.0
GYRO_RP_STS,1.0
GYRO_RP_WITH_HIGH_RATE_FLAG,0.0026
DTG_FDIR_PATH,1.0
DTG_ANALOG_RATE_CHK,1.0
DTG_ANALOG_RATE_FLAG,0.0042
DTG-1_ROL_ANALOG_RATE_STS,0.0048
DTG-1_PCH_ANALOG_RATE_STS,0.0048
DTG-1_FAIL_STS,0.0058
DTG-1_FD,1.0
DTG-1_SYNC_HV_FD,1.0
DTG-1_SYNC_LOSS_FD,1.0
DTG-1_DATA_FREEZE_FD,1.0
DTG-1_WHL_SPD_FD,1.0
DTG-1_USBL_STS_FOR_FDIR,1.0
DTG-1_ON_REQ,1.0
DTG-1_DATA_FREEZE_STS,1.0
DTG-1_HV,1.0
DTG-1_HV_ACTION,1.0
DTG-1_SYNC_FAIL_FLAG,1.0
DTG-1_WHL_FAIL_STS,1.0
DTG-2_PCH_ANALOG_RATE_STS,0.0048
DTG-2_YAW_ANALOG_RATE_STS,0.0048
DTG-2_FAIL_STS,0.0058
DTG-2_FD,1.0
DTG-2_SYNC_HV_FD,1.0
DTG-2_SYNC_LOSS_FD,1.0
DTG-2_DATA_FREEZE_FD,1.0
DTG-2_WHL_SPD_FD,1.0
DTG-2_USBL_STS_FOR_FDIR,1.0
DTG-2_ON_REQ,1.0
DTG-2_DATA_FREEZE_STS,1.0
DTG-2_HV,1.0
DTG-2_HV_ACTION,1.0
DTG-2_SYNC_FAIL_FLAG,1.0
DTG-2_WHL_FAIL_STS,1.0
DTG-3_YAW_ANALOG_RATE_STS,0.0048
DTG-3_ROL_ANALOG_RATE_STS,0.0048
DTG-3_FAIL_STS,0.006
DTG-3_FD,1.0
DTG-3_SYNC_HV_FD,1.0
DTG-3_SYNC_LOSS_FD,1.0
DTG-3_DATA_FREEZE_FD,1.0
DTG-3_WHL_SPD_FD,1.0
DTG-3_USBL_STS_FOR_FDIR,1.0
DTG-3_ON_REQ,1.0
DTG-3_DATA_FREEZE_STS,1.0
DTG-3_HV,1.0
DTG-3_HV_ACTION,1.0
DTG-3_SYNC_FAIL_FLAG,1.0
DTG-3_WHL_FAIL_STS,1.0
MAG_SEL,1.0
IGRF_INIT_STS,0.0062
DUMP_OPTION,1.0
MAG_KF_GAIN_SEL,1.0
SADA_ACQ_INIT_STS,1.0
SADA_NOR_INIT_STS,1.0
MASTER_SADA_STS,1.0
MANUAL_SADA_STS,1.0
SADA_FDL_ACL_OVERRIDE,1.0
SADA_FLIP_STS,0.0038
SADA_ORB_RATE_ROTN_DIR,1.0
P-1_SADA_MODE,1.0
P-1_SADA_CNTRLR_MODE,1.0
P-1_SADA_OPEN_LOOP_OPT,1.0
P-1_SADA_ROTN_INHIBIT,0.0004
P-1_SADA_FDL_SEL,1.0
P-1_SADA_FDL_STS,1.0
P-1_SADA_ACL_STS,1.0
P-1_SADA_ASS_MODE,1.0
P-1_SADA_POL_REV_STS,1.0
P-1_SADA_MICRO_STEP_SEL,1.0
P-1_SPSS_SEL,1.0
P-1_SADA_ASS_ROTN_DIR,1.0
P-1_SPSS_M_SUN_PRESENCE,1.0
P-1_SPSS_R_SUN_PRESENCE,1.0
P-2_SADA_MODE,1.0
P-2_SADA_CNTRLR_MODE,1.0
P-2_SADA_OPEN_LOOP_OPT,1.0
P-2_SADA_ROTN_INHIBIT,0.0004
P-2_SADA_FDL_SEL,1.0
P-2_SADA_FDL_STS,1.0
P-2_SADA_ACL_STS,1.0
P-2_SADA_ASS_MODE,1.0
P-2_SADA_POL_REV_STS,1.0
P-2_SADA_MICRO_STEP_SEL,1.0
P-2_SPSS_SEL,1.0
P-2_SADA_ASS_ROTN_DIR,1.0
P-2_SPSS_M_SUN_PRESENCE,1.0
P-2_SPSS_R_SUN_PRESENCE,1.0
SS_UPDT_STS,1.0
SS_CONSY_CHK_STS,1.0
SS_ARC_MODE_LOGIC_STS,1.0
SS_DATA_STOR,1.0
SS_FDIR_STS,1.0
SS_MASTER_FDIR,1.0
SS_FDIR_RETRY,0.0018
SS_UPDT_STOP_ACTION_LOGIC,1.0
BOTH_SS_ON_FOR_FDIR,0.0018
SS_FDIR_STATE,1.0
SS_CONSY_FAIL_FLAG_TO_MRS,0.005
MRS_ALL_SS_FAIL_CMD_STS,1.0
MRS_SS_CONSY_FAIL_CMD_STS,1.0
SS_CONSY_FAIL_CNT,0.0014
SS_RP_ACTION_STS,1.0
SS_REDT_SEL,1.0
ALL_SS_FAIL_STS,1.0
SS_IEEE_CONV,1.0
SS_JULIAN_DATE,1.0
SS_LINEAR_VEL,1.0
SS_AUTO_TRACK_UPDT,1.0
SS_QUAL_CHK,1.0
APU_SEL,1.0
SS_DATA_TXFR,1.0
SS-1_USBL_STS,1.0
SS-1_REFT_FREEZE_FD,1.0
SS-1_REFT_RST_FD,1.0
SS-1_ATT_FD,1.0
SS-1_DBL_ERR_FD,1.0
SS-1_VOL_MON_FD,1.0
SS-1_CHKSUM_FD,1.0
SS-1_USBL_STS_FOR_FD,1.0
SS-1_FAIL_STS,1.0
SS-1_FD_TYPE,1.0
SS-1_OCCULT_DETECT_LOGIC,1.0
SS-1_FDIR_REFT_EVENT-1,1.0
SS-1_FDIR_REFT_EVENT-2,1.0
SS-1_FDIR_ATT_EVENT,1.0
SS-1_FDIR_DBL_ERR_EVENT,1.0
SS-1_FDIR_VOL_MON_5V_EVENT,1.0
SS-1_FDIR_VOL_MON_EVENT-2,1.0
SS-1_FDIR_VOL_MON_EVENT-3,1.0
SS-1_FDIR_CHKSUM_EVENT,1.0
APU-1_FD,1.0
SS-1_CUR_FD,1.0
SS-1_CUR_FD_OCCR,0.0054
SS-2_USBL_STS,1.0
SS-2_REFT_FREEZE_FD,1.0
SS-2_REFT_RST_FD,1.0
SS-2_ATT_FD,1.0
SS-2_DBL_ERR_FD,1.0
SS-2_VOL_MON_FD,1.0
SS-2_CHKSUM_FD,1.0
SS-2_USBL_STS_FOR_FD,1.0
SS-2_FAIL_STS,1.0
SS-2_FD_TYPE,1.0
SS-2_OCCULT_DETECT_LOGIC,1.0
SS-2_FDIR_REFT_EVENT-1,1.0
SS-2_FDIR_REFT_EVENT-2,1.0
SS-2_FDIR_ATT_EVENT,1.0
SS-2_FDIR_DBL_ERR_EVENT,1.0
SS-2_FDIR_VOL_MON_5V_EVENT,1.0
SS-2_FDIR_VOL_MON_EVENT-2,1.0
SS-2_FDIR_VOL_MON_EVENT-3,1.0
SS-2_FDIR_CHKSUM_EVENT,1.0
APU-2_FD,1.0
SS-2_CUR_FD,1.0
SS-2_CUR_FD_OCCR,0.0054
TCR_FDIR_ACTION_STS,1.0
TCR_HVR_LOGIC_STS,1.0
TCR_LVR_LOGIC_STS,1.0
TCR_CCR_LOGIC_STS,1.0
TCR_HVM_LOGIC_STS,1.0
TCR_LVM_LOGIC_STS,1.0
TCR_CCM_LOGIC_STS,1.0
TCR_FPGA_ADCM_LOGIC_STS,1.0
TCR_FPGA_CLKM_LOGIC_STS,1.0
TCR_FPGA_ADCR_LOGIC_STS,1.0
TCR_FPGA_CLKR_LOGIC_STS,1.0
RW_CONFIG,1.0
RW_ON-OFF_LOGIC,1.0
RW_REDT_SEL,1.0
RW_REDT_AUTO_ON,0.0054
RW_NSC_SPD_ACHIEVED,0.0048
RW_MODE_FLAG,1.0
RW_MOUNT_CORRECTION_STS,0.0002
RW_SPIKE_FILTER_STS,1.0
RW_SPD_LMT_LOGIC_STS,1.0
OVER_SPD_STS,1.0
CMDD_SPD_CNTRL_STS,1.0
NOR_MODE_RW_SPINUP,1.0
SECOND_RW_FAIL,0.0048
DITHER_LOGIC,1.0
DITHER_FREQ,1.0
DITHER_AMP,1.0
RW_TORQ_CUTOFF_LIM,0.0026
NM_RW_SPD_THD_TIME,1.0
DFC_STS_AOCE,1.0
DFC_LPF_LOW_GAIN,1.0
DFC_LPF_HIGH_GAIN,1.0
ARC_LOGIC_STS,1.0
MRS_ARC_CMD_STS,1.0
MRS_OVER_SPD_CMD_STS,1.0
RW_REDT_AUTO_ON_LOGIC_STS,1.0
OVER_SPD_FLG,0.0048
RW-1_STS_AOCE,1.0
RW-1_FAIL_STS,1.0
RW-1_SPIKE_FILTER_THD,1.0
RW-1_AUTO_OFF,0.0054
RW-1_SPIKE_FILTER_STS,1.0
RW-2_STS_AOCE,1.0
RW-2_FAIL_STS,1.0
RW-2_SPIKE_FILTER_THD,1.0
RW-2_AUTO_OFF,0.0054
RW-2_SPIKE_FILTER_STS,1.0
RW-3_STS_AOCE,1.0
RW-3_FAIL_STS,1.0
RW-3_SPIKE_FILTER_THD,1.0
RW-3_AUTO_OFF,0.0054
RW-3_SPIKE_FILTER_STS,1.0
RW-4_STS_AOCE,1.0
RW-4_FAIL_STS,1.0
RW-4_SPIKE_FILTER_THD,1.0
RW-4_AUTO_OFF,0.0054
RW-4_SPIKE_FILTER_STS,1.0
SNS_ABORT_CAUSE,1.0
MAN_EXE_STS,1.0
AOCE_MODE_NS,1.0
SNAP-1_STS_NS,1.0
SNAP-2_STS_NS,1.0
AUTO_SEQ_EXE_STS_NS,0.0014
AUTO_SACQ_NS,1.0
YAW_PWPFM_NS,1.0
ROL_PWPFM_NS,1.0
PCH_PWPFM_NS,1.0
SEL_BMU_LOOP_NS,1.0
SYS_ID_OS,1.0
SYS_SEL_STS_NS,1.0
MINOR_CYCLE-1_OVRFLW_FLAG_NS,0.005
MINOR_CYCLE-2_OVRFLW_FLAG_NS,0.005
MINOR_CYCLE-3_OVRFLW_FLAG_NS,0.005
MINOR_CYCLE-4_OVRFLW_FLAG_NS,0.005
MINOR_CYCLE-5_OVRFLW_FLAG_NS,0.005
MINOR_CYCLE-6_OVRFLW_FLAG_NS,0.005
MINOR_CYCLE-7_OVRFLW_FLAG_NS,0.005
MAJOR_CYCLE_OVRFLW_FLAG_NS,1.0
CPU_RST_STS_NS,1.0
C1_C2_NS,1.0
MAJOR_CYCLE_CNTR_NS,1.0
SYS_SEL_SW_IND_NS,1.0
ANDED_SNAP_STS_OS_NS,1.0
MAJ_VOTE_ANDED_SNAP_STS_NS,1.0
FDI_LOGIC_STS_NS,1.0
FDI_STS_SYS-1_NS,1.0
FDI_STS_SYS-2_NS,1.0
SM_STS_SYS-1_NS,1.0
SM_STS_SYS-2_NS,1.0
THR_BLK_SEL_FOR_SM_NS,1.0
H/W_S/W_SM_SEL_NS,1.0
LPD_LOGIC_STS_NS,1.0
LPD_LV-1_O/P_NS,1.0
RST_HANDLER_FLAG_NS,1.0
RST_HANDLER_TIME_CASE_NS,1.0
ORED_SM_STS_NS,1.0
SYS-1_RST_HANDLER_LOGIC_STS_NS,1.0
SYS-2_RST_HANDLER_LOGIC_STS_NS,1.0
4PI_SEL_NS,1.0
4PI_SUN_PRESENCE_NS,1.0
4PI_REV_SUN_PRESENCE_NS,1.0
DTG-1_ROL_ANALOG_RATE_STS_NS,0.0046
DTG-1_PCH_ANALOG_RATE_STS_NS,0.0046
DTG-1_FAIL_STS_NS,0.0048
DTG-1_DATA_FREEZE_STS_NS,1.0
DTG-1_HV_NS,1.0
DTG-1_HV_ACTION_NS,1.0
DTG-1_SYNC_FAIL_FLAG_NS,1.0
DTG-2_PCH_ANALOG_RATE_STS_NS,0.0046
DTG-2_YAW_ANALOG_RATE_STS_NS,0.0046
DTG-2_FAIL_STS_NS,0.0048
DTG-2_DATA_FREEZE_STS_NS,1.0
DTG-2_HV_NS,1.0
DTG-2_HV_ACTION_NS,1.0
DTG-2_SYNC_FAIL_FLAG_NS,1.0
DTG-3_YAW_ANALOG_RATE_STS_NS,0.0046
DTG-3_ROL_ANALOG_RATE_STS_NS,0.0046
DTG-3_FAIL_STS_NS,0.0048
DTG-3_DATA_FREEZE_STS_NS,1.0
DTG-3_HV_NS,1.0
DTG-3_HV_ACTION_NS,1.0
DTG-3_SYNC_FAIL_FLAG_NS,1.0
MAG_SEL_NS,1.0
SS-1_FAIL_STS_NS,1.0
SS-1_FD_TYPE_NS,1.0
SS-2_FAIL_STS_NS,1.0
SS-2_FD_TYPE_NS,1.0
RW_CONFIG_NS,1.0
RW_MODE_FLAG_NS,1.0
DFC_STS_AOCE_NS,1.0
RW-1_STS_AOCE_NS,1.0
RW-1_FAIL_STS_NS,1.0
RW-1_AUTO_OFF_NS,0.0046
RW-2_STS_AOCE_NS,1.0
RW-2_FAIL_STS_NS,1.0
RW-2_AUTO_OFF_NS,0.0046
RW-3_STS_AOCE_NS,1.0
RW-3_FAIL_STS_NS,1.0
RW-3_AUTO_OFF_NS,0.0046
RW-4_STS_AOCE_NS,1.0
RW-4_FAIL_STS_NS,1.0
RW-4_AUTO_OFF_NS,0.0046
SNS_ABORT_CAUSE_NS,1.0
ARC_LOGIC_STS_OS,1.0
MOON_CAL_SCAN_CNTR,0.0024
MOON_CAL_MAN_SEQ_EXE_STS,0.0044
MOON_CAL_MAN_SEQ_STS,1.0
MOON_CAL_SS_UPDT_MAN,1.0
MOON_CAL_RATE_BIAS_FLG,0.001
MOON_CAL_INIT_STS,0.0044
MOON_CAL_UPLINK_INIT_STS,0.0002
MOON_CAL_CHKSUM_STS,0.001
BDH_WORD-01,0.001
BDH_WORD-02,0.0024
BDH_WORD-03,0.0024
BDH_WORD-04,0.0042
BDH_WORD-05,0.0042
BDH_WORD-06,0.0044
BDH_WORD-07,0.0044
BDH_WORD-08,0.0044
BDH_WORD-09,0.0044
BDH_WORD-10,0.0044
BDH_WORD-11,0.0044
BDH_WORD-12,0.0054
BDH_WORD-13,0.0056
BDH_WORD-14,0.0056
BDH_WORD-15,0.0056
BDH_WORD-16,0.0056
BDH_WORD-17,0.0056
BDH_WORD-18,0.0056
BDH_WORD-19,0.0056
BDH_WORD-20,0.0056
BDH_WORD-21,0.0056
BDH_WORD-22,0.0056
BDH_WORD-23,0.0056
BDH_WORD-24,0.0058
BDH_WORD-25,0.0058
BDH_WORD-26,0.0058
BDH_WORD-27,0.006
BDH_WORD-28,0.006
BDH_WORD-29,0.006
BDH_WORD-30,0.006
BDH_WORD-31,0.006
BDH_WORD-32,0.006
BDH_WORD-01_PG1,1.0
BDH_WORD-02_PG1,1.0
BDH_WORD-03_PG1,1.0
BDH_WORD-04_PG1,1.0
BDH_WORD-05_PG1,1.0
BDH_WORD-06_PG1,1.0
BDH_WORD-07_PG1,1.0
BDH_WORD-08_PG1,1.0
BDH_WORD-09_PG1,1.0
BDH_WORD-10_PG1,1.0
BDH_WORD-11_PG1,1.0
BDH_WORD-12_PG1,1.0
BDH_WORD-13_PG1,1.0
BDH_WORD-14_PG1,1.0
BDH_WORD-15_PG1,1.0
BDH_WORD-16_PG1,1.0
BDH_WORD-17_PG1,1.0
BDH_WORD-18_PG1,1.0
BDH_WORD-19_PG1,1.0
BDH_WORD-20_PG1,1.0
BDH_WORD-21_PG1,1.0
BDH_WORD-22_PG1,1.0
BDH_WORD-23_PG1,1.0
BDH_WORD-24_PG1,1.0
BDH_WORD-25_PG1,1.0
BDH_WORD-26_PG1,1.0
BDH_WORD-27_PG1,1.0
BDH_WORD-28_PG1,1.0
BDH_WORD-29_PG1,1.0
BDH_WORD-30_PG1,1.0
BDH_WORD-31_PG1,1.0
BDH_WORD-32_PG1,1.0
BDH_WORD-01_PG2,1.0
BDH_WORD-02_PG2,1.0
BDH_WORD-03_PG2,1.0
BDH_WORD-04_PG2,1.0
BDH_WORD-05_PG2,1.0
BDH_WORD-06_PG2,1.0
BDH_WORD-07_PG2,1.0
BDH_WORD-08_PG2,1.0
BDH_WORD-09_PG2,1.0
BDH_WORD-10_PG2,1.0
BDH_WORD-11_PG2,1.0
BDH_WORD-12_PG2,1.0
BDH_WORD-13_PG2,1.0
BDH_WORD-14_PG2,1.0
BDH_WORD-15_PG2,1.0
BDH_WORD-16_PG2,1.0
BDH_WORD-17_PG2,1.0
BDH_WORD-18_PG2,1.0
BDH_WORD-19_PG2,1.0
BDH_WORD-20_PG2,1.0
BDH_WORD-21_PG2,1.0
BDH_WORD-22_PG2,1.0
BDH_WORD-23_PG2,1.0
BDH_WORD-24_PG2,1.0
BDH_WORD-25_PG2,1.0
BDH_WORD-26_PG2,1.0
BDH_WORD-27_PG2,1.0
BDH_WORD-28_PG2,1.0
BDH_WORD-29_PG2,1.0
BDH_WORD-30_PG2,1.0
BDH_WORD-31_PG2,1.0
BDH_WORD-32_PG2,1.0
BDH_WDT_STS,1.0
BDH_NMI_STS,1.0
BDH_EDAC_STS,1.0
BDH_CMD_CNT,0.006
BDH_LAST_CMD_TXMTD,0.0024
BDH_TM_PAGE_ID,0.006
BDH-M_POS_5V_MON,0.0004
BDH-R_POS_5V_MON,0.0008
BDH-M_POS_3.3V_MON,0.0002
BDH-R_POS_3.3V_MON,0.0008
BDH_TM_PAGE_CNTR,0.006
BDH_GYRO_PKT_CNT,0.0044
BDH_AOCS_PKT_CNT,0.0042
BDH_LBT_PKT_CNT,0.0042
BDH_ENC_SESS_KEY,1.0
BDH_ENC_MASTER_KEY,1.0
BDH_ENCRYPTION_STS,1.0
RDFU_SSR_PNDUMP_CHAIN_SEL,1.0
RDFU_PB_SSR-2_LINK_ENA,1.0
RDFU_PB_SSR-1_LINK_ENA,1.0
RDFU_SSR_SEL_FOR_PB,1.0
RDFU_PB_CLK_INVERT,1.0
RDFU_ACQ_CLK_ENA_STS,1.0
RDFU_PN_TX,1.0
RDFU_SSR_PNDUMP_STS,1.0
RDFU_RT_ENA_STS,1.0
RDFU_MODE_SEL,1.0
LAC_CH3_ON_VIOLATION_CNT,1.0
LAC_CH3_OFF_VIOLATION_CNT,1.0
LAC_CH3_SSP_VIOLATION_CNT,1.0
LAC_CH1_ON_VIOLATION_CNT,1.0
LAC_CH1_OFF_VIOLATION_CNT,1.0
LAC_CH2_OFF_VIOLATION_CNT,1.0
LAC_CH2_ON_VIOLATION_CNT,1.0
LAC_CH1_SSP_VIOLATION_CNT,1.0
LAC_CH2_SSP_VIOLATION_CNT,1.0
LAC_CH1_START_DROP_CNT,1.0
LAC_CH1_STOP_DROP_CNT,1.0
LAC_CH2_START_DROP_CNT,1.0
LAC_CH2_STOP_DROP_CNT,1.0
LAC_CH1_PKT_CNT,1.0
LAC_CH2_PKT_CNT,1.0
LPIF_AUX_PKT_CNT,1.0
LAC_CH1_PKT_MISS_CNT,1.0
LPIF_AUX_PKT_MISS_CNT,1.0
LPIF_AUTO_RST_ENA,1.0
LPIF_MISS_CNT_RST_ENA,1.0
LPIF_AUX_ACQ_ENA,1.0
LPIF_LAC_QUAL_ENA,1.0
LPIF_LAC_CH2_ACQ_ENA,1.0
LPIF_LAC_CH1_ACQ_ENA,1.0
LPIF_MODE,1.0
LPIF_VCA1_CNT,1.0
LPIF_VCA2_CNT,1.0
SCAT_PKT_CNT,1.0
SCAT_ON_TIME_VIOLATION_CNT,1.0
SCAT_QUAL_ENA,1.0
SCAT_SEL_BDH_END,1.0
SCAT_CLK_SEL_ENA,1.0
BDH_FIRST_MINOR_CYCLE_ERR_FLG,1.0
BDH_FIRST_MINOR_CYCLE_ERR_NO,0.0058
BDH_SECND_MINOR_CYCLE_ERR_FLG,1.0
BDH_SECND_MINOR_CYCLE_ERR_NO,0.0058
BDH_LAST-1_CMD_TXMD,0.006
BDH_PROC_ADDR_AT_WD_OCC,0.006
BDH_WD_CNTR,0.006
LAC_CH4_ON_VIOLATION_CNT,1.0
LAC_CH4_OFF_VIOLATION_CNT,1.0
LAC_CH4_SSP_VIOLATION_CNT,1.0
SSTM_ON_VIOLATION_CNT,1.0
SSTM_OFF_VIOLATION_CNT,1.0
LAC_CH3_START_DROP_CNT,1.0
LAC_CH3_STOP_DROP_CNT,1.0
LAC_CH3_PACKET_CNT,1.0
LAC_CH4_START_DROP_CNT,1.0
LAC_CH4_STOP_DROP_CNT,1.0
LAC_CH4_PACKET_CNT,1.0
SSTM_START_DROP_CNT,1.0
SSTM_STOP_DROP_CNT,1.0
SSTM_PACKET_CNT,1.0
OSRFU_ASM_ERROR_FLAG,1.0
OSRFU_DV_CNT_OUT,1.0
LAC_CH3_MISS_CNT,1.0
LAC_CH4_MISS_CNT,1.0
SSTM_MISS_CNT,1.0
GAC_CH1_ON_VIOLATION_CNT,1.0
GAC_CH1_OFF_VIOLATION_CNT,1.0
GAC_CH1_SSP_VIOLATION_CNT,1.0
OSRFU_VCA1_CNT,1.0
OSRFU_VCA2_CNT,1.0
GAC_CH2_ON_VIOLATION_CNT,1.0
GAC_CH2_OFF_VIOLATION_CNT,1.0
GAC_CH2_SSP_VIOLATION_CNT,1.0
GAC_CH3_ON_VIOLATION_CNT,1.0
GAC_CH3_OFF_VIOLATION_CNT,1.0
GAC_CH3_SSP_VIOLATION_CNT,1.0
GAC_CH1_START_DROP_CNT,1.0
GAC_CH1_STOP_DROP_CNT,1.0
GAC_CH1_PKT_MISS_CNT,1.0
GAC_CH2_START_DROP_CNT,1.0
GAC_CH2_STOP_DROP_CNT,1.0
GAC_CH2_PKT_MISS_CNT,1.0
GAC_CH3_START_DROP_CNT,1.0
GAC_CH3_STOP_DROP_CNT,1.0
GAC_CH3_PKT_MISS_CNT,1.0
SSTM_PKT_MISS_CNT,1.0
AUX_PKT_MISS_CNT,1.0
GAC_CH1_PKT_CNT,1.0
GAC_CH2_PKT_CNT,1.0
GAC_CH3_PKT_CNT,1.0
DV_CNT_OUT,1.0
SSTM_PKT_CNT,1.0
OSRFU_AUX_PKT_CNT,1.0
SSTM_ASM_ERROR_FLG,1.0
GAC_SEL_DISABLE,1.0
LAC_CH3_ON,1.0
LAC_CH4_ON,1.0
SSTM_ACQ_ENA,1.0
SSTM_QUAL_ENA,1.0
GAC_ACQ_ENA,1.0
OSRFU_LAC_ACQ_ENA,1.0
OCM_QUAL_ENA,1.0
GAC_CH_DESEL,1.0
OSRFU_AUX_ACQ_ENA,1.0
BDH_MEM_FULL_CNTR,1.0
BDH_RATE_BUF_MEM_FULL_FLAG,1.0
HSU_PKT_CNT,1.0
TSU_PKT_CNT,1.0
MATHS_STRIP_ID,1.0
TSU_ON_TIME_VIOLTN_CNT,1.0
MSRFU_VCA_CNT,1.0
HSU_ON_TIME_VIOLTN_CNT,1.0
TSU_CLK_SEL_ENA,1.0
TSU_QUAL_ENA,1.0
HSU_QUAL_ENA,1.0
HSU_CLK_SEL_ENA,1.0
MSRFU_AUX_ACQ_ENA,1.0
DTG-1_CLUSTER_TEMP-1,0.0018
DTG-1_CLUSTER_TEMP-2,0.0018
DTG-1_CLUSTER_TEMP-3,0.0018
DTG-1_CLUSTER_TEMP-4,0.0018
DTG-2_CLUSTER_TEMP-1,0.0028
DTG-2_CLUSTER_TEMP-2,0.0028
DTG-2_CLUSTER_TEMP-3,0.0028
DTG-2_CLUSTER_TEMP-4,0.0028
DTG-1_HOUSING_TEMP,0.0024
DTG-2_HOUSING_TEMP,0.0032
DTG-1_ON_STS,1.0
DTG-1_ELX_STS,1.0
DTG-1_WHL_SPD,0.002
DTG-1_VOL_SEL,1.0
DTG-1_SYNC_STS,1.0
DTG-1_LOOP_STS,1.0
DTG-1_ROL_ANALOG_RATE,0.0022
DTG-1_PCH_ANALOG_RATE,0.0022
DTG-1_ROL_FINE_RATE,0.0024
DTG-1_PCH_FINE_RATE,0.0022
DTG-1_TEMP,0.002
DTG-1_1553_RT_STS,1.0
DTG-1_1553_BIT_STS,1.0
DTG-1_1553_CH-A_STS,1.0
DTG-1_1553_CH-B_STS,1.0
DTG-1_PARITY_STS,1.0
DTG-1_WRAP_STS,1.0
DTG-1_DMA_STS,1.0
DTG-1_ROL_FINE_RATE_AXES,0.0022
DTG-1_PCH_FINE_RATE_AXES,0.0024
DTG-1_ROL_FINE_RATE_STS,1.0
DTG-1_PCH_FINE_RATE_STS,1.0
DTG-1_TEMP_COMPENSATION,1.0
DTG-1_TEMP_CNTRLR,1.0
DTG-1_ROL_BIAS_COMPENSATION,1.0
DTG-1_PCH_BIAS_COMPENSATION,1.0
DTG-1_RAM_CHK_STS,1.0
DTG-1_ROL_DAC_TEMP,0.0024
DTG-1_PCH_DAC_TEMP,0.0026
DTG-2_ON_STS,1.0
DTG-2_ELX_STS,1.0
DTG-2_WHL_SPD,0.003
DTG-2_VOL_SEL,1.0
DTG-2_SYNC_STS,1.0
DTG-2_LOOP_STS,1.0
DTG-2_PCH_ANALOG_RATE,0.003
DTG-2_YAW_ANALOG_RATE,0.003
DTG-2_PCH_FINE_RATE,0.003
DTG-2_YAW_FINE_RATE,0.0032
DTG-2_TEMP,0.0028
DTG-2_1553_RT_STS,1.0
DTG-2_1553_BIT_STS,1.0
DTG-2_1553_CH-A_STS,1.0
DTG-2_1553_CH-B_STS,1.0
DTG-2_PARITY_STS,1.0
DTG-2_WRAP_STS,1.0
DTG-2_DMA_STS,1.0
DTG-2_PCH_FINE_RATE_AXES,0.003
DTG-2_YAW_FINE_RATE_AXES,0.0032
DTG-2_PCH_FINE_RATE_STS,1.0
DTG-2_YAW_FINE_RATE_STS,1.0
DTG-2_TEMP_COMPENSATION,1.0
DTG-2_TEMP_CNTRLR,1.0
DTG-2_PCH_BIAS_COMPENSATION,1.0
DTG-2_YAW_BIAS_COMPENSATION,1.0
DTG-2_RAM_CHK_STS,1.0
DTG-2_PCH_DAC_TEMP,0.0032
DTG-2_YAW_DAC_TEMP,0.0034
DTG-3_ON_STS,1.0
DTG-3_WHL_STS,1.0
DTG-3_ELX_STS,1.0
DTG-3_WHL_SPD,0.0036
DTG-3_VOL_SEL,1.0
DTG-3_SYNC_STS,1.0
DTG-3_LOOP_STS,1.0
DTG-3_YAW_ANALOG_RATE,0.0038
DTG-3_ROL_ANALOG_RATE,0.0038
DTG-3_YAW_FINE_RATE,0.0038
DTG-3_ROL_FINE_RATE,0.0042
DTG-3_TEMP,0.0036
DTG-3_1553_RT_STS,1.0
DTG-3_1553_BIT_STS,1.0
DTG-3_1553_CH-A_STS,1.0
DTG-3_1553_CH-B_STS,1.0
DTG-3_PARITY_STS,1.0
DTG-3_WRAP_STS,1.0
DTG-3_DMA_STS,1.0
DTG-3_YAW_FINE_RATE_AXES,0.0038
DTG-3_ROL_FINE_RATE_AXES,0.0042
DTG-3_YAW_FINE_RATE_STS,1.0
DTG-3_ROL_FINE_RATE_STS,1.0
DTG-3_TEMP_COMPENSATION,1.0
DTG-3_TEMP_CNTRLR,1.0
DTG-3_YAW_BIAS_COMPENSATION,1.0
DTG-3_ROL_BIAS_COMPENSATION,1.0
DTG-3_RAM_CHK_STS,1.0
DTG-3_YAW_DAC_TEMP,0.0042
DTG-3_ROL_DAC_TEMP,0.0042
EED_ENA_STS_M,1.0
EED_ENA_STS_R,1.0
EED_ARM_STS_GRP-1_M,1.0
EED_ARM_STS_GRP-1_R,1.0
EED_ARM_STS_GRP-2_M,1.0
EED_ARM_STS_GRP-2_R,1.0
EED_ARM_STS_GRP-3_M,1.0
EED_ARM_STS_GRP-3_R,1.0
EED_ARM_STS_GRP-4_M,1.0
EED_ARM_STS_GRP-4_R,1.0
ES-1_WORD-01,0.0026
ES-1_WORD-02,0.0044
ES-1_WORD-03,0.0044
ES-1_WORD-04,0.0046
ES-1_WORD-05,0.0046
ES-1_WORD-06,0.0046
ES-1_WORD-07,0.0046
ES-1_WORD-08,0.0046
ES-1_POS_THD,0.0026
ES-1_NEG_THD,0.0044
ES-1_HTR_VOL,0.0044
ES-1_MOTOR_SPD,0.0046
ES-1_5V_MON,0.0046
ES-1_EPS_RAW_DATA,1.0
ES-1_CHORD_WIDTH,0.0046
ES-1_RAW_PCH_ERR,0.0046
ES-1_RAW_PCH_DATA,0.0046
ES-1_RAW_PCH_SIGN,1.0
ES-1_EPS,1.0
ES-1_DAZZLE,1.0
ES-1_NEG_SEQ,1.0
ES-1_HTR_CIRCUIT_STS,1.0
ES-1_MODE,1.0
ES-1_ACQ_CMD_REC_STS,0.0046
ES-1_NOR_CMD_REC_STS,0.0046
ES-1_3_DEG_CMD_REC_STS,0.0046
ES-1_NOR_WINDOW_SEL,1.0
ES-1_UPDT_CNTR,0.0046
ES-1_RAW_ROL_ERR,0.0046
SMES-1_EARTH_AVERAGE,0.0034
SMES-1_SPACE_AVERAGE,0.0046
SMES-1_EARTH_EDGE,0.0046
SMES-1_THRESHOLD_EDGE,0.0046
SMES-1_GRAD_MAX,0.0046
SMES-1_GRAD_MIN,0.0046
SMES-1_RAM_CHECKSUM,0.0046
SMES-1_SUN-X,0.0046
SMES-1_SUN-Y,0.0046
SMES-1_LUPC_COUNT,0.0046
SMES-1_EARTH_THRESHOLD,0.0046
SMES-1_ROLL_ERROR,0.0048
SMES-1_PITCH_ERROR,0.0048
SMES-1_DATA_VALID,1.0
SMES-1_EPS_1553,1.0
SMES-1_SUN_PRESENCE,1.0
SMES-1_DETECTOR_STS,1.0
SMES-1_LUPC_STS,1.0
SMES-1_DISTORTION_STS,1.0
SMES-1_EEPROM_STS,1.0
SMES-1_FILTER_STS,1.0
SMES-1_NUC_STS,1.0
SMES-1_BDH_STS,1.0
SMES-1__MODE,1.0
SMES-1_UPDATE_COUNTER,0.0058
SMES-1_EPS_THRESHOLD,0.006
SMES-1_SUN_THRESHOLD,0.006
SMES-1_FOV-START-X,0.006
SMES-1_FOV-START-Y,0.006
SMES-1_STS,1.0
SMES_ORED_EPS,1.0
SMES-2_EARTH_AVERAGE,0.0018
SMES-2_SPACE_AVERAGE,0.0028
SMES-2_EARTH_EDGE,0.0028
SMES-2_THRESHOLD_EDGE,0.0028
SMES-2_GRAD_MAX,0.0046
SMES-2_GRAD_MIN,0.0048
SMES-2_RAM_CHECKSUM,0.0048
SMES-2_SUN-X,0.0048
SMES-2_SUN-Y,0.0048
SMES-2_LUPC_COUNT,0.0048
SMES-2_EARTH_THRESHOLD,0.0048
SMES-2_ROLL_ERROR,0.005
SMES-2_PITCH_ERROR,0.0054
SMES-2_DATA_VALID,1.0
SMES-2_EPS_1553,1.0
SMES-2_SUN_PRESENCE,1.0
SMES-2_DETECTOR_STS,1.0
SMES-2_LUPC_STS,1.0
SMES-2_DISTORTION_STS,1.0
SMES-2_EEPROM_STS,1.0
SMES-2_FILTER_STS,1.0
SMES-2_NUC_STS,1.0
SMES-2_BDH_STS,1.0
SMES-2__MODE,1.0
SMES-2_UPDATE_COUNTER,0.0056
SMES-2_EPS_THRESHOLD,0.0056
SMES-2_SUN_THRESHOLD,0.0058
SMES-2_FOV-START-X,0.0058
SMES-2_FOV-START-Y,0.0058
SMES-2_STS,1.0
S/C_LAT,1.0
S/C_LON,1.0
S/C_ALT,1.0
ASC_NODE_TIME,1.0
DESC_NODE_TIME,1.0
SUN_ASPECT_ANG,1.0
MEAN_LOCAL_TIME,1.0
ECCENTRICITY,1.0
INCLINATION,1.0
ARG_OF_PERIGEE,1.0
RA_OF_ASC_NODE,1.0
MEAN_ANOMALY,1.0
MEAN_MOTION,1.0
SEMI_MAJOR_AXIS,1.0
PERIGEE_LAT,1.0
S-POLE_ELPSD_TIME,1.0
ECL_ENTRY,1.0
ECL_EXIT,1.0
TIME_FROM_ECL_EXIT,1.0
TIME_TO_ECL_ENTRY,1.0
TIME_TO_ECL_EXIT,1.0
S/C_SUNLIT_ECL,1.0
ERR_Q_SUNB-1,1.0
ERR_Q_SUNB-2,1.0
ERR_Q_SUNB-3,1.0
ERR_Q_SUNB-4,1.0
ERR_Q_EARB-1,1.0
ERR_Q_EARB-2,1.0
ERR_Q_EARB-3,1.0
ERR_Q_EARB-4,1.0
Q-1_OF_POINT_VECTOR,1.0
Q-2_OF_POINT_VECTOR,1.0
Q-3_OF_POINT_VECTOR,1.0
Q-4_OF_POINT_VECTOR,1.0
SPOLE_CROSSING_TIME,1.0
PREV_ECL_ENTRY,1.0
PREV_ECL_EXIT,1.0
NEXT_ECL_ENTRY,1.0
NEXT_ECL_EXIT,1.0
YAW_SUN_ANGLE,1.0
ROL_SUN_ANGLE,1.0
PCH_SUN_ANGLE,1.0
ROL_VELOCITY_ANGLE,1.0
SS_HEAD-1_RA,1.0
SS_HEAD-1_DECL,1.0
SS_HEAD-2_RA,1.0
SS_HEAD-2_DECL,1.0
SS_HEAD-3_RA,1.0
SS_HEAD-3_DECL,1.0
SS-1_SUN_ANG,1.0
SS-2_SUN_ANG,1.0
SS-3_SUN_ANG,1.0
SS-1_MOON_ANG,1.0
SS-2_MOON_ANG,1.0
SS-3_MOON_ANG,1.0
SS-1_EARTH_ANG,1.0
SS-2_EARTH_ANG,1.0
SS-3_EARTH_ANG,1.0
SS-1_PLANET_INTR,1.0
SS-2_PLANET_INTR,1.0
SS-3_PLANET_INTR,1.0
PLANET_RA_IN_S/C_BODY_FRAME,1.0
PLANET_DECL_IN_S/C_BODY_FRAME,1.0
SUN_RA_IN_S/C_BODY_FRAME,1.0
SUN_DECL_IN_S/C_BODY_FRAME,1.0
EARTH_RA_IN_S/C_BODY_FRAME,1.0
EARTH_DECL_IN_S/C_BODY_FRAME,1.0
4PI-1_YAW_O/P_VOL,0.0004
4PI-1_ROL_O/P_VOL,0.0002
4PI-1_PCH_O/P_VOL,0.0002
4PI-1_YAW_O/P_ASP,0.0004
4PI-1_ROL_O/P_ASP,0.0002
4PI-1_PCH_O/P_ASP,0.0002
4PI-2_YAW_O/P_VOL,0.0004
4PI-2_ROL_O/P_VOL,0.0004
4PI-2_PCH_O/P_VOL,0.0004
4PI-2_YAW_O/P_ASP,0.0004
4PI-2_ROL_O/P_ASP,0.0004
4PI-2_PCH_O/P_ASP,0.0004
MAG-1_RAW_FIELD_YAW,0.0
MAG-1_RAW_FIELD_ROL,0.0
MAG-1_RAW_FIELD_PCH,0.0
DIG_MINI_MAG-1_STS,1.0
MAG-1_RAW_FIELD_YAW_TMC,0.0
MAG-1_RAW_FIELD_ROL_TMC,0.003
MAG-1_RAW_FIELD_PCH_TMC,0.003
MAG-2_RAW_FIELD_YAW,0.0
MAG-2_RAW_FIELD_ROL,0.0
MAG-2_RAW_FIELD_PCH,0.0
DIG_MINI_MAG-2_STS,1.0
MAG-2_RAW_FIELD_YAW_TMC,0.003
MAG-2_RAW_FIELD_ROL_TMC,0.003
MAG-2_RAW_FIELD_PCH_TMC,0.0
P-1_DPLY_TIMER,0.006
P-2_DPLY_TIMER,0.006
SCT_HDRM-1_STS,1.0
SCT_HDRM-2_STS,1.0
SCT_HDRM_ROPE_STS,1.0
SCT_HDRM-3_STS,1.0
OCM_TILT_RELEASE_CABLE_CUT_STS,1.0
OCM_FIRST_MOTION,1.0
P-1_HOLDWN_CABLE_STS,1.0
P-1_FIRST_MOTION_STS,1.0
P-1_HNG_SW_STS_SADA_YOKE,1.0
P-1_HNG_SW_STS_YOKE_PNL-1,1.0
P-1_HNG_SW_STS_PNL-1_PNL-2,1.0
P-2_HOLDWN_CABLE_STS,1.0
P-2_FIRST_MOTION_STS,1.0
P-2_HNG_SW_STS_SADA_YOKE,1.0
P-2_HNG_SW_STS_YOKE_PNL-1,1.0
P-2_HNG_SW_STS_PNL-1_PNL-2,1.0
MTC_DUMP_STS,1.0
MTC_DUMP_POL_YAW,1.0
MTC_DUMP_POL_ROL,1.0
MTC_DUMP_POL_PCH,1.0
MTC_POL_REV_STS_YAW,1.0
MTC_POL_REV_STS_ROL,1.0
MTC_POL_REV_STS_PCH,1.0
MTC_ON_TIME_SEL_SEC,1.0
MD_MTCB_GAIN,1.0
TORQ_MANUAL_FIRE_STS,1.0
MTC-1_STS,1.0
MTC-1_POS_CUR_MAG,0.0034
MTC-1_NEG_CUR_MAG,0.0034
MTC-1_STS_NS,1.0
MTC-2_STS,1.0
MTC-2_POS_CUR_MAG,0.0056
MTC-2_NEG_CUR_MAG,0.006
MTC-2_STS_NS,1.0
MTS_HSU_PLC_FPGA_STS,1.0
MTS_TSU_PLC_FPGA_STS,1.0
MTS_MDE_EPC-R_PWR_STS,1.0
MTS_MDE_EPC-M_PWR_STS,1.0
MTS_HSU_PLC_EPC_PWR_STS,1.0
MTS_TSU_PLC_EPC_PWR_STS,1.0
EXE_CMD_CNTR_SEL_LSB,0.0
EXE_CMD_CNTR_SEL_MSB,0.0006
EXE_CMD_CNTR_SEL,0.0
LINK-1_TEST_CMD_STS,1.0
LINK-1_EXE_REG,0.1552
LINK-1_TEST_CMD_STS_NS,1.0
EXE_REG,0.2192
DSR_STS_FLAG_LINK-1,1.0
DSR_REPORT_STS_LINK-1,1.0
DSR_RESET_FLAG_LINK-1,1.0
DSR_SPF_PROC_STS_LINK-1,1.0
DSR_FRMT_ERR_FLAG_LINK-1,0.003
DSR_CNTL_CMD_FLAG_LINK-1,1.0
DSR_LSC_INDICATOR_LINK-1,1.0
DSR_SPF_CNTR-1_LINK-1,0.0038
DSR_SPF_CNTR-2_LINK-1,0.0036
DSR_KEY_INDEX_LINK-1,0.0038
DSR_RNM_SEQ_SEED_LSC1_LINK-1,0.004
DSR_RNM_SEQ_SEED_LSC2_LINK-1,0.0042
PAR_LINK-1,0.2864
PAR_CNTR_LINK-1,0.0004
PRR_LINK-1,0.0004
CLCW_CTRL_WORD_TYPE_LINK-1,0.0002
CLCW_VER_NO_LINK-1,0.0002
CLCW_STS_FIELD_LINK-1,0.0002
CLCW_COP_IN_EFFECT_LINK-1,0.0002
CLCW_VCID_LINK-1,0.0002
CLCW_RF_AVL_FLG_LINK-1,0.0002
CLCW_BIT_LOCK_FLG_LINK-1,1.0
CLCW_LOCKOUT_FLG_LINK-1,0.0002
CLCW_WAIT_FLG_LINK-1,0.0002
CLCW_RETRANS_FLG_LINK-1,0.0002
CLCW_FARM-B_CNTR_LINK-1,0.0002
CLCW_REPORT_VAL_LINK-1,0.0002
FAR_REPORT_STS_LINK-1,1.0
FAR_DEC_STS_LINK-1,1.0
FAR_TC_CHNL_SEL_LINK-1,1.0
FAR_CLTU_TERM_REPORT_LINK-1,1.0
FAR_C_BLK_ACCEPTED_LINK-1,0.0062
FAR_SNGL_ER_C_BLK_CRCTD_LINK-1,0.0062
FAR_FRAME_ANALYSIS_LINK-1,1.0
FAR_LEGAL_VALIDATION_LINK-1,1.0
FAR_FRAME_TYPE_LINK-1,1.0
FAR_FRAME_DLVR_STS_LINK-1,1.0
MAP-ID_LINK-1,0.2896
SEG_CNTR_LINK-1,0.0004
DSR_STS_FLAG_LINK-2,1.0
DSR_REPORT_STS_LINK-2,1.0
DSR_RESET_FLAG_LINK-2,1.0
DSR_SPF_PROC_STS_LINK-2,1.0
DSR_FRMT_ERR_FLAG_LINK-2,0.0026
DSR_CNTL_CMD_FLAG_LINK-2,1.0
DSR_LSC_INDICATOR_LINK-2,1.0
DSR_SPF_CNTR-1_LINK-2,0.0034
DSR_SPF_CNTR-2_LINK-2,0.0042
DSR_KEY_INDEX_LINK-2,0.0044
DSR_RNM_SEQ_SEED_LSC1_LINK-2,0.0046
DSR_RNM_SEQ_SEED_LSC2_LINK-2,0.0048
PAR_LINK-2,0.2864
PAR_CNTR_LINK-2,0.0006
PRR_LINK-2,0.0012
CLCW_CTRL_WORD_TYPE_LINK-2,0.0
CLCW_VER_NO_LINK-2,0.0
CLCW_STS_FIELD_LINK-2,0.0
CLCW_COP_IN_EFFECT_LINK-2,0.0
CLCW_VCID_LINK-2,0.0
CLCW_BIT_LOCK_FLG_LINK-2,1.0
CLCW_FARM-B_CNTR_LINK-2,0.0
CLCW_REPORT_VAL_LINK-2,0.0
FAR_REPORT_STS_LINK-2,1.0
FAR_DEC_STS_LINK-2,1.0
FAR_TC_CHNL_SEL_LINK-2,1.0
FAR_CLTU_TERM_REPORT_LINK-2,1.0
FAR_C_BLK_ACCEPTED_LINK-2,0.003
FAR_SNGL_ER_C_BLK_CRCTD_LINK-2,0.003
FAR_FRAME_ANALYSIS_LINK-2,1.0
FAR_LEGAL_VALIDATION_LINK-2,1.0
FAR_FRAME_TYPE_LINK-2,1.0
FAR_FRAME_DLVR_STS_LINK-2,1.0
MAP-ID_LINK-2,0.0014
SEG_CNTR_LINK-2,0.0002
TC_SECURE_CLEAR_MODE,1.0
NEW_CMD_TC_BUFFER_AVL,0.0014
LOCAL_CMD_TC_PORT_AVL,0.0014
REM_CMD_TC_PORT_AVL,0.0014
H/W_EXE_BUF_FUL,0.0014
REMOTE_PKT_CHKSUM_REJ_FLAG,0.0058
REMOTE_PKT_INDEX_REJ_FLAG,0.0054
REMOTE_WRITE_BULK_NOW,0.0032
TC_PACKET_CNTR,0.0032
REMOTE_PKT_REJ_INDEX,0.0026
REMOTE_PKT_NOW_EXPECT,0.0026
MAIN_EXE_REF_CHKSUM,1.0
SRAM_BLK_CS_R-1,1.0
SRAM_BLK_CS_R-2,0.9872
SRAM_BLK_CS_R-3,0.968
SRAM_BLK_CS_R-4,0.9552
SRAM_BLK_CS_R-5,0.9488
REM_16BIT_CHKSUM_COMPUTE,1.0
BOOT_PROG_SEL,0.0006
AUTO_PANEL_DPLY_RATE_CHK,1.0
SS_TRACK_CNT_CHK_CMD_STS,1.0
EP_LOAD_STS,1.0
ECL_CTRL_POL,0.0048
TCR_HVR_FAIL,0.0056
TCR_LVR_FAIL,0.0056
TCR_CCR_FAIL,0.0056
TCR_HVM_FAIL,0.0056
TCR_LVM_FAIL,0.0056
TCR_CCM_FAIL,0.0056
TCR_FPGA_ADCM_FAIL,0.0056
TCR_FPGA_CLKM_FAIL,0.0056
TCR_FPGA_ADCR_FAIL,0.0056
TCR_FPGA_CLKR_FAIL,0.0056
BAT_V_MAIN_CHNL,1.0
BAT_V_REDT_CHNL,1.0
FP_PARA_HEALTH,1.0
EBCF_THRSLD_STS,1.0
EBCF_SRC_STS,1.0
WRONG_EBC_NUM,0.004
REM_UPDT_32_BIT_ADDR,0.0002
C1_SIGNAL,1.0
C2_SIGNAL,1.0
C2_SEL_STS,1.0
OBC-1_BMU-30_STS,1.0
OBC-2_BMU-30_STS,1.0
MINOR_CYCLE-1_EXE_TIME,0.0054
MINOR_CYCLE-2_EXE_TIME,0.0054
MINOR_CYCLE-3_EXE_TIME,0.0054
MINOR_CYCLE-4_EXE_TIME,0.0054
MINOR_CYCLE-5_EXE_TIME,0.002
MINOR_CYCLE-6_EXE_TIME,0.002
MINOR_CYCLE-7_EXE_TIME,0.002
MINOR_CYCLE-8_EXE_TIME,0.002
TIME_MEAS_MAX_EXE_TIME,0.0054
TIME_MEAS_CUR_EXE_TIME,0.0054
ERROR_FLAG_SUMMARY,0.0028
BMU-30_SERIAL_DATA-1,0.0052
BMU-30_SERIAL_DATA-1_OS,0.0052
BMU-30_SERIAL_DATA-2,0.0026
BMU-30_SERIAL_DATA-2_OS,0.0026
ECL_STS_FROM_MODEL,1.0
SYS_CO_CMDS,1.0
ECL_FROM_MODEL_COMP_LOGIC_STS,1.0
EEPROM_DATA_STS,0.0058
EEPROM_READ_NOW,0.0042
OVERALL_CHKSUM_MSB,0.0042
OVERALL_CHKSUM_LSB,0.0042
OVERALL_SOURCE_ADDR_MSB,0.0042
OVERALL_SOURCE_ADDR_LSB,0.0042
EEPROM_BLK_WRITE_CNTR,0.0034
EEPROM_BLK_READ_CNTR,0.0034
EEPROM_BLK_WRITE,0.0042
EEPROM_BLK_READ,0.0042
EEPROM_WRITE,0.0022
EEPROM_READ,0.0022
PROG_BLK_READ_INIT,0.0004
RAM_DATA_STS,0.0058
MAIN_EXE_REF_CS_MATCH_CP_2_3,0.0044
MAIN_EXE_REF_CS_MATCH_CP_3_1,0.0044
MAIN_EXE_REF_SZ_MATCH_CP_1_2,0.0044
MAIN_EXE_REF_SZ_MATCH_CP_2_3,0.0044
MAIN_EXE_REF_SZ_MATCH_CP_3_1,0.0044
MAIN_EXE_REF_CS_MATCH_CP_1_2,0.0044
EEPROM_CHKSUM_COMP,0.0042
EEPROM_CP_2ND_ATTMPT,0.0044
EEPROM_MAIN_EXE_LD,0.0042
EEPROM_CP-1_PROG_PTR_TBL,1.0
RAM_CP-1_PROG_PTR_TBL,1.0
EEPROM_CP-1_CMD_PTR_TBL,1.0
RAM_CP-1_CMD_PTR_TBL,1.0
EEPROM_CP-2_PROG_PTR_TBL,1.0
RAM_CP-2_PROG_PTR_TBL,1.0
EEPROM_CP-2_CMD_PTR_TBL,1.0
RAM_CP-2_CMD_PTR_TBL,1.0
EEPROM_CP-3_PROG_PTR_TBL,1.0
RAM_CP-3_PROG_PTR_TBL,1.0
EEPROM_CP-3_CMD_PTR_TBL,1.0
RAM_CP-3_CMD_PTR_TBL,1.0
EEPROM_CP-1_SM_TBL-0,1.0
EEPROM_CP-2_SM_TBL-0,1.0
EEPROM_CP-3_SM_TBL-0,1.0
EEPROM_CP-1_SM_TBL-1,1.0
EEPROM_CP-2_SM_TBL-1,1.0
EEPROM_CP-3_SM_TBL-1,1.0
EEPROM_CP-1_SM_TBL-2,1.0
EEPROM_CP-2_SM_TBL-2,1.0
EEPROM_CP-3_SM_TBL-2,1.0
EEPROM_CP-1_SM_TBL-3,1.0
EEPROM_CP-2_SM_TBL-3,1.0
EEPROM_CP-3_SM_TBL-3,1.0
RAM_CP-1_SM_TBL-0,1.0
RAM_CP-2_SM_TBL-0,1.0
RAM_CP-3_SM_TBL-0,1.0
RAM_CP-1_SM_TBL-1,1.0
RAM_CP-2_SM_TBL-1,1.0
RAM_CP-3_SM_TBL-1,1.0
RAM_CP-1_SM_TBL-2,1.0
RAM_CP-2_SM_TBL-2,1.0
RAM_CP-3_SM_TBL-2,1.0
RAM_CP-1_SM_TBL-3,1.0
RAM_CP-2_SM_TBL-3,1.0
RAM_CP-3_SM_TBL-3,1.0
EEPROM_CP-1_BLK-0_STS,1.0
EEPROM_CP-2_BLK-0_STS,1.0
EEPROM_CP-3_BLK-0_STS,1.0
EEPROM_CP-1_BLK-1_STS,1.0
EEPROM_CP-2_BLK-1_STS,1.0
EEPROM_CP-3_BLK-1_STS,1.0
EEPROM_CP-1_BLK-2_STS,1.0
EEPROM_CP-2_BLK-2_STS,1.0
EEPROM_CP-3_BLK-2_STS,1.0
EEPROM_CP-1_BLK-3_STS,1.0
EEPROM_CP-2_BLK-3_STS,1.0
EEPROM_CP-3_BLK-3_STS,1.0
EEPROM_CP-1_BLK-4_STS,1.0
EEPROM_CP-2_BLK-4_STS,1.0
EEPROM_CP-3_BLK-4_STS,1.0
EEPROM_CP-1_BLK-5_STS,1.0
EEPROM_CP-2_BLK-5_STS,1.0
EEPROM_CP-3_BLK-5_STS,1.0
EEPROM_CP-1_BLK-6_STS,1.0
EEPROM_CP-2_BLK-6_STS,1.0
EEPROM_CP-3_BLK-6_STS,1.0
EEPROM_CP-1_BLK-7_STS,1.0
EEPROM_CP-2_BLK-7_STS,1.0
RAM_CP-1_BLK-0_STS,1.0
RAM_CP-2_BLK-0_STS,1.0
RAM_CP-3_BLK-0_STS,1.0
RAM_CP-1_BLK-1_STS,1.0
RAM_CP-2_BLK-1_STS,1.0
RAM_CP-3_BLK-1_STS,1.0
RAM_CP-1_BLK-2_STS,1.0
RAM_CP-2_BLK-2_STS,1.0
RAM_CP-3_BLK-2_STS,1.0
RAM_CP-1_BLK-3_STS,1.0
RAM_CP-2_BLK-3_STS,1.0
RAM_CP-3_BLK-3_STS,1.0
RAM_CP-1_BLK-4_STS,1.0
RAM_CP-2_BLK-4_STS,1.0
RAM_CP-3_BLK-4_STS,1.0
RAM_CP-1_BLK-5_STS,1.0
RAM_CP-2_BLK-5_STS,1.0
RAM_CP-3_BLK-5_STS,1.0
RAM_CP-1_BLK-6_STS,1.0
RAM_CP-2_BLK-6_STS,1.0
RAM_CP-3_BLK-6_STS,1.0
NS_TEMP_SNSR_DATA_TXFR,0.0002
TEMP_SNSR_STS,1.0
TEMP_SNSR_STS_NS,1.0
RAM_REFRESH,1.0
NMI_FLAG,1.0
NMI_CNTRL-0,0.0006
NMI_CNTRL-1,0.0006
NMI_CNTRL-2,0.0028
NMI_CNTRL-3,0.0028
NMI_CNTRL-4,0.0028
NMI_CNTRL-5,0.0028
NMI_CNTRL-6,0.0028
NMI_CNTRL-7,0.0028
NMI_HANDLER_ENA_STS,1.0
NMI_CNTR,1.0
BAT_SOFT_EMG_STS,1.0
BAT_SAFE_FLAG-2,0.0056
BAT_SAFE_FLAG-3,0.005
BAT_SAFE_FLAG-4,0.005
BAT_SAFE_FLAG-1_LOGIC,1.0
BAT_SAFE_FLAG-2_LOGIC,1.0
BAT_SAFE_FLAG-3_LOGIC,1.0
BAT_SAFE_FLAG-4_LOGIC,1.0
BAT_SAFE_FLAG-5_LOGIC,1.0
BAT-1_SOFT_EMG_LOGIC,1.0
BAT-2_SOFT_EMG_LOGIC,1.0
FPGA_INIT,0.0058
OBC_CAL_VOL_STS,1.0
BAT_SAFE_FLAG-5_ACTION,1.0
PWR_FPGA_SEL_IN_LOOP,1.0
BAT_SE_THD-1_STS_M,1.0
BAT_SE_THD-2_STS_M,1.0
BAT_SE_THD-3_STS_M,1.0
BAT_SE_THD-4_STS_M,1.0
BAT_SE_THD-5_STS_M,1.0
BAT_SE_THD-1_STS_R,1.0
BAT_SE_THD-2_STS_R,1.0
BAT_SE_THD-3_STS_R,1.0
BAT_SE_THD-4_STS_R,1.0
BAT_SE_THD-5_STS_R,1.0
MASTER_EBC,1.0
MASTER_ATC,1.0
MASTER_COMBINATION_EBC,1.0
DPLY_TIMER_STS,1.0
OCM_FDIR,1.0
OCM_HEART_BIT_FDIR,1.0
OCM_HEART_BIT_FDIR_LOGIC,1.0
OCM_PWR_OFF_ISSUED,0.0032
SSTM_CDE_FDIR,1.0
SSTM_FECE_FDIR,0.0056
SSTM_CDE_PWR_OFF_ISSUED,0.0032
SSTM_FECE_PWR_OFF_ISSUED,0.0032
SCAT_SCE_PULSE_SEL,1.0
SCAT_INDX_PULSE_SEL,1.0
BC_BOOT_RT_APPL_LOGIC_STS,1.0
BOTH_BC_BOTH_RT_DET_LOGIC_STS,1.0
BOTH_BC_BOTH_RT_STS,0.006
AUTO_TRAP_IN_SEL,1.0
MATHS_PYLD_ON_STS,1.0
MATHS_DIST_COMPNSTN_ENA_STS,1.0
MASTER_MATH_ENA_STS,1.0
MATHS_SCAN_START_STS,1.0
SSM_DIST_COMPNSTN_STS,1.0
SSM_ON_STS,1.0
TSU_SCAN_START_TIME,0.0062
TSU_SCAN_START_RDY_CNTR,0.0062
HSU_SCAN_START_TIME,0.0028
HSU_SCAN_START_RDY_CNTR,0.0028
MASTER_MACRO_STS,1.0
ACTIVE_SER_MACRO-1_STS,1.0
ACTIVE_SER_MACRO-1_NO,0.0012
ACTIVE_SER_MACRO-1_CMD_PTR,0.0012
ACTIVE_SER_MACRO-1_DATA_SETNO,0.001
ACTIVE_SER_MACRO-1_NXT_EVNT_T,0.0004
ACTIVE_PAR_MACRO-1_STS,1.0
ACTIVE_PAR_MACRO-1_NO,0.0004
ACTIVE_PAR_MACRO-1_CMD_PTR,0.0004
ACTIVE_PAR_MACRO-1_DATA_SETNO,0.0016
ACTIVE_PAR_MACRO-1_NXT_EVNT_T,0.0004
ACTIVE_PAR_MACRO-2_STS,1.0
ACTIVE_PAR_MACRO-2_NO,0.0002
ACTIVE_PAR_MACRO-2_CMD_PTR,0.0004
ACTIVE_PAR_MACRO-2_DATA_SETNO,0.0018
ACTIVE_PAR_MACRO-2_NXT_EVNT_T,0.0006
ACTIVE_PAR_MACRO-3_STS,1.0
ACTIVE_PAR_MACRO-3_NO,0.0002
ACTIVE_PAR_MACRO-3_CMD_PTR,0.001
ACTIVE_PAR_MACRO-3_DATA_SETNO,0.0002
ACTIVE_PAR_MACRO-3_NXT_EVNT_T,0.001
ACTIVE_PAR_MACRO-4_STS,1.0
ACTIVE_PAR_MACRO-4_NO,0.001
ACTIVE_PAR_MACRO-4_CMD_PTR,0.001
ACTIVE_PAR_MACRO-4_DATA_SETNO,0.0024
ACTIVE_PAR_MACRO-4_NXT_EVNT_T,0.0012
LP_INIT_TABLE_STS,1.0
LP_INIT_TBL_EEPROM_CP,1.0
LP_INIT_TBL_EEPROM_READ,1.0
OBT,1.0
OBT_DRIFT_EST,0.005
OBT_DRIFT_USED,0.006
OBT_AT_SPSSYNC_48BIT,1.0
OBT_RST_FLAG,0.0002
OBT_DRIFT_EST_STS,0.0002
AUTO_OBT_DRIFT_UPDT,1.0
SPS_EVENT_OBT_SEL,1.0
OBT_PORT_DATA_LATCH_STS,1.0
OBT_FP_EVENT_PORT_LATCH_STS,1.0
PPS_OBT_EVENT_PORT_LATCH_STS,1.0
SSP_PLC_OBT_EVT_PORT_LATCH_STS,1.0
SSP_SCE_OBT_EVT_PORT_LATCH_STS,1.0
SPS_EVENT_OBT_SEL_DRIFT,1.0
DIFF_TT_CMD_EDIT_MODE,1.0
DIFF_TT_CUR_CMD_DLY,0.0022
DIFF_TT_EDIT_CUR_ADDR,0.0012
DIFF_TT_EDIT_STOP_ADDR,0.0012
DIFF_TT_OPRN_CUR_ADDR,0.0012
DIFF_TT_OPRN_STOP_ADDR,0.0012
DIFF_TT_EXE_STS,0.0046
OBT_TT_CUR_CMD_DLY,0.0006
OBT_TT_TBL_SEL,1.0
OBT_TT_PEND_CMDS_TBL-0,0.0014
OBT_TT_PEND_CMDS_TBL-1,0.0018
OBT_TT_EXE_STS,1.0
OBT_TT_CMD_FOUND_STS,1.0
NO_OF_PEND_CMDS_TT_Q,0.0002
NO_OF_PEND_CMDS_RT_Q,0.0002
NO_OF_PENDING_CMDS_ONBOARD_Q,0.0002
TT_CMDS_Q_FLAG,0.0046
GND_CMDS_Q_FLAG,1.0
ONB_CMDS_Q_FLAG,1.0
NO_OF_PEND_CMDS_PLD_Q,0.0002
PLD_SEQ_CMDS_Q_FLAG,0.0046
PROG_CMD_SEQ_SET-1_STS,1.0
PROG_CMD_SEQ_SET-2_STS,1.0
PROG_CMD_SEQ_SET-3_STS,1.0
PROG_CMD_SEQ_SET-4_STS,1.0
PROG_CMD_SEQ_SET-5_STS,1.0
SUPER_CYCLE_OBT_MSEC,0.0024
MASTER_EVENT_PROG_CMD_SEQ,0.002
PC_SEQ_EVENT_NO,0.0004
PC_SEQ_EVENT_CMD_CNTR,0.0004
PC_SEQ_EVENT_STS,1.0
ENCRYPT_CLR_LOGIC_STS,1.0
PROG_CMD_SEQ_SET-6_STS,1.0
ENCYPTION_CLR_OCRD_STS,0.0058
PROG_CMD_SEQ_SET-7_STS,1.0
PROG_CMD_SEQ_SET-8_STS,1.0
PROG_CMD_SEQ_SET-9_STS,1.0
PROG_CMD_SEQ_SET-10_STS,1.0
PROG_CMD_SEQ_SET-11_STS,1.0
PROG_CMD_SEQ_SET-12_STS,1.0
PROG_CMD_SEQ_SET-13_STS,1.0
PROG_CMD_SEQ_SET-14_STS,1.0
PROG_CMD_SEQ_SET-15_STS,1.0
PROG_CMD_SEQ_SET-16_STS,1.0
PROG_CMD_SEQ_SET-17_STS,1.0
PROG_CMD_SEQ_SET-18_STS,1.0
PROG_CMD_SEQ_SET-19_STS,1.0
PROG_CMD_SEQ_SET-20_STS,1.0
PROG_CMD_SEQ_SET-21_STS,1.0
PROG_CMD_SEQ_SET-22_STS,1.0
PROG_CMD_SEQ_SET-23_STS,1.0
PROG_CMD_SEQ_SET-24_STS,1.0
VIT_EXECUTE,0.0004
PLD_SEQ_NEXT_SESS_OBT,0.0028
PLD_SEQ_EXE_CNTR,0.0028
PLD_SEQ_ERR,1.0
REM_VIEW_ADDR_MS_NIB,0.0044
REM_VIEW_ADDR_LSB,1.0
REM_VIEW_ADDR,1.0
REM_UPDT_ADDR,0.0002
REM_DATA,0.4896
REM_FROZEN_DATA,0.7216
REM_UPDT_CHKSUM,0.0
REM_VIEW_TIME_SEL,1.0
REM_UPDT_MEM_VIEW,1.0
MEM_SCRUB_STS,1.0
REM_PROG_MINOR_CYCLE-1,1.0
REM_PROG_MINOR_CYCLE-2,1.0
REM_PROG_MINOR_CYCLE-3,1.0
REM_PROG_MINOR_CYCLE-4,1.0
REM_PROG_MINOR_CYCLE-5,1.0
REM_PROG_MINOR_CYCLE-6,1.0
REM_PROG_MINOR_CYCLE-7,1.0
REM_PROG_MINOR_CYCLE-8,1.0
REM_UPDT_DATA,0.0002
UPLINK_FLOAT_CHK,0.0002
NO_OF_1553_MSG_OVRFLW,0.0044
RAM_CHK_STS,1.0
USER-1_WRITE_STS,1.0
USER-1_EXE_STS,1.0
USER-2_WRITE_STS,1.0
USER-2_EXE_STS,1.0
USER-3_WRITE_STS,1.0
USER-3_EXE_STS,1.0
USER-4_WRITE_STS,1.0
USER-4_EXE_STS,1.0
SRAM_WRITE_STS,0.0044
SRAM_WRITE_PROTECT_STS,1.0
SRAM_CHKSUM_COMP_STS,0.0062
PROM_CHKSUM,0.0022
RAM_CHKSUM,0.0022
RAM_CHKSUM_COMP,1.0
SPS_SEL,1.0
FRAME_ID,0.0
ASM,1.0
PRIMARY_HEADER,0.6672
PTM_VER_NO,0.0018
PTM_RST_STS,0.0056
PTM_SYNC_STS,0.0056
PTM_TC_ERR_STS,0.0056
PTM_FORMAT_UPDT,0.0056
PTM_FORMAT,0.0004
FRAME_ERR_CHK_FIELD,0.8168
SPS_SEL_FOR_PB,1.0
PB_TYPE_SEL,1.0
TM_CHNL_1_OR_2_SEL,1.0
DWELL_STS,1.0
DWELL_OR_PB_SEL,1.0
128_KHZ_SUB_CAR_TC_STS,1.0
F2_REC_TC_STS,0.0002
F1_STORAGE_RATIO,1.0
F1_STORAGE_OPTION,1.0
F3_STORAGE_OPTION,1.0
F3_STORAGE_RATE,1.0
F1_AUTO_STORAGE_STS,1.0
F1_REC_STS,0.0002
F3_REC_STS,0.0002
F4_REC_STS,0.0044
STORAGE_ADDR_SEG-1,1.0
STORAGE_ADDR_SEG-2,0.0028
STORAGE_ADDR_SEG-3,0.0028
STORAGE_ADDR_SEG-4,0.936
PB_STS,1.0
PB_FORMAT,1.0
DWELL_LOGIC_STS,1.0
F-1_STORAGE_CURR_ADDR,0.3088
F-2_STORAGE_CURR_ADDR,0.0018
F-3_STORAGE_CURR_ADDR,0.002
F-4_STORAGE_CURR_ADDR,1.0
PB_CURR_ADDR,0.0002
SEF_EEPROM_CNTR,0.0012
DEF_EEPROM_CNTR,0.0012
SEF_RAM_CNTR,0.0012
DEF_RAM_CNTR,0.0014
SEF_DEF_ADDR,0.0062
RD_INH_LOW_CNTR,0.0038
RD_WR_CLASH_CNTR,0.0038
BLK_CHKSUM_EEPROM_WD1,1.0
BLK_CHKSUM_EEPROM_WD2,1.0
BLK_CHKSUM_EEPROM_WD3,1.0
BLK_CHKSUM_EEPROM_WD4,1.0
BLK_CHKSUM_EEPROM_WD5,1.0
BLK_CHKSUM_EEPROM_WD6,1.0
BLK_CHKSUM_EEPROM_WD7,1.0
EXE_LD_PER_CENT,0.0046
TRAP_ERR_CNT_WD1,0.006
TRAP_ERR_CNT_WD2,0.006
TRAP_STS_WORD-01,0.0056
TRAP_STS_WORD-02,0.0026
TRAP_STS_WORD-03,0.0062
TRAP_STS_WORD-04,0.0006
TRAP_LOC_ORIGN_WD1,0.0014
TRAP_LOC_ORIGN_WD2,0.0022
SE_LOGIC_STS,1.0
SEF_DEF_LOGIC,1.0
AUTO_BUS_COL_GND_RT,1.0
LEON_REG_REFRESH,1.0
SYNC_OBT_OS_NS,1.0
EEPROM_LOAD_STS_NS,0.0
TRAP_STS_WORD-05,0.0032
TRAP_STS_WORD-06,0.0034
TRAP_STS_WORD-07,0.0034
TRAP_STS_WORD-08,0.0034
TRAP_STS_WORD-09,0.0034
TRAP_STS_WORD-10,0.0036
TRAP_STS_WORD-11,0.0036
TRAP_STS_WORD-12,0.0036
TRAP_STS_WORD-13,0.0042
TRAP_STS_WORD-14,0.0042
TRAP_STS_WORD-15,0.0044
TRAP_STS_WORD-16,0.0044
TRAP_INDEX_TM,0.0028
CTM_DWELL_SEL,1.0
F-1_SEG_END_STS,1.0
F-2_SEG_END_STS,1.0
F-3_SEG_END_STS,1.0
F-4_SEG_END_STS,1.0
F-1_SEG_READ_WRITE_STS,1.0
F-2_SEG_READ_WRITE_STS,1.0
F-3_SEG_READ_WRITE_STS,1.0
F-4_SEG_READ_WRITE_STS,1.0
TM_NORMAL_STS,1.0
DWELL_H/W_CMD_STS,1.0
PB_STS_S/W,0.0058
PWR_SEL_TM,1.0
TM_KEY_INDEX,0.0
TM_ENCRYPTION_STS,1.0
TC_FPGA_FDI_LOGIC_STS,1.0
TC_FPGA_1553_FD_LOGIC_STS,1.0
TC_FPGA_FDI_ACTION,1.0
TC_FPGA_1553_FAIL_FLAG,0.0054
TC_CYCLE_TIMER,0.0024
F2_PB_KEY_INDEX,0.0026
F2_ENCRYPTION_MODE,0.0002
TM_ENCRYPTION_MODE,1.0
PLC_HEARTBIT_LOGIC_STS,1.0
EULER_AXIS_ROTN_STS,1.0
EXE_CMD_CNTR_NS_LSB,0.0
EXE_CMD_CNTR_NS_MSB,0.0044
EXE_CMD_CNTR_NS,0.0
LINK-2_TEST_CMD_STS,1.0
LINK-2_EXE_REG,0.0876
LINK-2_TEST_CMD_STS_NS,1.0
EXE_REG_NS,0.2176
LINK-1_EXE_REG_NS,0.1488
LINK-2_EXE_REG_NS,0.078
PAR_LINK-1_OS,0.2896
PAR_CNTR_LINK-1_OS,0.0054
CLCW_LINK-1_OS,0.0034
FAR_LINK-1_OS,0.2832
PAR_LINK-2_OS,0.2896
PAR_CNTR_LINK-2_OS,0.0054
CLCW_LINK-2_OS,0.0034
FAR_LINK-2_OS,0.0038
EP_LOAD_STS_NS,1.0
EEPROM_STS_NS,0.0002
EEPROM_USBL_STS_NS_M,1.0
EEPROM_READ_NOW_NS,0.0032
OVERALL_CHKSUM_MSB_NS,0.006
OVERALL_CHKSUM_LSB_NS,0.0004
OVERALL_SOURCE_ADDR_MSB_NS,0.004
OVERALL_SOURCE_ADDR_LSB_NS,0.0058
MAIN_EXE_REF_CS_MATCH_CP_23_NS,0.0004
MAIN_EXE_REF_CS_MATCH_CP_31_NS,0.006
MAIN_EXE_REF_SZ_MATCH_CP_12_NS,0.006
MAIN_EXE_REF_SZ_MATCH_CP_23_NS,0.006
MAIN_EXE_REF_SZ_MATCH_CP_31_NS,0.006
MAIN_EXE_REF_CS_MATCH_CP_12_NS,0.0004
EEPROM_CP_2ND_ATTMPT_NS,0.0004
OBC-1_CPU_VOL_AFT_RLY,0.0026
OBC-1_SNSR_POS_15V_VOL_AFT_RLY,0.0026
OBC-1_SNSR_NEG_15V_VOL_AFT_RLY,0.0026
OBC-1_CAL_VOL_POS_2.5V,0.003
OBC-1_CAL_VOL_NEG_2.5V,0.0044
OBC-1_CPU_PWR_STS,1.0
OBC-1_POS_10V_VOL,0.0018
OBC-1_NEG_10V_VOL,0.0018
OBC-1_VTH_VOL,0.0024
OBC-1_UBUS_VOL,0.0012
OBC-1_CPU_PWR_STS_NS,1.0
VC-11_STS,1.0
VC-12_STS,1.0
OBC-1_VC-1_STS,1.0
OBC-1_VC-2_STS,1.0
NMI_HANDLER_ENA_STS_NS,1.0
OBC-1_BOOT_PROM_APPL_PROG_SEL,1.0
BOTH_BC_BOTH_RT_DET_LOGIC_NS,1.0
BOTH_BC_BOTH_RT_STS_NS,0.0046
OBT_DRIFT_EST_NS,0.0044
OBT_DRIFT_USED_NS,0.0042
GND_CMDS_Q_FLAG_NS,0.006
ONB_CMDS_Q_FLAG_NS,0.006
SUPER_CYCLE_OBT_MSEC_NS,0.0056
ENCYPTION_CLR_OCRD_STS_NS,0.0018
REM_VIEW_ADDR_MS_NIB_NS,0.0056
REM_VIEW_ADDR_LSB_NS,0.9944
REM_VIEW_ADDR_NS,0.9944
REM_UPDT_ADDR_NS,0.003
REM_DATA_NS,0.4248
REM_FROZEN_DATA_NS,0.86
REM_UPDT_CHKSUM_NS,0.0
REM_PROG_MINOR_CYCLE-1_NS,1.0
REM_PROG_MINOR_CYCLE-2_NS,1.0
REM_PROG_MINOR_CYCLE-3_NS,1.0
REM_PROG_MINOR_CYCLE-4_NS,1.0
REM_PROG_MINOR_CYCLE-5_NS,1.0
REM_PROG_MINOR_CYCLE-6_NS,1.0
REM_PROG_MINOR_CYCLE-7_NS,1.0
REM_PROG_MINOR_CYCLE-8_NS,1.0
NO_OF_1553_MSG_OVRFLW_NS,0.0004
RAM_CHK_STS_NS,1.0
SRAM_WRITE_STS_NS,0.0004
SRAM_WRITE_PROTECT_STS_NS,0.006
128_KHZ_SUB_CAR_TC_STS_NS,1.0
SEF_EEPROM_CNTR_NS,0.0062
DEF_EEPROM_CNTR_NS,0.0004
SEF_RAM_CNTR_NS,0.0056
DEF_RAM_CNTR_NS,0.0012
BLK_CHKSUM_EEPROM_WD1_NS,1.0
BLK_CHKSUM_EEPROM_WD2_NS,1.0
BLK_CHKSUM_EEPROM_WD3_NS,1.0
BLK_CHKSUM_EEPROM_WD4_NS,0.9936
BLK_CHKSUM_EEPROM_WD5_NS,0.9936
BLK_CHKSUM_EEPROM_WD6_NS,0.9936
BLK_CHKSUM_EEPROM_WD7_NS,1.0
TRAP_ERR_CNT_NS,0.0018
TRAP_LOC_ADDR_NS,0.0008
CTM_DWELL_SEL_NS,1.0
PWR_SEL_TM_NS,1.0
TC_FPGA_FDI_LOGIC_STS_OS,1.0
TC_FPGA_1553_FD_LOGIC_STS_OS,1.0
TC_FPGA_FDI_ACTION_OS,1.0
TC_FPGA_1553_FAIL_FLAG_OS,0.0026
TC_CYCLE_TIMER_1553_OS,0.0024
OBC-2_CPU_VOL_AFT_RLY,0.0048
OBC-2_SNSR_POS_15V_VOL_AFT_RLY,0.003
OBC-2_SNSR_NEG_15V_VOL_AFT_RLY,0.003
OBC-2_CAL_VOL_POS_2.5V,0.0034
OBC-2_CAL_VOL_NEG_2.5V,0.0036
OBC-2_CPU_PWR_STS,1.0
OBC-2_POS_10V_VOL,0.0018
OBC-2_NEG_10V_VOL,0.0024
OBC-2_VTH_VOL,0.0028
OBC-2_UBUS_VOL,0.0
OBC-2_CPU_PWR_STS_NS,1.0
VC-21_STS,1.0
VC-22_STS,1.0
OBC-2_VC-1_STS,1.0
OBC-2_VC-2_STS,1.0
OBC-2_BOOT_PROM_APPL_PROG_SEL,1.0
MACRO-000_UPDT_STS,1.0
MACRO-001_UPDT_STS,1.0
MACRO-002_UPDT_STS,1.0
MACRO-003_UPDT_STS,1.0
MACRO-004_UPDT_STS,1.0
MACRO-005_UPDT_STS,1.0
MACRO-006_UPDT_STS,1.0
MACRO-007_UPDT_STS,1.0
MACRO-008_UPDT_STS,1.0
MACRO-009_UPDT_STS,1.0
MACRO-010_UPDT_STS,1.0
MACRO-011_UPDT_STS,1.0
MACRO-012_UPDT_STS,1.0
MACRO-013_UPDT_STS,1.0
MACRO-014_UPDT_STS,1.0
MACRO-015_UPDT_STS,1.0
MACRO-016_UPDT_STS,1.0
MACRO-017_UPDT_STS,1.0
MACRO-018_UPDT_STS,1.0
MACRO-019_UPDT_STS,1.0
MACRO-020_UPDT_STS,1.0
MACRO-021_UPDT_STS,1.0
MACRO-022_UPDT_STS,1.0
MACRO-023_UPDT_STS,1.0
MACRO-024_UPDT_STS,1.0
MACRO-025_UPDT_STS,1.0
MACRO-026_UPDT_STS,1.0
MACRO-027_UPDT_STS,1.0
MACRO-028_UPDT_STS,1.0
MACRO-029_UPDT_STS,1.0
MACRO-030_UPDT_STS,1.0
MACRO-031_UPDT_STS,1.0
MACRO-032_UPDT_STS,1.0
MACRO-033_UPDT_STS,1.0
MACRO-034_UPDT_STS,1.0
MACRO-035_UPDT_STS,1.0
MACRO-036_UPDT_STS,1.0
MACRO-037_UPDT_STS,1.0
MACRO-038_UPDT_STS,1.0
MACRO-039_UPDT_STS,1.0
MACRO-040_UPDT_STS,1.0
MACRO-041_UPDT_STS,1.0
MACRO-042_UPDT_STS,1.0
MACRO-043_UPDT_STS,1.0
MACRO-044_UPDT_STS,1.0
MACRO-045_UPDT_STS,1.0
MACRO-046_UPDT_STS,1.0
MACRO-047_UPDT_STS,1.0
MACRO-048_UPDT_STS,1.0
MACRO-049_UPDT_STS,1.0
MACRO-050_UPDT_STS,1.0
MACRO-051_UPDT_STS,1.0
MACRO-052_UPDT_STS,1.0
MACRO-053_UPDT_STS,1.0
MACRO-054_UPDT_STS,1.0
MACRO-055_UPDT_STS,1.0
MACRO-056_UPDT_STS,1.0
MACRO-057_UPDT_STS,1.0
MACRO-058_UPDT_STS,1.0
MACRO-059_UPDT_STS,1.0
MACRO-060_UPDT_STS,1.0
MACRO-061_UPDT_STS,1.0
MACRO-062_UPDT_STS,1.0
MACRO-063_UPDT_STS,1.0
MACRO-064_UPDT_STS,1.0
MACRO-065_UPDT_STS,1.0
MACRO-066_UPDT_STS,1.0
MACRO-067_UPDT_STS,1.0
MACRO-068_UPDT_STS,1.0
MACRO-069_UPDT_STS,1.0
MACRO-070_UPDT_STS,1.0
MACRO-071_UPDT_STS,1.0
MACRO-072_UPDT_STS,1.0
MACRO-073_UPDT_STS,1.0
MACRO-074_UPDT_STS,1.0
MACRO-075_UPDT_STS,1.0
MACRO-076_UPDT_STS,1.0
MACRO-077_UPDT_STS,1.0
MACRO-078_UPDT_STS,1.0
MACRO-079_UPDT_STS,1.0
MACRO-080_UPDT_STS,1.0
MACRO-081_UPDT_STS,1.0
MACRO-082_UPDT_STS,1.0
MACRO-083_UPDT_STS,1.0
MACRO-084_UPDT_STS,1.0
MACRO-085_UPDT_STS,1.0
MACRO-086_UPDT_STS,1.0
MACRO-087_UPDT_STS,1.0
MACRO-088_UPDT_STS,1.0
MACRO-089_UPDT_STS,1.0
MACRO-090_UPDT_STS,1.0
MACRO-091_UPDT_STS,1.0
MACRO-092_UPDT_STS,1.0
MACRO-093_UPDT_STS,1.0
MACRO-094_UPDT_STS,1.0
MACRO-095_UPDT_STS,1.0
MACRO-096_UPDT_STS,1.0
MACRO-097_UPDT_STS,1.0
MACRO-098_UPDT_STS,1.0
MACRO-099_UPDT_STS,1.0
MACRO-100_UPDT_STS,1.0
MACRO-101_UPDT_STS,1.0
MACRO-102_UPDT_STS,1.0
MACRO-103_UPDT_STS,1.0
MACRO-104_UPDT_STS,1.0
MACRO-105_UPDT_STS,1.0
MACRO-106_UPDT_STS,1.0
MACRO-107_UPDT_STS,1.0
MACRO-108_UPDT_STS,1.0
MACRO-109_UPDT_STS,1.0
MACRO-110_UPDT_STS,1.0
MACRO-111_UPDT_STS,1.0
MACRO-112_UPDT_STS,1.0
MACRO-113_UPDT_STS,1.0
MACRO-114_UPDT_STS,1.0
MACRO-115_UPDT_STS,1.0
MACRO-116_UPDT_STS,1.0
MACRO-117_UPDT_STS,1.0
MACRO-118_UPDT_STS,1.0
MACRO-119_UPDT_STS,1.0
MACRO-000_ENA_STS,1.0
MACRO-001_ENA_STS,1.0
MACRO-002_ENA_STS,1.0
MACRO-003_ENA_STS,1.0
MACRO-004_ENA_STS,1.0
MACRO-005_ENA_STS,1.0
MACRO-006_ENA_STS,1.0
MACRO-007_ENA_STS,1.0
MACRO-008_ENA_STS,1.0
MACRO-009_ENA_STS,1.0
MACRO-010_ENA_STS,1.0
MACRO-011_ENA_STS,1.0
MACRO-012_ENA_STS,1.0
MACRO-013_ENA_STS,1.0
MACRO-014_ENA_STS,1.0
MACRO-015_ENA_STS,1.0
MACRO-016_ENA_STS,1.0
MACRO-017_ENA_STS,1.0
MACRO-018_ENA_STS,1.0
MACRO-019_ENA_STS,1.0
MACRO-020_ENA_STS,1.0
MACRO-021_ENA_STS,1.0
MACRO-022_ENA_STS,1.0
MACRO-023_ENA_STS,1.0
MACRO-024_ENA_STS,1.0
MACRO-025_ENA_STS,1.0
MACRO-026_ENA_STS,1.0
MACRO-027_ENA_STS,1.0
MACRO-028_ENA_STS,1.0
MACRO-029_ENA_STS,1.0
MACRO-030_ENA_STS,1.0
MACRO-031_ENA_STS,1.0
MACRO-032_ENA_STS,1.0
MACRO-033_ENA_STS,1.0
MACRO-034_ENA_STS,1.0
MACRO-035_ENA_STS,1.0
MACRO-036_ENA_STS,1.0
MACRO-037_ENA_STS,1.0
MACRO-038_ENA_STS,1.0
MACRO-039_ENA_STS,1.0
MACRO-040_ENA_STS,1.0
MACRO-041_ENA_STS,1.0
MACRO-042_ENA_STS,1.0
MACRO-043_ENA_STS,1.0
MACRO-044_ENA_STS,1.0
MACRO-045_ENA_STS,1.0
MACRO-046_ENA_STS,1.0
MACRO-047_ENA_STS,1.0
MACRO-048_ENA_STS,1.0
MACRO-049_ENA_STS,1.0
MACRO-050_ENA_STS,1.0
MACRO-051_ENA_STS,1.0
MACRO-052_ENA_STS,1.0
MACRO-053_ENA_STS,1.0
MACRO-054_ENA_STS,1.0
MACRO-055_ENA_STS,1.0
MACRO-056_ENA_STS,1.0
MACRO-057_ENA_STS,1.0
MACRO-058_ENA_STS,1.0
MACRO-059_ENA_STS,1.0
MACRO-060_ENA_STS,1.0
MACRO-061_ENA_STS,1.0
MACRO-062_ENA_STS,1.0
MACRO-063_ENA_STS,1.0
MACRO-064_ENA_STS,1.0
MACRO-065_ENA_STS,1.0
MACRO-066_ENA_STS,1.0
MACRO-067_ENA_STS,1.0
MACRO-068_ENA_STS,1.0
MACRO-069_ENA_STS,1.0
MACRO-070_ENA_STS,1.0
MACRO-071_ENA_STS,1.0
MACRO-072_ENA_STS,1.0
MACRO-073_ENA_STS,1.0
MACRO-074_ENA_STS,1.0
MACRO-075_ENA_STS,1.0
MACRO-076_ENA_STS,1.0
MACRO-077_ENA_STS,1.0
MACRO-078_ENA_STS,1.0
MACRO-079_ENA_STS,1.0
MACRO-080_ENA_STS,1.0
MACRO-081_ENA_STS,1.0
MACRO-082_ENA_STS,1.0
MACRO-083_ENA_STS,1.0
MACRO-084_ENA_STS,1.0
MACRO-085_ENA_STS,1.0
MACRO-086_ENA_STS,1.0
MACRO-087_ENA_STS,1.0
MACRO-088_ENA_STS,1.0
MACRO-089_ENA_STS,1.0
MACRO-090_ENA_STS,1.0
MACRO-091_ENA_STS,1.0
MACRO-092_ENA_STS,1.0
MACRO-093_ENA_STS,1.0
MACRO-094_ENA_STS,1.0
MACRO-095_ENA_STS,1.0
MACRO-096_ENA_STS,1.0
MACRO-097_ENA_STS,1.0
MACRO-098_ENA_STS,1.0
MACRO-099_ENA_STS,1.0
MACRO-100_ENA_STS,1.0
MACRO-101_ENA_STS,1.0
MACRO-102_ENA_STS,1.0
MACRO-103_ENA_STS,1.0
MACRO-104_ENA_STS,1.0
MACRO-105_ENA_STS,1.0
MACRO-106_ENA_STS,1.0
MACRO-107_ENA_STS,1.0
MACRO-108_ENA_STS,1.0
MACRO-109_ENA_STS,1.0
MACRO-110_ENA_STS,1.0
MACRO-111_ENA_STS,1.0
MACRO-112_ENA_STS,1.0
MACRO-113_ENA_STS,1.0
MACRO-114_ENA_STS,1.0
MACRO-115_ENA_STS,1.0
MACRO-116_ENA_STS,1.0
MACRO-117_ENA_STS,1.0
MACRO-118_ENA_STS,1.0
MACRO-119_ENA_STS,1.0
MACRO-000_EXE_STS,1.0
MACRO-001_EXE_STS,1.0
MACRO-002_EXE_STS,1.0
MACRO-003_EXE_STS,1.0
MACRO-004_EXE_STS,1.0
MACRO-005_EXE_STS,1.0
MACRO-006_EXE_STS,1.0
MACRO-007_EXE_STS,1.0
MACRO-008_EXE_STS,1.0
MACRO-009_EXE_STS,1.0
MACRO-010_EXE_STS,1.0
MACRO-011_EXE_STS,1.0
MACRO-012_EXE_STS,1.0
MACRO-013_EXE_STS,1.0
MACRO-014_EXE_STS,1.0
MACRO-015_EXE_STS,1.0
MACRO-016_EXE_STS,1.0
MACRO-017_EXE_STS,1.0
MACRO-018_EXE_STS,1.0
MACRO-019_EXE_STS,1.0
MACRO-020_EXE_STS,1.0
MACRO-021_EXE_STS,1.0
MACRO-022_EXE_STS,1.0
MACRO-023_EXE_STS,1.0
MACRO-024_EXE_STS,1.0
MACRO-025_EXE_STS,1.0
MACRO-026_EXE_STS,1.0
MACRO-027_EXE_STS,1.0
MACRO-028_EXE_STS,1.0
MACRO-029_EXE_STS,1.0
MACRO-030_EXE_STS,1.0
MACRO-031_EXE_STS,1.0
MACRO-032_EXE_STS,1.0
MACRO-033_EXE_STS,1.0
MACRO-034_EXE_STS,1.0
MACRO-035_EXE_STS,1.0
MACRO-036_EXE_STS,1.0
MACRO-037_EXE_STS,1.0
MACRO-038_EXE_STS,1.0
MACRO-039_EXE_STS,1.0
MACRO-040_EXE_STS,1.0
MACRO-041_EXE_STS,1.0
MACRO-042_EXE_STS,1.0
MACRO-043_EXE_STS,1.0
MACRO-044_EXE_STS,1.0
MACRO-045_EXE_STS,1.0
MACRO-046_EXE_STS,1.0
MACRO-047_EXE_STS,1.0
MACRO-048_EXE_STS,1.0
MACRO-049_EXE_STS,1.0
MACRO-050_EXE_STS,1.0
MACRO-051_EXE_STS,1.0
MACRO-052_EXE_STS,1.0
MACRO-053_EXE_STS,1.0
MACRO-054_EXE_STS,1.0
MACRO-055_EXE_STS,1.0
MACRO-056_EXE_STS,1.0
MACRO-057_EXE_STS,1.0
MACRO-058_EXE_STS,1.0
MACRO-059_EXE_STS,1.0
MACRO-060_EXE_STS,1.0
MACRO-061_EXE_STS,1.0
MACRO-062_EXE_STS,1.0
MACRO-063_EXE_STS,1.0
MACRO-064_EXE_STS,1.0
MACRO-065_EXE_STS,1.0
MACRO-066_EXE_STS,1.0
MACRO-067_EXE_STS,1.0
MACRO-068_EXE_STS,1.0
MACRO-069_EXE_STS,1.0
MACRO-070_EXE_STS,1.0
MACRO-071_EXE_STS,1.0
MACRO-072_EXE_STS,1.0
MACRO-073_EXE_STS,1.0
MACRO-074_EXE_STS,1.0
MACRO-075_EXE_STS,1.0
MACRO-076_EXE_STS,1.0
MACRO-077_EXE_STS,1.0
MACRO-078_EXE_STS,1.0
MACRO-079_EXE_STS,1.0
MACRO-080_EXE_STS,1.0
MACRO-081_EXE_STS,1.0
MACRO-082_EXE_STS,1.0
MACRO-083_EXE_STS,1.0
MACRO-084_EXE_STS,1.0
MACRO-085_EXE_STS,1.0
MACRO-086_EXE_STS,1.0
MACRO-087_EXE_STS,1.0
MACRO-088_EXE_STS,1.0
MACRO-089_EXE_STS,1.0
MACRO-090_EXE_STS,1.0
MACRO-091_EXE_STS,1.0
MACRO-092_EXE_STS,1.0
MACRO-093_EXE_STS,1.0
MACRO-094_EXE_STS,1.0
MACRO-095_EXE_STS,1.0
MACRO-096_EXE_STS,1.0
MACRO-097_EXE_STS,1.0
MACRO-098_EXE_STS,1.0
MACRO-099_EXE_STS,1.0
MACRO-100_EXE_STS,1.0
MACRO-101_EXE_STS,1.0
MACRO-102_EXE_STS,1.0
MACRO-103_EXE_STS,1.0
MACRO-104_EXE_STS,1.0
MACRO-105_EXE_STS,1.0
MACRO-106_EXE_STS,1.0
MACRO-107_EXE_STS,1.0
MACRO-108_EXE_STS,1.0
MACRO-109_EXE_STS,1.0
MACRO-110_EXE_STS,1.0
MACRO-111_EXE_STS,1.0
MACRO-112_EXE_STS,1.0
MACRO-113_EXE_STS,1.0
MACRO-114_EXE_STS,1.0
MACRO-115_EXE_STS,1.0
MACRO-116_EXE_STS,1.0
MACRO-117_EXE_STS,1.0
MACRO-118_EXE_STS,1.0
MACRO-119_EXE_STS,1.0
MEP-000_UPDT_STS,1.0
MEP-001_UPDT_STS,1.0
MEP-002_UPDT_STS,1.0
MEP-003_UPDT_STS,1.0
MEP-004_UPDT_STS,1.0
MEP-005_UPDT_STS,1.0
MEP-006_UPDT_STS,1.0
MEP-007_UPDT_STS,1.0
MEP-008_UPDT_STS,1.0
MEP-009_UPDT_STS,1.0
MEP-010_UPDT_STS,1.0
MEP-011_UPDT_STS,1.0
MEP-012_UPDT_STS,1.0
MEP-013_UPDT_STS,1.0
MEP-014_UPDT_STS,1.0
MEP-015_UPDT_STS,1.0
MEP-016_UPDT_STS,1.0
MEP-017_UPDT_STS,1.0
MEP-018_UPDT_STS,1.0
MEP-019_UPDT_STS,1.0
MEP-020_UPDT_STS,1.0
MEP-021_UPDT_STS,1.0
MEP-022_UPDT_STS,1.0
MEP-023_UPDT_STS,1.0
MEP-024_UPDT_STS,1.0
MEP-025_UPDT_STS,1.0
MEP-026_UPDT_STS,1.0
MEP-027_UPDT_STS,1.0
MEP-028_UPDT_STS,1.0
MEP-029_UPDT_STS,1.0
MEP-030_UPDT_STS,1.0
MEP-031_UPDT_STS,1.0
MEP-032_UPDT_STS,1.0
MEP-033_UPDT_STS,1.0
MEP-034_UPDT_STS,1.0
MEP-035_UPDT_STS,1.0
MEP-036_UPDT_STS,1.0
MEP-037_UPDT_STS,1.0
MEP-038_UPDT_STS,1.0
MEP-039_UPDT_STS,1.0
MEP-040_UPDT_STS,1.0
MEP-041_UPDT_STS,1.0
MEP-042_UPDT_STS,1.0
MEP-043_UPDT_STS,1.0
MEP-044_UPDT_STS,1.0
MEP-045_UPDT_STS,1.0
MEP-046_UPDT_STS,1.0
MEP-047_UPDT_STS,1.0
MEP-048_UPDT_STS,1.0
MEP-049_UPDT_STS,1.0
MEP-050_UPDT_STS,1.0
MEP-051_UPDT_STS,1.0
MEP-052_UPDT_STS,1.0
MEP-053_UPDT_STS,1.0
MEP-054_UPDT_STS,1.0
MEP-055_UPDT_STS,1.0
MEP-056_UPDT_STS,1.0
MEP-057_UPDT_STS,1.0
MEP-058_UPDT_STS,1.0
MEP-059_UPDT_STS,1.0
MEP-060_UPDT_STS,1.0
MEP-061_UPDT_STS,1.0
MEP-062_UPDT_STS,1.0
MEP-063_UPDT_STS,1.0
MEP-064_UPDT_STS,1.0
MEP-065_UPDT_STS,1.0
MEP-066_UPDT_STS,1.0
MEP-067_UPDT_STS,1.0
MEP-068_UPDT_STS,1.0
MEP-069_UPDT_STS,1.0
MEP-070_UPDT_STS,1.0
MEP-071_UPDT_STS,1.0
MASTER_MEP_STS,1.0
MEP_EXE,0.0004
MEP_EXE_STS,1.0
MEP_ERROR,1.0
MEP_EXE_INDEX,0.0048
MEP_MACRO_NO,0.0048
MEP_DATA_SET_NO,0.0048
NEXT_MEP_ENTRY_TIME,0.0048
P/L_WDT_STS,0.0004
P/L_WDT,0.0032
MEP_USER_ID,0.0004
MEP_AOS_SESS_STS,0.0004
MEP_SESS_ID,0.0004
MEP_TOPRN_OBT,1.0
AOS_SESS_STS,1.0
MEP_TOTAL_ENTRIES,0.0046
TIME_FOR_LAST_MEP_ENTRY,0.0042
P/L_WDT_OVERRIDE,1.0
UPDT_DATA_SET_WD,0.0026
PL_DATA_SET_UPDT_STS,0.0026
MIL_1553_RMT_MON_UPD,0.0056
ODP_PROCESSING,1.0
DV_FR_SPSX_SEL,1.0
LPI_CMD_STS,1.0
DELTA_V_CNTR_FREEZE,1.0
AUTO_LPI_TBL_EXEC_STS,1.0
LPI_TBL_READ,1.0
OBC_OBT_AT_SPS_SYNC,1.0
OBC_OBT_AT_PPS_SYNC,1.0
BDH_RT_FAIL_STS,0.004
BDH-1_MSG_TFXR,1.0
BDH-1_BUS_SEL,1.0
BDH-1_TC_BUS_SEL,1.0
BDH-1_BUS_STS,1.0
BDH-1_AUTO_BUS_COL_STS,1.0
BDH-1_REDT_BUS_CHK_STS,1.0
BDH-1_TM_MSG_BUS_SEL_OS,1.0
BDH-1_TC_BUS_SEL_OS,1.0
BDH-1_TM_MSG_STS_OS,1.0
BC_FAIL_FLAG,1.0
BC_FD,1.0
BC_IR,1.0
1553_MINOR_CYCLE_OVRFLW_SET-1,0.0042
1553_MINOR_CYCLE_OVRFLW_SET-2,0.0054
1553_MINOR_CYCLE_OVRFLW_SET-3,0.0056
1553_MINOR_CYCLE_OVRFLW_SET-4,0.006
ES-1_BUS_SEL,1.0
ES-1_TC_BUS_SEL,1.0
ES-1_MSG_STS,1.0
ES-1_MSG_TXFR,1.0
ES-1_AUTO_BUS_COL_STS,1.0
ES-1_REDT_BUS_CHK_STS,1.0
ES-1_RT_FAIL_STS,0.004
SMES-1_MSG_TXFR,1.0
SMES-2_MSG_TXFR,1.0
NS_OBC_RT_FAIL_STS,0.004
NS_OBC_TC_BUS_SEL,1.0
NS_OBC_MSG_STS,1.0
NS_OBC_BUS_SEL,1.0
NS_OBC_TC_BUS_SEL_OS,1.0
NS_OBC_MSG_STS_OS,1.0
NS_OBC_BUS_SEL_OS,1.0
DIRECT_TC_BUS_SEL,1.0
DIRECT_TC_MSG_STS,1.0
PATCH_BUS_SEL,1.0
PATCH_MSG_STS,1.0
RT_PATCH_UPLD_CMD_STS,0.0022
REM_TC_BUS_SEL,1.0
REM_TC_MSG_STS,1.0
PROTOCOL_STS,1.0
PROTOCOL_STS_OS,1.0
DTG-1_MSG_TXFR,1.0
DTG-1_BUS_SEL,1.0
DTG-1_TM_BUS_SEL,1.0
DTG-1_TC_BUS_SEL,1.0
DTG-1_BUS_STS,1.0
DTG-1_TM_MSG_STS,1.0
DTG-1_AUTO_BUS_COL_STS,1.0
DTG-1_REDT_BUS_CHK_STS,1.0
DTG-1_RT_FAIL_STS,0.0054
DTG-1_TM_BUS_SEL_OS,1.0
DTG-1_TM_MSG_STS_OS,1.0
DTG-1_TC_BUS_SEL_OS,1.0
DTG-2_MSG_TXFR,1.0
DTG-2_BUS_SEL,1.0
DTG-2_TM_BUS_SEL,1.0
DTG-2_TC_BUS_SEL,1.0
DTG-2_BUS_STS,1.0
DTG-2_TM_MSG_STS,1.0
DTG-2_AUTO_BUS_COL_STS,1.0
DTG-2_REDT_BUS_CHK_STS,1.0
DTG-2_RT_FAIL_STS,0.0054
DTG-2_TM_BUS_SEL_OS,1.0
DTG-2_TM_MSG_STS_OS,1.0
DTG-2_TC_BUS_SEL_OS,1.0
DTG-3_MSG_TXFR,1.0
DTG-3_BUS_SEL,1.0
DTG-3_TM_BUS_SEL,1.0
DTG-3_TC_BUS_SEL,1.0
DTG-3_BUS_STS,1.0
DTG-3_TM_MSG_STS,1.0
DTG-3_AUTO_BUS_COL_STS,1.0
DTG-3_REDT_BUS_CHK_STS,1.0
DTG-3_RT_FAIL_STS,0.0054
DTG-3_TM_BUS_SEL_OS,1.0
DTG-3_TM_MSG_STS_OS,1.0
DTG-3_TC_BUS_SEL_OS,1.0
PWR-1_BUS_SEL,1.0
PWR-1_TC_BUS_SEL,1.0
PWR-1_MSG_STS,1.0
PWR-1_MSG_TXFR,1.0
PWR-1_AUTO_BUS_COL_STS,1.0
PWR-1_REDT_BUS_CHK_STS,1.0
PWR-1_RT_FAIL_STS,0.004
PWR-2_BUS_SEL,1.0
PWR-2_TC_BUS_SEL,1.0
PWR-2_MSG_STS,1.0
PWR-2_MSG_TXFR,1.0
PWR-2_AUTO_BUS_COL_STS,1.0
PWR-2_REDT_BUS_CHK_STS,1.0
PWR-2_RT_FAIL_STS,0.004
PLC_TM_BUS_SEL,1.0
PLC_TC_BUS_SEL,1.0
PLC_TM_MSG_STS,1.0
PLC_AUTO_BUS_COL_STS,1.0
PLC_REDT_BUS_CHK_STS,1.0
PLC_RT_FAIL_STS,0.004
SS_HEAD-1_RT_FAIL_STS,0.004
SS_HEAD-2_RT_FAIL_STS,0.004
SS-1_BUS_SEL,1.0
SS-1_STS_MSG_STS,1.0
SS-1_TC_BUS_SEL,1.0
SS-1_AUTO_BUS_COL_STS,1.0
SS-1_REDT_BUS_CHK_STS,1.0
SS-1_TC_BUS_SEL_OS,1.0
SS-1_STS_MSG_STS_OS,1.0
SS-1_BUS_SEL_OS,1.0
SS-2_BUS_SEL,1.0
SS-2_STS_MSG_STS,1.0
SS-2_TC_BUS_SEL,1.0
SS-2_AUTO_BUS_COL_STS,1.0
SS-2_REDT_BUS_CHK_STS,1.0
SS-2_TC_BUS_SEL_OS,1.0
SS-2_STS_MSG_STS_OS,1.0
SS-2_BUS_SEL_OS,1.0
NS_OBC-1_MSG_TXFR,1.0
NS_OBC-1_AUTO_BUS_COL,1.0
NS_OBC-1_REDT_BUS_CHK,1.0
OBC-1_BUS_SEL,1.0
OBC-1_BUS_SEL_OS,1.0
OBC-2_BUS_SEL,1.0
OBC-2_BUS_SEL_OS,1.0
SSR-1_MSG_TXFR,1.0
SSR-1_BUS_SEL,1.0
SSR-1_TC_BUS_SEL,1.0
SSR-1_BUS_STS,1.0
SSR-1_AUTO_BUS_COL_STS,1.0
SSR-1_REDT_BUS_CHK_STS,1.0
SSR-1_RT_FAIL_STS,0.004
SSR-1_TM_BUS_SEL_OS,1.0
SSR-1_TM_MSG_STS_OS,1.0
SSR-1_TC_BUS_SEL_OS,1.0
SSR-2_MSG_TXFR,1.0
SSR-2_BUS_SEL,1.0
SSR-2_TC_BUS_SEL,1.0
SSR-2_BUS_STS,1.0
SSR-2_AUTO_BUS_COL_STS,1.0
SSR-2_REDT_BUS_CHK_STS,1.0
SSR-2_RT_FAIL_STS,0.004
SSR-2_TM_BUS_SEL_OS,1.0
SSR-2_TM_MSG_STS_OS,1.0
SSR-2_TC_BUS_SEL_OS,1.0
SPS_MSG_TXFR,1.0
SPS-1_BUS_SEL,1.0
SPS-1_BUS_STS,1.0
SPS-1_TC_BUS_SEL,1.0
SPS-1_AUTO_BUS_COL_STS,1.0
SPS-1_REDT_BUS_CHK_STS,1.0
SPS-1_RT_FAIL_STS,0.004
SPS-1_BUS_STS_OS,1.0
SPS-1_TC_BUS_SEL_OS,1.0
SPS-1_STS_BUS_SEL_OS,1.0
SPS-2_BUS_SEL,1.0
SPS-2_BUS_STS,1.0
SPS-2_TC_BUS_SEL,1.0
SPS-2_AUTO_BUS_COL_STS,1.0
SPS-2_REDT_BUS_CHK_STS,1.0
SPS-2_RT_FAIL_STS,0.004
SPS-2_BUS_STS_OS,1.0
SPS-2_TC_BUS_SEL_OS,1.0
SPS-2_STS_BUS_SEL_OS,1.0
WDE-1_BUS_SEL,1.0
WDE-1_TC_BUS_SEL,1.0
WDE-1_MSG_STS,1.0
WDE-1_MSG_TXFR,1.0
WDE-1_AUTO_BUS_COL_STS,1.0
WDE-1_REDT_BUS_CHK_STS,1.0
WDE-1_RT_FAIL_STS,0.004
WDE-1_BUS_SEL_OS,1.0
WDE-1_TC_BUS_SEL_OS,1.0
WDE-1_MSG_STS_OS,1.0
WDE-2_BUS_SEL,1.0
WDE-2_TC_BUS_SEL,1.0
WDE-2_MSG_STS,1.0
WDE-2_MSG_TXFR,1.0
WDE-2_AUTO_BUS_COL_STS,1.0
WDE-2_REDT_BUS_CHK_STS,1.0
WDE-2_RT_FAIL_STS,0.004
WDE-2_BUS_SEL_OS,1.0
WDE-2_TC_BUS_SEL_OS,1.0
WDE-2_MSG_STS_OS,1.0
WDE-3_BUS_SEL,1.0
WDE-3_TC_BUS_SEL,1.0
WDE-3_MSG_STS,1.0
WDE-3_MSG_TXFR,1.0
WDE-3_AUTO_BUS_COL_STS,1.0
WDE-3_REDT_BUS_CHK_STS,1.0
WDE-3_RT_FAIL_STS,0.004
WDE-3_BUS_SEL_OS,1.0
WDE-3_TC_BUS_SEL_OS,1.0
WDE-3_MSG_STS_OS,1.0
WDE-4_BUS_SEL,1.0
WDE-4_TC_BUS_SEL,1.0
WDE-4_MSG_STS,1.0
WDE-4_MSG_TXFR,1.0
WDE-4_AUTO_BUS_COL_STS,1.0
WDE-4_REDT_BUS_CHK_STS,1.0
WDE-4_RT_FAIL_STS,0.004
WDE-4_BUS_SEL_OS,1.0
WDE-4_TC_BUS_SEL_OS,1.0
WDE-4_MSG_STS_OS,1.0
OCM_BUS_SEL,1.0
OCM_TC_BUS_SEL,1.0
OCM_MSG_STS,1.0
OCM_MSG_TXFR,1.0
OCM_AUTO_BUS_COL_STS,1.0
OCM_REDT_BUS_CHK_STS,1.0
OCM_RT_FAIL_STS,0.004
SCAT_MSG_TXFR,1.0
TSU_BUS_USED_STS,1.0
TSU_TC_BUS_USED,1.0
TSU_MESG_STS,1.0
TSU_RT_FAIL_STS,0.004
TSU_AUTO_BUS_COL_STS,1.0
TSU_REDT_BUS_CHK_STS,1.0
TSU_MESG_TRFR_STS,1.0
TSU_BUS_USED_STS_NS,1.0
TSU_TC_BUS_USED_NS,1.0
TSU_MESG_STS_NS,1.0
HSU_BUS_USED_STS,1.0
HSU_TC_BUS_USED,1.0
HSU_MESG_STS,1.0
HSU_RT_FAIL_STS,0.004
HSU_AUTO_BUS_COL_STS,1.0
HSU_REDT_BUS_CHK_STS,1.0
HSU_MESG_TRFR_STS,1.0
HSU_BUS_USED_STS_NS,1.0
HSU_TC_BUS_USED_NS,1.0
HSU_MESG_STS_NS,1.0
OCM_BUS_SEL_OS,1.0
OCM_TC_BUS_SEL_OS,1.0
OCM_MSG_STS_OS,1.0
BC_FAIL_FLAG_NS,1.0
ES-1_BUS_SEL_OS,1.0
ES-1_TC_BUS_SEL_OS,1.0
ES-1_MSG_STS_OS,1.0
DIRECT_TC_BUS_SEL_NS,1.0
DIRECT_TC_MSG_STS_NS,1.0
PATCH_BUS_SEL_NS,1.0
PATCH_MSG_STS_NS,1.0
REM_TC_BUS_SEL_NS,1.0
REM_TC_MSG_STS_NS,1.0
PWR-1_BUS_SEL_OS,1.0
PWR-1_TC_BUS_SEL_OS,1.0
PWR-1_MSG_STS_OS,1.0
PWR-2_BUS_SEL_OS,1.0
PWR-2_TC_BUS_SEL_OS,1.0
PWR-2_MSG_STS_OS,1.0
PLC_TM_BUS_SEL_NS_OS,1.0
PLC_TC_BUS_SEL_NS_OS,1.0
PLC_TM_MSG_STS_NS_OS,1.0
SMES-1_BUS_USED_STS,1.0
SMES-1_TC_BUS_USED,1.0
SMES-1_MESG_STS,1.0
SMES-1_AUTO_BUS_COL_STS,1.0
SMES-1_REDT_BUS_CHK_STS,1.0
SMES-1_RT_FAIL_STS,0.004
SMES-1_BUS_USED_STS_NS,1.0
SMES-1_TC_BUS_USED_NS,1.0
SMES-1_MESG_STS_NS,1.0
SMES-2_BUS_USED_STS,1.0
SMES-2_TC_BUS_USED,1.0
SMES-2_MESG_STS,1.0
SMES-2_AUTO_BUS_COL_STS,1.0
SMES-2_REDT_BUS_CHK_STS,1.0
SMES-2_RT_FAIL_STS,0.004
SMES-2_BUS_USED_STS_NS,1.0
SMES-2_TC_BUS_USED_NS,1.0
SMES-2_MESG_STS_NS,1.0
SSR-1_PAGE_INDEX,1.0
SSR-1_TM_MODE,1.0
SSR-1_SYS_ID,1.0
SSR-1_ADMIN_ACCESS,1.0
SSR-1_WDT_STS,1.0
SSR-1_WDT_OCRD_CNT,1.0
SSR-1_LAST_DATA_CMD,1.0
SSR-1_CMD_CNT,1.0
SSR-1_CMD_REJECTION_CNT,1.0
SSR-1_MODE_CHANGE_STS,1.0
SSR-1_PAGE_MODE,1.0
SSR-1_MSG_ID_I,0.0
SSR-1_MSG_ID_Q,1.0
SSR-1_ROLING_PAGE_INDEX_NUM,0.0
SSR-1_ROLING_PAGE_INDEX,1.0
SSR-1_MM_EDAC_STS,1.0
SSR-1_ADC_CH_ID,0.0
SSR-1_ADC_CH-0_DATA,0.0
SSR-1_ADC_CH-1_DATA,0.0
SSR-1_ADC_CH-2_DATA,0.0
SSR-1_ADC_CH-3_DATA,0.0
SSR-1_ADC_CH-4_DATA,1.0
SSR-1_ADC_CH-5_DATA,1.0
SSR-1_ADC_CH-6_DATA,1.0
SSR-1_ADC_CH-7_DATA,1.0
SSR-1_TIME_SEC,1.0
SSR-1_TIME_MIN,1.0
SSR-1_TIME_HR,1.0
SSR-1_TIME_DAYS,1.0
SSR-1_TIME_YEAR,1.0
SSR-1_SRAM_EDAC_SAT,1.0
SSR-1_TM_MODE_PAGE_RAW,0.0006
SSR-1_PART-0_FILE-000_ATTR,1.0
SSR-1_PART-0_FILE-001_ATTR,1.0
SSR-1_PART-0_FILE-002_ATTR,1.0
SSR-1_PART-0_FILE-003_ATTR,1.0
SSR-1_PART-0_FILE-004_ATTR,1.0
SSR-1_PART-0_FILE-005_ATTR,1.0
SSR-1_PART-0_FILE-006_ATTR,1.0
SSR-1_PART-0_FILE-007_ATTR,1.0
SSR-1_PART-0_FILE-008_ATTR,1.0
SSR-1_PART-0_FILE-009_ATTR,1.0
SSR-1_PART-0_FILE-010_ATTR,1.0
SSR-1_PART-0_FILE-011_ATTR,1.0
SSR-1_PART-0_FILE-012_ATTR,1.0
SSR-1_PART-0_FILE-013_ATTR,1.0
SSR-1_PART-0_FILE-014_ATTR,1.0
SSR-1_PART-0_FILE-015_ATTR,1.0
SSR-1_PART-0_FILE-016_ATTR,1.0
SSR-1_PART-0_FILE-017_ATTR,1.0
SSR-1_PART-0_FILE-018_ATTR,1.0
SSR-1_PART-0_FILE-019_ATTR,1.0
SSR-1_PART-0_FILE-020_ATTR,1.0
SSR-1_PART-0_FILE-021_ATTR,1.0
SSR-1_PART-0_FILE-022_ATTR,1.0
SSR-1_PART-0_FILE-023_ATTR,1.0
SSR-1_PART-0_FILE-024_ATTR,1.0
SSR-1_PART-0_FILE-025_ATTR,1.0
SSR-1_PART-0_FILE-026_ATTR,1.0
SSR-1_PART-0_FILE-027_ATTR,1.0
SSR-1_PART-0_FILE-028_ATTR,1.0
SSR-1_PART-0_FILE-029_ATTR,1.0
SSR-1_PART-0_FILE-030_ATTR,1.0
SSR-1_PART-0_FILE-031_ATTR,1.0
SSR-1_PART-0_FILE-032_ATTR,1.0
SSR-1_PART-0_FILE-033_ATTR,1.0
SSR-1_PART-0_FILE-034_ATTR,1.0
SSR-1_PART-0_FILE-035_ATTR,1.0
SSR-1_PART-0_FILE-036_ATTR,1.0
SSR-1_PART-0_FILE-037_ATTR,1.0
SSR-1_PART-0_FILE-038_ATTR,1.0
SSR-1_PART-0_FILE-039_ATTR,1.0
SSR-1_PART-0_FILE-040_ATTR,1.0
SSR-1_PART-0_FILE-041_ATTR,1.0
SSR-1_PART-0_FILE-042_ATTR,1.0
SSR-1_PART-0_FILE-043_ATTR,1.0
SSR-1_PART-0_FILE-044_ATTR,1.0
SSR-1_PART-0_FILE-045_ATTR,1.0
SSR-1_PART-0_FILE-046_ATTR,1.0
SSR-1_PART-0_FILE-047_ATTR,1.0
SSR-1_PART-0_FILE-048_ATTR,1.0
SSR-1_PART-0_FILE-049_ATTR,1.0
SSR-1_PART-0_FILE-050_ATTR,1.0
SSR-1_PART-0_FILE-051_ATTR,1.0
SSR-1_PART-0_FILE-052_ATTR,1.0
SSR-1_PART-0_FILE-053_ATTR,1.0
SSR-1_PART-0_FILE-054_ATTR,1.0
SSR-1_PART-0_FILE-055_ATTR,1.0
SSR-1_PART-0_FILE-056_ATTR,1.0
SSR-1_PART-0_FILE-057_ATTR,1.0
SSR-1_PART-0_FILE-058_ATTR,1.0
SSR-1_PART-0_FILE-059_ATTR,1.0
SSR-1_PART-0_FILE-060_ATTR,1.0
SSR-1_PART-0_FILE-061_ATTR,1.0
SSR-1_PART-0_FILE-062_ATTR,1.0
SSR-1_PART-0_FILE-063_ATTR,1.0
SSR-1_PART-0_FILE-064_ATTR,1.0
SSR-1_PART-0_FILE-065_ATTR,1.0
SSR-1_PART-0_FILE-066_ATTR,1.0
SSR-1_PART-0_FILE-067_ATTR,1.0
SSR-1_PART-0_FILE-068_ATTR,1.0
SSR-1_PART-0_FILE-069_ATTR,1.0
SSR-1_PART-0_FILE-070_ATTR,1.0
SSR-1_PART-0_FILE-071_ATTR,1.0
SSR-1_PART-0_FILE-072_ATTR,1.0
SSR-1_PART-0_FILE-073_ATTR,1.0
SSR-1_PART-0_FILE-074_ATTR,1.0
SSR-1_PART-0_FILE-075_ATTR,1.0
SSR-1_PART-0_FILE-076_ATTR,1.0
SSR-1_PART-0_FILE-077_ATTR,1.0
SSR-1_PART-0_FILE-078_ATTR,1.0
SSR-1_PART-0_FILE-079_ATTR,1.0
SSR-1_PART-0_FILE-080_ATTR,1.0
SSR-1_PART-0_FILE-081_ATTR,1.0
SSR-1_PART-0_FILE-082_ATTR,1.0
SSR-1_PART-0_FILE-083_ATTR,1.0
SSR-1_PART-0_FILE-084_ATTR,1.0
SSR-1_PART-0_FILE-085_ATTR,1.0
SSR-1_PART-0_FILE-086_ATTR,1.0
SSR-1_PART-0_FILE-087_ATTR,1.0
SSR-1_PART-0_FILE-088_ATTR,1.0
SSR-1_PART-0_FILE-089_ATTR,1.0
SSR-1_PART-0_FILE-090_ATTR,1.0
SSR-1_PART-0_FILE-091_ATTR,1.0
SSR-1_PART-0_FILE-092_ATTR,1.0
SSR-1_PART-0_FILE-093_ATTR,1.0
SSR-1_PART-0_FILE-094_ATTR,1.0
SSR-1_PART-0_FILE-095_ATTR,1.0
SSR-1_PART-0_FILE-096_ATTR,1.0
SSR-1_PART-0_FILE-097_ATTR,1.0
SSR-1_PART-0_FILE-098_ATTR,1.0
SSR-1_PART-0_FILE-099_ATTR,1.0
SSR-1_PART-0_FILE-100_ATTR,1.0
SSR-1_PART-0_FILE-101_ATTR,1.0
SSR-1_PART-0_FILE-102_ATTR,1.0
SSR-1_PART-0_FILE-103_ATTR,1.0
SSR-1_PART-0_FILE-104_ATTR,1.0
SSR-1_PART-0_FILE-105_ATTR,1.0
SSR-1_PART-0_FILE-106_ATTR,1.0
SSR-1_PART-0_FILE-107_ATTR,1.0
SSR-1_PART-0_FILE-108_ATTR,1.0
SSR-1_PART-0_FILE-109_ATTR,1.0
SSR-1_PART-0_FILE-110_ATTR,1.0
SSR-1_PART-0_FILE-111_ATTR,1.0
SSR-1_PART-0_FILE-112_ATTR,1.0
SSR-1_PART-0_FILE-113_ATTR,1.0
SSR-1_PART-0_FILE-114_ATTR,1.0
SSR-1_PART-0_FILE-115_ATTR,1.0
SSR-1_PART-0_FILE-116_ATTR,1.0
SSR-1_PART-0_FILE-117_ATTR,1.0
SSR-1_PART-0_FILE-118_ATTR,1.0
SSR-1_PART-0_FILE-119_ATTR,1.0
SSR-1_PART-0_FILE-120_ATTR,1.0
SSR-1_PART-0_FILE-121_ATTR,1.0
SSR-1_PART-0_FILE-122_ATTR,1.0
SSR-1_PART-0_FILE-123_ATTR,1.0
SSR-1_PART-0_FILE-124_ATTR,1.0
SSR-1_PART-0_FILE-125_ATTR,1.0
SSR-1_PART-0_FILE-126_ATTR,1.0
SSR-1_PART-0_FILE-127_ATTR,1.0
SSR-1_PART-1_FILE-000_ATTR,1.0
SSR-1_PART-1_FILE-001_ATTR,1.0
SSR-1_PART-1_FILE-002_ATTR,1.0
SSR-1_PART-1_FILE-003_ATTR,1.0
SSR-1_PART-1_FILE-004_ATTR,1.0
SSR-1_PART-1_FILE-005_ATTR,1.0
SSR-1_PART-1_FILE-006_ATTR,1.0
SSR-1_PART-1_FILE-007_ATTR,1.0
SSR-1_PART-1_FILE-008_ATTR,1.0
SSR-1_PART-1_FILE-009_ATTR,1.0
SSR-1_PART-1_FILE-010_ATTR,1.0
SSR-1_PART-1_FILE-011_ATTR,1.0
SSR-1_PART-1_FILE-012_ATTR,1.0
SSR-1_PART-1_FILE-013_ATTR,1.0
SSR-1_PART-1_FILE-014_ATTR,1.0
SSR-1_PART-1_FILE-015_ATTR,1.0
SSR-1_PART-1_FILE-016_ATTR,1.0
SSR-1_PART-1_FILE-017_ATTR,1.0
SSR-1_PART-1_FILE-018_ATTR,1.0
SSR-1_PART-1_FILE-019_ATTR,1.0
SSR-1_PART-1_FILE-020_ATTR,1.0
SSR-1_PART-1_FILE-021_ATTR,1.0
SSR-1_PART-1_FILE-022_ATTR,1.0
SSR-1_PART-1_FILE-023_ATTR,1.0
SSR-1_PART-1_FILE-024_ATTR,1.0
SSR-1_PART-1_FILE-025_ATTR,1.0
SSR-1_PART-1_FILE-026_ATTR,1.0
SSR-1_PART-1_FILE-027_ATTR,1.0
SSR-1_PART-1_FILE-028_ATTR,1.0
SSR-1_PART-1_FILE-029_ATTR,1.0
SSR-1_PART-1_FILE-030_ATTR,1.0
SSR-1_PART-1_FILE-031_ATTR,1.0
SSR-1_PART-1_FILE-032_ATTR,1.0
SSR-1_PART-1_FILE-033_ATTR,1.0
SSR-1_PART-1_FILE-034_ATTR,1.0
SSR-1_PART-1_FILE-035_ATTR,1.0
SSR-1_PART-1_FILE-036_ATTR,1.0
SSR-1_PART-1_FILE-037_ATTR,1.0
SSR-1_PART-1_FILE-038_ATTR,1.0
SSR-1_PART-1_FILE-039_ATTR,1.0
SSR-1_PART-1_FILE-040_ATTR,1.0
SSR-1_PART-1_FILE-041_ATTR,1.0
SSR-1_PART-1_FILE-042_ATTR,1.0
SSR-1_PART-1_FILE-043_ATTR,1.0
SSR-1_PART-1_FILE-044_ATTR,1.0
SSR-1_PART-1_FILE-045_ATTR,1.0
SSR-1_PART-1_FILE-046_ATTR,1.0
SSR-1_PART-1_FILE-047_ATTR,1.0
SSR-1_PART-1_FILE-048_ATTR,1.0
SSR-1_PART-1_FILE-049_ATTR,1.0
SSR-1_PART-1_FILE-050_ATTR,1.0
SSR-1_PART-1_FILE-051_ATTR,1.0
SSR-1_PART-1_FILE-052_ATTR,1.0
SSR-1_PART-1_FILE-053_ATTR,1.0
SSR-1_PART-1_FILE-054_ATTR,1.0
SSR-1_PART-1_FILE-055_ATTR,1.0
SSR-1_PART-1_FILE-056_ATTR,1.0
SSR-1_PART-1_FILE-057_ATTR,1.0
SSR-1_PART-1_FILE-058_ATTR,1.0
SSR-1_PART-1_FILE-059_ATTR,1.0
SSR-1_PART-1_FILE-060_ATTR,1.0
SSR-1_PART-1_FILE-061_ATTR,1.0
SSR-1_PART-1_FILE-062_ATTR,1.0
SSR-1_PART-1_FILE-063_ATTR,1.0
SSR-1_PART-1_FILE-064_ATTR,1.0
SSR-1_PART-1_FILE-065_ATTR,1.0
SSR-1_PART-1_FILE-066_ATTR,1.0
SSR-1_PART-1_FILE-067_ATTR,1.0
SSR-1_PART-1_FILE-068_ATTR,1.0
SSR-1_PART-1_FILE-069_ATTR,1.0
SSR-1_PART-1_FILE-070_ATTR,1.0
SSR-1_PART-1_FILE-071_ATTR,1.0
SSR-1_PART-1_FILE-072_ATTR,1.0
SSR-1_PART-1_FILE-073_ATTR,1.0
SSR-1_PART-1_FILE-074_ATTR,1.0
SSR-1_PART-1_FILE-075_ATTR,1.0
SSR-1_PART-1_FILE-076_ATTR,1.0
SSR-1_PART-1_FILE-077_ATTR,1.0
SSR-1_PART-1_FILE-078_ATTR,1.0
SSR-1_PART-1_FILE-079_ATTR,1.0
SSR-1_PART-1_FILE-080_ATTR,1.0
SSR-1_PART-1_FILE-081_ATTR,1.0
SSR-1_PART-1_FILE-082_ATTR,1.0
SSR-1_PART-1_FILE-083_ATTR,1.0
SSR-1_PART-1_FILE-084_ATTR,1.0
SSR-1_PART-1_FILE-085_ATTR,1.0
SSR-1_PART-1_FILE-086_ATTR,1.0
SSR-1_PART-1_FILE-087_ATTR,1.0
SSR-1_PART-1_FILE-088_ATTR,1.0
SSR-1_PART-1_FILE-089_ATTR,1.0
SSR-1_PART-1_FILE-090_ATTR,1.0
SSR-1_PART-1_FILE-091_ATTR,1.0
SSR-1_PART-1_FILE-092_ATTR,1.0
SSR-1_PART-1_FILE-093_ATTR,1.0
SSR-1_PART-1_FILE-094_ATTR,1.0
SSR-1_PART-1_FILE-095_ATTR,1.0
SSR-1_PART-1_FILE-096_ATTR,1.0
SSR-1_PART-1_FILE-097_ATTR,1.0
SSR-1_PART-1_FILE-098_ATTR,1.0
SSR-1_PART-1_FILE-099_ATTR,1.0
SSR-1_PART-1_FILE-100_ATTR,1.0
SSR-1_PART-1_FILE-101_ATTR,1.0
SSR-1_PART-1_FILE-102_ATTR,1.0
SSR-1_PART-1_FILE-103_ATTR,1.0
SSR-1_PART-1_FILE-104_ATTR,1.0
SSR-1_PART-1_FILE-105_ATTR,1.0
SSR-1_PART-1_FILE-106_ATTR,1.0
SSR-1_PART-1_FILE-107_ATTR,1.0
SSR-1_PART-1_FILE-108_ATTR,1.0
SSR-1_PART-1_FILE-109_ATTR,1.0
SSR-1_PART-1_FILE-110_ATTR,1.0
SSR-1_PART-1_FILE-111_ATTR,1.0
SSR-1_PART-1_FILE-112_ATTR,1.0
SSR-1_PART-1_FILE-113_ATTR,1.0
SSR-1_PART-1_FILE-114_ATTR,1.0
SSR-1_PART-1_FILE-115_ATTR,1.0
SSR-1_PART-1_FILE-116_ATTR,1.0
SSR-1_PART-1_FILE-117_ATTR,1.0
SSR-1_PART-1_FILE-118_ATTR,1.0
SSR-1_PART-1_FILE-119_ATTR,1.0
SSR-1_PART-1_FILE-120_ATTR,1.0
SSR-1_PART-1_FILE-121_ATTR,1.0
SSR-1_PART-1_FILE-122_ATTR,1.0
SSR-1_PART-1_FILE-123_ATTR,1.0
SSR-1_PART-1_FILE-124_ATTR,1.0
SSR-1_PART-1_FILE-125_ATTR,1.0
SSR-1_PART-1_FILE-126_ATTR,1.0
SSR-1_PART-1_FILE-127_ATTR,1.0
SSR-1_FREE_SB_AVBL_MEM1,0.0008
SSR-1_FREE_SB_AVBL_MEM0,0.0008
SSR-1_EEPROM_RD_STS,1.0
SSR-1_WDT_STS_EEPROM,1.0
SSR-1_SDRAM_EDAC_STS_EEPROM,1.0
SSR-1_MMEDAC_STS_EEPROM,1.0
SSR-1_POL1_STS_EEPROM,1.0
SSR-1_POL0_STS_EEPROM,1.0
SSR-1_FMBB_MEM1_POL1,1.0
SSR-1_FMBB_MEM1_POL0,1.0
SSR-1_FMBB_MEM0_POL1,1.0
SSR-1_FMBB_MEM0_POL0,1.0
SSR-1_MAINT_SYS_BUSY,1.0
SSR-1_FMBB_CNT_MEM0_POL0,1.0
SSR-1_FMBB_CNT_MEM0_POL1,1.0
SSR-1_FMBB_CNT_MEM1_POL0,1.0
SSR-1_FMBB_CNT_MEM1_POL1,1.0
SSR-1_PN_PBK_INIT_MEM1,1.0
SSR-1_PN_PBK_INIT_MEM0,1.0
SSR-1_PN_REC_INIT_MEM1,1.0
SSR-1_PN_REC_INIT_MEM0,1.0
SSR-1_PN_PBK_PRG_MEM1,1.0
SSR-1_PN_PBK_PRG_MEM0,1.0
SSR-1_PN_REC_PRG_MEM1,1.0
SSR-1_PN_REC_PRG_MEM0,1.0
SSR-1_PN_REC_SIZE_MEM0,1.0
SSR-1_PN_REC_SIZE_MEM1,1.0
SSR-1_PN_PBK_SIZE_MEM0,1.0
SSR-1_PN_PBK_SIZE_MEM1,1.0
SSR-1_DB_CHKSUM_MSB,1.0
SSR-1_DB_CHKSUM_LSB,1.0
SSR-1_QEMPTY_MEM0,1.0
SSR-1_QEMPTY_MEM1,1.0
SSR-1_POL0_ON_STATUS,0.0
SSR-1_POL1_ON_STATUS,0.0
SSR-1_POL0_PW_GD,0.0
SSR-1_POL1_PW_GD,0.0
SSR-1_TOTAL_FMBB_CNT,1.0
SSR-1_TOTAL_TEMPBB_CNT,1.0
SSR-1_SS_FREESB_CNT_M0,1.0
SSR-1_SS_FREESB_CNT_M1,1.0
SSR-1_SS_ERASESB_CNT_M0,1.0
SSR-1_SS_ERASESB_CNT_M1,1.0
SSR-1_SYS_BUSY,1.0
SSR-1_EEPROM_RDSTS_1_2_COPY,1.0
SSR-1_EEPROM_RDSTS_1_3_COPY,1.0
SSR-1_EEPROM_RDSTS_2_3_COPY,1.0
SSR-1_EEPROM_DATA_TYPE,1.0
SSR-1_EEPROM_WRITE_STS,1.0
SSR-1_SB_BANK_0,1.0
SSR-1_SB_BANK_1,1.0
SSR-1_SB_BANK_2,1.0
SSR-1_SB_BANK_3,1.0
SSR-1_TEMPBB_RECLAIM_PDNG,1.0
SSR-1_RD_SW_EEPROM_FMBB_PDNG,1.0
SSR-1_WR_SW_EEPROM_FMBB_PDNG,1.0
SSR-1_INIT_EEPROM_DB_PDNG,1.0
SSR-1_MEM_ERASE_PRG_MEM1,1.0
SSR-1_MEM_ERASE_PRG_MEM0,1.0
SSR-1_RS_ERR_CORR_MEM0_MAINT,1.0
SSR-1_RS_ERR_CORR_MEM1_MAINT,1.0
SSR-1_CHKSUM_BANK_0_STS,1.0
SSR-1_CHKSUM_BANK_1_STS,1.0
SSR-1_CHKSUM_BANK_2_STS,1.0
SSR-1_CHKSUM_BANK_3_STS,1.0
SSR-1_DB_SPI_READY_STS,1.0
SSR-1_SDRAM_EDAC_OCC,0.0
SSR-1_POL0_OVP_OCC,0.0
SSR-1_POL1_OVP_OCC,0.0
SSR-1_MEM0_MAX_ERASE_COUNT,1.0
SSR-1_MEM1_MAX_ERASE_COUNT,1.0
SSR-1_DB_BLK_MAX_ERSE_CNT,1.0
SSR-1_MEMORY_VIEW,1.0
SSR-1_MEM_VIEW_ADDRESS,1.0
SSR-1_MEM_VIEW_DATA1,1.0
SSR-1_MEM_VIEW_DATA2,1.0
SSR-1_MEM_VIEW_DATA3,1.0
SSR-1_DBSTR_PENDING,1.0
SSR-1_DBRET_PENDING,1.0
SSR-1_DBFETCH_PENDING,1.0
SSR-1_DBCHECKSUM_VERIFY,1.0
SSR-1_DB_BANKID,1.0
SSR-1_DB_MASTERID,1.0
SSR-1_DB_OFFSET_MSB,1.0
SSR-1_DB_OFFSET_LSB,1.0
SSR-1_SSTM_CH_ID,1.0
SSR-1_CMD_REJECTION_FLAG_I,1.0
SSR-1_CMD_REJECTION_FLAG_Q,1.0
SSR-1_WDT_OCCR_CNTR,0.0
SSR-1_ROLLING_FID,1.0
SSR-1_SDRM_EDAC_STS,1.0
SSR-1_SB_SEARCH_PNDG_MEM0,0.0008
SSR-1_SB_SEARCH_PNDG_MEM1,0.0008
SSR-1_SET_FEATURE_STS_EEPROM,1.0
SSR-1_SW_SCRUB_STS_EEPROM,1.0
SSR-1_HW_SCRUB_STS_EEPROM,1.0
SSR-1_NRT_DELAY_CONFIG,1.0
SSR-1_PB_NEG_OFFSET,1.0
SSR-1_PART0_BANK0_SET_FEAT_PRG,0.0008
SSR-1_PART0_BANK1_SET_FEAT_PRG,0.0008
SSR-1_PART1_BANK0_SET_FEAT_PRG,0.0008
SSR-1_PART1_BANK1_SET_FEAT_PRG,0.0008
SSR-1_PART0_BANK0_FLSH_RST_PRG,0.0008
SSR-1_PART0_BANK1_FLSH_RST_PRG,0.0008
SSR-1_PART1_BANK0_FLSH_RST_PRG,0.0008
SSR-1_PART1_BANK1_FLSH_RST_PRG,0.0008
SSR-1_PART0_REC_FID,1.0
SSR-1_PART1_REC_FID,1.0
SSR-1_PART0_REC_STS,1.0
SSR-1_PART1_REC_STS,1.0
SSR-1_PART0_REC_SIZE,1.0
SSR-1_PART1_REC_SIZE,1.0
SSR-1_PB_ENQUE_PTR,1.0
SSR-1_PB_DEQUE_PTR,1.0
SSR-1_PB_PARTITION_ID,1.0
SSR-1_PART0_PB_STS,1.0
SSR-1_PART1_PB_STS,1.0
SSR-1_PART0_PB_FID,0.0
SSR-1_PART1_PB_FID,1.0
SSR-1_PART0_VALID_PB_SIZE,0.0
SSR-1_PART1_VALID_PB_SIZE,1.0
SSR-1_PART0_RS_COR_ERR_OPRN,1.0
SSR-1_PART1_RS_COR_ERR_OPRN,1.0
SSR-1_PART0_REC_DF_IND,1.0
SSR-1_PART1_REC_DF_IND,1.0
SSR-1_PART0_PB_DF_IND,0.0
SSR-1_PART1_PB_DF_IND,1.0
SSR-1_PART0_ACC_PB_SIZE,0.0
SSR-1_PART1_ACC_PB_SIZE,1.0
SSR-1_SW_SCRUB_STS,1.0
SSR-1_HW_SCRUB_STS,1.0
SSR-1_HW_SCRUB_NOW,1.0
SSR-1_SW_SCRUB_PTR,1.0
SSR-1_PB_MODE_FTL,1.0
SSR-1_SW_CYCLE_OCC_MAX_CNT,1.0
SSR-1_SW_CYCLE_OVRFLW,1.0
SSR-1_PB_FRAME_SZ_FTL,1.0
SSR-1_MEM0_OP_LIMIT_VAL,1.0
SSR-1_MEM1_OP_LIMIT_VAL,1.0
SSR-1_SDRRAM_EDAC_CNTR,1.0
SSR-1_MAIN_POS_3.3V,0.0002
SSR-1_MAIN_POS_5V,0.0008
SSR-1_REDT_POS_3.3V,0.0024
SSR-1_REDT_POS_5V,0.0058
SSR-1_PART-0_FILE-000_SIZE,0.0
SSR-1_PART-0_FILE-001_SIZE,1.0
SSR-1_PART-0_FILE-002_SIZE,1.0
SSR-1_PART-0_FILE-003_SIZE,1.0
SSR-1_PART-0_FILE-004_SIZE,1.0
SSR-1_PART-0_FILE-005_SIZE,1.0
SSR-1_PART-0_FILE-006_SIZE,1.0
SSR-1_PART-0_FILE-007_SIZE,1.0
SSR-1_PART-0_FILE-008_SIZE,1.0
SSR-1_PART-0_FILE-009_SIZE,1.0
SSR-1_PART-0_FILE-010_SIZE,1.0
SSR-1_PART-0_FILE-011_SIZE,1.0
SSR-1_PART-0_FILE-012_SIZE,1.0
SSR-1_PART-0_FILE-013_SIZE,1.0
SSR-1_PART-0_FILE-014_SIZE,1.0
SSR-1_PART-0_FILE-015_SIZE,1.0
SSR-1_PART-0_FILE-016_SIZE,1.0
SSR-1_PART-0_FILE-017_SIZE,1.0
SSR-1_PART-0_FILE-018_SIZE,1.0
SSR-1_PART-0_FILE-019_SIZE,1.0
SSR-1_PART-0_FILE-020_SIZE,1.0
SSR-1_PART-0_FILE-021_SIZE,1.0
SSR-1_PART-0_FILE-022_SIZE,1.0
SSR-1_PART-0_FILE-023_SIZE,1.0
SSR-1_PART-0_FILE-024_SIZE,1.0
SSR-1_PART-0_FILE-025_SIZE,1.0
SSR-1_PART-0_FILE-026_SIZE,1.0
SSR-1_PART-0_FILE-027_SIZE,1.0
SSR-1_PART-0_FILE-028_SIZE,1.0
SSR-1_PART-0_FILE-029_SIZE,1.0
SSR-1_PART-0_FILE-030_SIZE,1.0
SSR-1_PART-0_FILE-031_SIZE,1.0
SSR-1_PART-0_FILE-032_SIZE,1.0
SSR-1_PART-0_FILE-033_SIZE,1.0
SSR-1_PART-0_FILE-034_SIZE,1.0
SSR-1_PART-0_FILE-035_SIZE,1.0
SSR-1_PART-0_FILE-036_SIZE,1.0
SSR-1_PART-0_FILE-037_SIZE,1.0
SSR-1_PART-0_FILE-038_SIZE,1.0
SSR-1_PART-0_FILE-039_SIZE,1.0
SSR-1_PART-0_FILE-040_SIZE,1.0
SSR-1_PART-0_FILE-041_SIZE,1.0
SSR-1_PART-0_FILE-042_SIZE,1.0
SSR-1_PART-0_FILE-043_SIZE,1.0
SSR-1_PART-0_FILE-044_SIZE,1.0
SSR-1_PART-0_FILE-045_SIZE,1.0
SSR-1_PART-0_FILE-046_SIZE,1.0
SSR-1_PART-0_FILE-047_SIZE,1.0
SSR-1_PART-0_FILE-048_SIZE,1.0
SSR-1_PART-0_FILE-049_SIZE,1.0
SSR-1_PART-0_FILE-050_SIZE,1.0
SSR-1_PART-0_FILE-051_SIZE,1.0
SSR-1_PART-0_FILE-052_SIZE,1.0
SSR-1_PART-0_FILE-053_SIZE,1.0
SSR-1_PART-0_FILE-054_SIZE,1.0
SSR-1_PART-0_FILE-055_SIZE,1.0
SSR-1_PART-0_FILE-056_SIZE,1.0
SSR-1_PART-0_FILE-057_SIZE,1.0
SSR-1_PART-0_FILE-058_SIZE,1.0
SSR-1_PART-0_FILE-059_SIZE,1.0
SSR-1_PART-0_FILE-060_SIZE,1.0
SSR-1_PART-0_FILE-061_SIZE,1.0
SSR-1_PART-0_FILE-062_SIZE,1.0
SSR-1_PART-0_FILE-063_SIZE,1.0
SSR-1_PART-0_FILE-064_SIZE,1.0
SSR-1_PART-0_FILE-065_SIZE,1.0
SSR-1_PART-0_FILE-066_SIZE,1.0
SSR-1_PART-0_FILE-067_SIZE,1.0
SSR-1_PART-0_FILE-068_SIZE,1.0
SSR-1_PART-0_FILE-069_SIZE,1.0
SSR-1_PART-0_FILE-070_SIZE,1.0
SSR-1_PART-0_FILE-071_SIZE,1.0
SSR-1_PART-0_FILE-072_SIZE,1.0
SSR-1_PART-0_FILE-073_SIZE,1.0
SSR-1_PART-0_FILE-074_SIZE,1.0
SSR-1_PART-0_FILE-075_SIZE,1.0
SSR-1_PART-0_FILE-076_SIZE,1.0
SSR-1_PART-0_FILE-077_SIZE,1.0
SSR-1_PART-0_FILE-078_SIZE,1.0
SSR-1_PART-0_FILE-079_SIZE,1.0
SSR-1_PART-0_FILE-080_SIZE,1.0
SSR-1_PART-0_FILE-081_SIZE,1.0
SSR-1_PART-0_FILE-082_SIZE,1.0
SSR-1_PART-0_FILE-083_SIZE,1.0
SSR-1_PART-0_FILE-084_SIZE,1.0
SSR-1_PART-0_FILE-085_SIZE,1.0
SSR-1_PART-0_FILE-086_SIZE,1.0
SSR-1_PART-0_FILE-087_SIZE,1.0
SSR-1_PART-0_FILE-088_SIZE,1.0
SSR-1_PART-0_FILE-089_SIZE,1.0
SSR-1_PART-0_FILE-090_SIZE,1.0
SSR-1_PART-0_FILE-091_SIZE,1.0
SSR-1_PART-0_FILE-092_SIZE,1.0
SSR-1_PART-0_FILE-093_SIZE,1.0
SSR-1_PART-0_FILE-094_SIZE,1.0
SSR-1_PART-0_FILE-095_SIZE,1.0
SSR-1_PART-0_FILE-096_SIZE,1.0
SSR-1_PART-0_FILE-097_SIZE,1.0
SSR-1_PART-0_FILE-098_SIZE,1.0
SSR-1_PART-0_FILE-099_SIZE,1.0
SSR-1_PART-0_FILE-100_SIZE,1.0
SSR-1_PART-0_FILE-101_SIZE,1.0
SSR-1_PART-0_FILE-102_SIZE,1.0
SSR-1_PART-0_FILE-103_SIZE,1.0
SSR-1_PART-0_FILE-104_SIZE,1.0
SSR-1_PART-0_FILE-105_SIZE,1.0
SSR-1_PART-0_FILE-106_SIZE,1.0
SSR-1_PART-0_FILE-107_SIZE,1.0
SSR-1_PART-0_FILE-108_SIZE,1.0
SSR-1_PART-0_FILE-109_SIZE,1.0
SSR-1_PART-0_FILE-110_SIZE,1.0
SSR-1_PART-0_FILE-111_SIZE,1.0
SSR-1_PART-0_FILE-112_SIZE,1.0
SSR-1_PART-0_FILE-113_SIZE,1.0
SSR-1_PART-0_FILE-114_SIZE,1.0
SSR-1_PART-0_FILE-115_SIZE,1.0
SSR-1_PART-0_FILE-116_SIZE,1.0
SSR-1_PART-0_FILE-117_SIZE,1.0
SSR-1_PART-0_FILE-118_SIZE,1.0
SSR-1_PART-0_FILE-119_SIZE,1.0
SSR-1_PART-0_FILE-120_SIZE,1.0
SSR-1_PART-0_FILE-121_SIZE,1.0
SSR-1_PART-0_FILE-122_SIZE,1.0
SSR-1_PART-0_FILE-123_SIZE,1.0
SSR-1_PART-0_FILE-124_SIZE,1.0
SSR-1_PART-0_FILE-125_SIZE,1.0
SSR-1_PART-0_FILE-126_SIZE,1.0
SSR-1_PART-0_FILE-127_SIZE,1.0
SSR-1_PART-1_FILE-000_SIZE,0.0
SSR-1_PART-1_FILE-001_SIZE,1.0
SSR-1_PART-1_FILE-002_SIZE,1.0
SSR-1_PART-1_FILE-003_SIZE,1.0
SSR-1_PART-1_FILE-004_SIZE,1.0
SSR-1_PART-1_FILE-005_SIZE,1.0
SSR-1_PART-1_FILE-006_SIZE,1.0
SSR-1_PART-1_FILE-007_SIZE,1.0
SSR-1_PART-1_FILE-008_SIZE,1.0
SSR-1_PART-1_FILE-009_SIZE,1.0
SSR-1_PART-1_FILE-010_SIZE,1.0
SSR-1_PART-1_FILE-011_SIZE,1.0
SSR-1_PART-1_FILE-012_SIZE,1.0
SSR-1_PART-1_FILE-013_SIZE,1.0
SSR-1_PART-1_FILE-014_SIZE,1.0
SSR-1_PART-1_FILE-015_SIZE,1.0
SSR-1_PART-1_FILE-016_SIZE,1.0
SSR-1_PART-1_FILE-017_SIZE,1.0
SSR-1_PART-1_FILE-018_SIZE,1.0
SSR-1_PART-1_FILE-019_SIZE,1.0
SSR-1_PART-1_FILE-020_SIZE,1.0
SSR-1_PART-1_FILE-021_SIZE,1.0
SSR-1_PART-1_FILE-022_SIZE,1.0
SSR-1_PART-1_FILE-023_SIZE,1.0
SSR-1_PART-1_FILE-024_SIZE,1.0
SSR-1_PART-1_FILE-025_SIZE,1.0
SSR-1_PART-1_FILE-026_SIZE,1.0
SSR-1_PART-1_FILE-027_SIZE,1.0
SSR-1_PART-1_FILE-028_SIZE,1.0
SSR-1_PART-1_FILE-029_SIZE,1.0
SSR-1_PART-1_FILE-030_SIZE,1.0
SSR-1_PART-1_FILE-031_SIZE,1.0
SSR-1_PART-1_FILE-032_SIZE,1.0
SSR-1_PART-1_FILE-033_SIZE,1.0
SSR-1_PART-1_FILE-034_SIZE,1.0
SSR-1_PART-1_FILE-035_SIZE,1.0
SSR-1_PART-1_FILE-036_SIZE,1.0
SSR-1_PART-1_FILE-037_SIZE,1.0
SSR-1_PART-1_FILE-038_SIZE,1.0
SSR-1_PART-1_FILE-039_SIZE,1.0
SSR-1_PART-1_FILE-040_SIZE,1.0
SSR-1_PART-1_FILE-041_SIZE,1.0
SSR-1_PART-1_FILE-042_SIZE,1.0
SSR-1_PART-1_FILE-043_SIZE,1.0
SSR-1_PART-1_FILE-044_SIZE,1.0
SSR-1_PART-1_FILE-045_SIZE,1.0
SSR-1_PART-1_FILE-046_SIZE,1.0
SSR-1_PART-1_FILE-047_SIZE,1.0
SSR-1_PART-1_FILE-048_SIZE,1.0
SSR-1_PART-1_FILE-049_SIZE,1.0
SSR-1_PART-1_FILE-050_SIZE,1.0
SSR-1_PART-1_FILE-051_SIZE,1.0
SSR-1_PART-1_FILE-052_SIZE,1.0
SSR-1_PART-1_FILE-053_SIZE,1.0
SSR-1_PART-1_FILE-054_SIZE,1.0
SSR-1_PART-1_FILE-055_SIZE,1.0
SSR-1_PART-1_FILE-056_SIZE,1.0
SSR-1_PART-1_FILE-057_SIZE,1.0
SSR-1_PART-1_FILE-058_SIZE,1.0
SSR-1_PART-1_FILE-059_SIZE,1.0
SSR-1_PART-1_FILE-060_SIZE,1.0
SSR-1_PART-1_FILE-061_SIZE,1.0
SSR-1_PART-1_FILE-062_SIZE,1.0
SSR-1_PART-1_FILE-063_SIZE,1.0
SSR-1_PART-1_FILE-064_SIZE,1.0
SSR-1_PART-1_FILE-065_SIZE,1.0
SSR-1_PART-1_FILE-066_SIZE,1.0
SSR-1_PART-1_FILE-067_SIZE,1.0
SSR-1_PART-1_FILE-068_SIZE,1.0
SSR-1_PART-1_FILE-069_SIZE,1.0
SSR-1_PART-1_FILE-070_SIZE,1.0
SSR-1_PART-1_FILE-071_SIZE,1.0
SSR-1_PART-1_FILE-072_SIZE,1.0
SSR-1_PART-1_FILE-073_SIZE,1.0
SSR-1_PART-1_FILE-074_SIZE,1.0
SSR-1_PART-1_FILE-075_SIZE,1.0
SSR-1_PART-1_FILE-076_SIZE,1.0
SSR-1_PART-1_FILE-077_SIZE,1.0
SSR-1_PART-1_FILE-078_SIZE,1.0
SSR-1_PART-1_FILE-079_SIZE,1.0
SSR-1_PART-1_FILE-080_SIZE,1.0
SSR-1_PART-1_FILE-081_SIZE,1.0
SSR-1_PART-1_FILE-082_SIZE,1.0
SSR-1_PART-1_FILE-083_SIZE,1.0
SSR-1_PART-1_FILE-084_SIZE,1.0
SSR-1_PART-1_FILE-085_SIZE,1.0
SSR-1_PART-1_FILE-086_SIZE,1.0
SSR-1_PART-1_FILE-087_SIZE,1.0
SSR-1_PART-1_FILE-088_SIZE,1.0
SSR-1_PART-1_FILE-089_SIZE,1.0
SSR-1_PART-1_FILE-090_SIZE,1.0
SSR-1_PART-1_FILE-091_SIZE,1.0
SSR-1_PART-1_FILE-092_SIZE,1.0
SSR-1_PART-1_FILE-093_SIZE,1.0
SSR-1_PART-1_FILE-094_SIZE,1.0
SSR-1_PART-1_FILE-095_SIZE,1.0
SSR-1_PART-1_FILE-096_SIZE,1.0
SSR-1_PART-1_FILE-097_SIZE,1.0
SSR-1_PART-1_FILE-098_SIZE,1.0
SSR-1_PART-1_FILE-099_SIZE,1.0
SSR-1_PART-1_FILE-100_SIZE,1.0
SSR-1_PART-1_FILE-101_SIZE,1.0
SSR-1_PART-1_FILE-102_SIZE,1.0
SSR-1_PART-1_FILE-103_SIZE,1.0
SSR-1_PART-1_FILE-104_SIZE,1.0
SSR-1_PART-1_FILE-105_SIZE,1.0
SSR-1_PART-1_FILE-106_SIZE,1.0
SSR-1_PART-1_FILE-107_SIZE,1.0
SSR-1_PART-1_FILE-108_SIZE,1.0
SSR-1_PART-1_FILE-109_SIZE,1.0
SSR-1_PART-1_FILE-110_SIZE,1.0
SSR-1_PART-1_FILE-111_SIZE,1.0
SSR-1_PART-1_FILE-112_SIZE,1.0
SSR-1_PART-1_FILE-113_SIZE,1.0
SSR-1_PART-1_FILE-114_SIZE,1.0
SSR-1_PART-1_FILE-115_SIZE,1.0
SSR-1_PART-1_FILE-116_SIZE,1.0
SSR-1_PART-1_FILE-117_SIZE,1.0
SSR-1_PART-1_FILE-118_SIZE,1.0
SSR-1_PART-1_FILE-119_SIZE,1.0
SSR-1_PART-1_FILE-120_SIZE,1.0
SSR-1_PART-1_FILE-121_SIZE,1.0
SSR-1_PART-1_FILE-122_SIZE,1.0
SSR-1_PART-1_FILE-123_SIZE,1.0
SSR-1_PART-1_FILE-124_SIZE,1.0
SSR-1_PART-1_FILE-125_SIZE,1.0
SSR-1_PART-1_FILE-126_SIZE,1.0
SSR-1_PART-1_FILE-127_SIZE,1.0
SSR-1_WORD-00,0.0006
SSR-1_WORD-01,0.0006
SSR-1_WORD-02,0.0
SSR-1_WORD-03,0.0
SSR-1_WORD-04,0.0
SSR-1_WORD-05,0.0
SSR-1_WORD-06,0.0
SSR-1_WORD-07,0.0
SSR-1_WORD-08,0.0
SSR-1_WORD-09,0.0
SSR-1_WORD-10,0.0
SSR-1_WORD-11,0.0
SSR-1_WORD-12,0.0
SSR-1_WORD-13,0.0
SSR-1_WORD-14,0.0
SSR-1_WORD-15,0.0
SSR-1_WORD-16,0.0
SSR-1_WORD-17,0.0
SSR-2_PAGE_INDEX,1.0
SSR-2_TM_MODE,1.0
SSR-2_SYS_ID,1.0
SSR-2_ADMIN_ACCESS,1.0
SSR-2_WDT_STS,1.0
SSR-2_WDT_OCRD_CNT,1.0
SSR-2_LAST_DATA_CMD,1.0
SSR-2_CMD_CNT,1.0
SSR-2_CMD_REJECTION_CNT,1.0
SSR-2_MODE_CHANGE_STS,1.0
SSR-2_PAGE_MODE,1.0
SSR-2_MSG_ID_I,0.0002
SSR-2_MSG_ID_Q,1.0
SSR-2_ROLING_PAGE_INDEX_NUM,0.0002
SSR-2_ROLING_PAGE_INDEX,1.0
SSR-2_MM_EDAC_STS,1.0
SSR-2_ADC_CH_ID,0.0002
SSR-2_ADC_CH-0_DATA,0.0002
SSR-2_ADC_CH-1_DATA,0.0002
SSR-2_ADC_CH-2_DATA,0.0002
SSR-2_ADC_CH-3_DATA,0.0004
SSR-2_ADC_CH-4_DATA,1.0
SSR-2_ADC_CH-5_DATA,1.0
SSR-2_ADC_CH-6_DATA,1.0
SSR-2_ADC_CH-7_DATA,1.0
SSR-2_TIME_SEC,1.0
SSR-2_TIME_MIN,1.0
SSR-2_TIME_HR,1.0
SSR-2_TIME_DAYS,1.0
SSR-2_TIME_YEAR,1.0
SSR-2_SRAM_EDAC_SAT,1.0
SSR-2_TM_MODE_PAGE_RAW,0.0
SSR-2_PART-0_FILE-000_ATTR,0.0004
SSR-2_PART-0_FILE-001_ATTR,1.0
SSR-2_PART-0_FILE-002_ATTR,1.0
SSR-2_PART-0_FILE-003_ATTR,1.0
SSR-2_PART-0_FILE-004_ATTR,1.0
SSR-2_PART-0_FILE-005_ATTR,1.0
SSR-2_PART-0_FILE-006_ATTR,1.0
SSR-2_PART-0_FILE-007_ATTR,1.0
SSR-2_PART-0_FILE-008_ATTR,1.0
SSR-2_PART-0_FILE-009_ATTR,1.0
SSR-2_PART-0_FILE-010_ATTR,1.0
SSR-2_PART-0_FILE-011_ATTR,1.0
SSR-2_PART-0_FILE-012_ATTR,1.0
SSR-2_PART-0_FILE-013_ATTR,1.0
SSR-2_PART-0_FILE-014_ATTR,1.0
SSR-2_PART-0_FILE-015_ATTR,1.0
SSR-2_PART-0_FILE-016_ATTR,1.0
SSR-2_PART-0_FILE-017_ATTR,1.0
SSR-2_PART-0_FILE-018_ATTR,1.0
SSR-2_PART-0_FILE-019_ATTR,1.0
SSR-2_PART-0_FILE-020_ATTR,1.0
SSR-2_PART-0_FILE-021_ATTR,1.0
SSR-2_PART-0_FILE-022_ATTR,1.0
SSR-2_PART-0_FILE-023_ATTR,1.0
SSR-2_PART-0_FILE-024_ATTR,1.0
SSR-2_PART-0_FILE-025_ATTR,1.0
SSR-2_PART-0_FILE-026_ATTR,1.0
SSR-2_PART-0_FILE-027_ATTR,1.0
SSR-2_PART-0_FILE-028_ATTR,1.0
SSR-2_PART-0_FILE-029_ATTR,1.0
SSR-2_PART-0_FILE-030_ATTR,1.0
SSR-2_PART-0_FILE-031_ATTR,1.0
SSR-2_PART-0_FILE-032_ATTR,1.0
SSR-2_PART-0_FILE-033_ATTR,1.0
SSR-2_PART-0_FILE-034_ATTR,1.0
SSR-2_PART-0_FILE-035_ATTR,1.0
SSR-2_PART-0_FILE-036_ATTR,1.0
SSR-2_PART-0_FILE-037_ATTR,1.0
SSR-2_PART-0_FILE-038_ATTR,1.0
SSR-2_PART-0_FILE-039_ATTR,1.0
SSR-2_PART-0_FILE-040_ATTR,1.0
SSR-2_PART-0_FILE-041_ATTR,1.0
SSR-2_PART-0_FILE-042_ATTR,1.0
SSR-2_PART-0_FILE-043_ATTR,1.0
SSR-2_PART-0_FILE-044_ATTR,1.0
SSR-2_PART-0_FILE-045_ATTR,1.0
SSR-2_PART-0_FILE-046_ATTR,1.0
SSR-2_PART-0_FILE-047_ATTR,1.0
SSR-2_PART-0_FILE-048_ATTR,1.0
SSR-2_PART-0_FILE-049_ATTR,1.0
SSR-2_PART-0_FILE-050_ATTR,1.0
SSR-2_PART-0_FILE-051_ATTR,1.0
SSR-2_PART-0_FILE-052_ATTR,1.0
SSR-2_PART-0_FILE-053_ATTR,1.0
SSR-2_PART-0_FILE-054_ATTR,1.0
SSR-2_PART-0_FILE-055_ATTR,1.0
SSR-2_PART-0_FILE-056_ATTR,1.0
SSR-2_PART-0_FILE-057_ATTR,1.0
SSR-2_PART-0_FILE-058_ATTR,1.0
SSR-2_PART-0_FILE-059_ATTR,1.0
SSR-2_PART-0_FILE-060_ATTR,1.0
SSR-2_PART-0_FILE-061_ATTR,1.0
SSR-2_PART-0_FILE-062_ATTR,1.0
SSR-2_PART-0_FILE-063_ATTR,1.0
SSR-2_PART-0_FILE-064_ATTR,1.0
SSR-2_PART-0_FILE-065_ATTR,1.0
SSR-2_PART-0_FILE-066_ATTR,1.0
SSR-2_PART-0_FILE-067_ATTR,1.0
SSR-2_PART-0_FILE-068_ATTR,1.0
SSR-2_PART-0_FILE-069_ATTR,1.0
SSR-2_PART-0_FILE-070_ATTR,1.0
SSR-2_PART-0_FILE-071_ATTR,1.0
SSR-2_PART-0_FILE-072_ATTR,1.0
SSR-2_PART-0_FILE-073_ATTR,1.0
SSR-2_PART-0_FILE-074_ATTR,1.0
SSR-2_PART-0_FILE-075_ATTR,1.0
SSR-2_PART-0_FILE-076_ATTR,1.0
SSR-2_PART-0_FILE-077_ATTR,1.0
SSR-2_PART-0_FILE-078_ATTR,1.0
SSR-2_PART-0_FILE-079_ATTR,1.0
SSR-2_PART-0_FILE-080_ATTR,1.0
SSR-2_PART-0_FILE-081_ATTR,1.0
SSR-2_PART-0_FILE-082_ATTR,1.0
SSR-2_PART-0_FILE-083_ATTR,1.0
SSR-2_PART-0_FILE-084_ATTR,1.0
SSR-2_PART-0_FILE-085_ATTR,1.0
SSR-2_PART-0_FILE-086_ATTR,1.0
SSR-2_PART-0_FILE-087_ATTR,1.0
SSR-2_PART-0_FILE-088_ATTR,1.0
SSR-2_PART-0_FILE-089_ATTR,1.0
SSR-2_PART-0_FILE-090_ATTR,1.0
SSR-2_PART-0_FILE-091_ATTR,1.0
SSR-2_PART-0_FILE-092_ATTR,1.0
SSR-2_PART-0_FILE-093_ATTR,1.0
SSR-2_PART-0_FILE-094_ATTR,1.0
SSR-2_PART-0_FILE-095_ATTR,1.0
SSR-2_PART-0_FILE-096_ATTR,1.0
SSR-2_PART-0_FILE-097_ATTR,1.0
SSR-2_PART-0_FILE-098_ATTR,1.0
SSR-2_PART-0_FILE-099_ATTR,1.0
SSR-2_PART-0_FILE-100_ATTR,1.0
SSR-2_PART-0_FILE-101_ATTR,1.0
SSR-2_PART-0_FILE-102_ATTR,1.0
SSR-2_PART-0_FILE-103_ATTR,1.0
SSR-2_PART-0_FILE-104_ATTR,1.0
SSR-2_PART-0_FILE-105_ATTR,1.0
SSR-2_PART-0_FILE-106_ATTR,1.0
SSR-2_PART-0_FILE-107_ATTR,1.0
SSR-2_PART-0_FILE-108_ATTR,1.0
SSR-2_PART-0_FILE-109_ATTR,1.0
SSR-2_PART-0_FILE-110_ATTR,1.0
SSR-2_PART-0_FILE-111_ATTR,1.0
SSR-2_PART-0_FILE-112_ATTR,1.0
SSR-2_PART-0_FILE-113_ATTR,1.0
SSR-2_PART-0_FILE-114_ATTR,1.0
SSR-2_PART-0_FILE-115_ATTR,1.0
SSR-2_PART-0_FILE-116_ATTR,1.0
SSR-2_PART-0_FILE-117_ATTR,1.0
SSR-2_PART-0_FILE-118_ATTR,1.0
SSR-2_PART-0_FILE-119_ATTR,1.0
SSR-2_PART-0_FILE-120_ATTR,1.0
SSR-2_PART-0_FILE-121_ATTR,1.0
SSR-2_PART-0_FILE-122_ATTR,1.0
SSR-2_PART-0_FILE-123_ATTR,1.0
SSR-2_PART-0_FILE-124_ATTR,1.0
SSR-2_PART-0_FILE-125_ATTR,1.0
SSR-2_PART-0_FILE-126_ATTR,1.0
SSR-2_PART-0_FILE-127_ATTR,1.0
SSR-2_PART-1_FILE-000_ATTR,0.0004
SSR-2_PART-1_FILE-001_ATTR,1.0
SSR-2_PART-1_FILE-002_ATTR,1.0
SSR-2_PART-1_FILE-003_ATTR,1.0
SSR-2_PART-1_FILE-004_ATTR,1.0
SSR-2_PART-1_FILE-005_ATTR,1.0
SSR-2_PART-1_FILE-006_ATTR,1.0
SSR-2_PART-1_FILE-007_ATTR,1.0
SSR-2_PART-1_FILE-008_ATTR,1.0
SSR-2_PART-1_FILE-009_ATTR,1.0
SSR-2_PART-1_FILE-010_ATTR,1.0
SSR-2_PART-1_FILE-011_ATTR,1.0
SSR-2_PART-1_FILE-012_ATTR,1.0
SSR-2_PART-1_FILE-013_ATTR,1.0
SSR-2_PART-1_FILE-014_ATTR,1.0
SSR-2_PART-1_FILE-015_ATTR,1.0
SSR-2_PART-1_FILE-016_ATTR,1.0
SSR-2_PART-1_FILE-017_ATTR,1.0
SSR-2_PART-1_FILE-018_ATTR,1.0
SSR-2_PART-1_FILE-019_ATTR,1.0
SSR-2_PART-1_FILE-020_ATTR,1.0
SSR-2_PART-1_FILE-021_ATTR,1.0
SSR-2_PART-1_FILE-022_ATTR,1.0
SSR-2_PART-1_FILE-023_ATTR,1.0
SSR-2_PART-1_FILE-024_ATTR,1.0
SSR-2_PART-1_FILE-025_ATTR,1.0
SSR-2_PART-1_FILE-026_ATTR,1.0
SSR-2_PART-1_FILE-027_ATTR,1.0
SSR-2_PART-1_FILE-028_ATTR,1.0
SSR-2_PART-1_FILE-029_ATTR,1.0
SSR-2_PART-1_FILE-030_ATTR,1.0
SSR-2_PART-1_FILE-031_ATTR,1.0
SSR-2_PART-1_FILE-032_ATTR,1.0
SSR-2_PART-1_FILE-033_ATTR,1.0
SSR-2_PART-1_FILE-034_ATTR,1.0
SSR-2_PART-1_FILE-035_ATTR,1.0
SSR-2_PART-1_FILE-036_ATTR,1.0
SSR-2_PART-1_FILE-037_ATTR,1.0
SSR-2_PART-1_FILE-038_ATTR,1.0
SSR-2_PART-1_FILE-039_ATTR,1.0
SSR-2_PART-1_FILE-040_ATTR,1.0
SSR-2_PART-1_FILE-041_ATTR,1.0
SSR-2_PART-1_FILE-042_ATTR,1.0
SSR-2_PART-1_FILE-043_ATTR,1.0
SSR-2_PART-1_FILE-044_ATTR,1.0
SSR-2_PART-1_FILE-045_ATTR,1.0
SSR-2_PART-1_FILE-046_ATTR,1.0
SSR-2_PART-1_FILE-047_ATTR,1.0
SSR-2_PART-1_FILE-048_ATTR,1.0
SSR-2_PART-1_FILE-049_ATTR,1.0
SSR-2_PART-1_FILE-050_ATTR,1.0
SSR-2_PART-1_FILE-051_ATTR,1.0
SSR-2_PART-1_FILE-052_ATTR,1.0
SSR-2_PART-1_FILE-053_ATTR,1.0
SSR-2_PART-1_FILE-054_ATTR,1.0
SSR-2_PART-1_FILE-055_ATTR,1.0
SSR-2_PART-1_FILE-056_ATTR,1.0
SSR-2_PART-1_FILE-057_ATTR,1.0
SSR-2_PART-1_FILE-058_ATTR,1.0
SSR-2_PART-1_FILE-059_ATTR,1.0
SSR-2_PART-1_FILE-060_ATTR,1.0
SSR-2_PART-1_FILE-061_ATTR,1.0
SSR-2_PART-1_FILE-062_ATTR,1.0
SSR-2_PART-1_FILE-063_ATTR,1.0
SSR-2_PART-1_FILE-064_ATTR,1.0
SSR-2_PART-1_FILE-065_ATTR,1.0
SSR-2_PART-1_FILE-066_ATTR,1.0
SSR-2_PART-1_FILE-067_ATTR,1.0
SSR-2_PART-1_FILE-068_ATTR,1.0
SSR-2_PART-1_FILE-069_ATTR,1.0
SSR-2_PART-1_FILE-070_ATTR,1.0
SSR-2_PART-1_FILE-071_ATTR,1.0
SSR-2_PART-1_FILE-072_ATTR,1.0
SSR-2_PART-1_FILE-073_ATTR,1.0
SSR-2_PART-1_FILE-074_ATTR,1.0
SSR-2_PART-1_FILE-075_ATTR,1.0
SSR-2_PART-1_FILE-076_ATTR,1.0
SSR-2_PART-1_FILE-077_ATTR,1.0
SSR-2_PART-1_FILE-078_ATTR,1.0
SSR-2_PART-1_FILE-079_ATTR,1.0
SSR-2_PART-1_FILE-080_ATTR,1.0
SSR-2_PART-1_FILE-081_ATTR,1.0
SSR-2_PART-1_FILE-082_ATTR,1.0
SSR-2_PART-1_FILE-083_ATTR,1.0
SSR-2_PART-1_FILE-084_ATTR,1.0
SSR-2_PART-1_FILE-085_ATTR,1.0
SSR-2_PART-1_FILE-086_ATTR,1.0
SSR-2_PART-1_FILE-087_ATTR,1.0
SSR-2_PART-1_FILE-088_ATTR,1.0
SSR-2_PART-1_FILE-089_ATTR,1.0
SSR-2_PART-1_FILE-090_ATTR,1.0
SSR-2_PART-1_FILE-091_ATTR,1.0
SSR-2_PART-1_FILE-092_ATTR,1.0
SSR-2_PART-1_FILE-093_ATTR,1.0
SSR-2_PART-1_FILE-094_ATTR,1.0
SSR-2_PART-1_FILE-095_ATTR,1.0
SSR-2_PART-1_FILE-096_ATTR,1.0
SSR-2_PART-1_FILE-097_ATTR,1.0
SSR-2_PART-1_FILE-098_ATTR,1.0
SSR-2_PART-1_FILE-099_ATTR,1.0
SSR-2_PART-1_FILE-100_ATTR,1.0
SSR-2_PART-1_FILE-101_ATTR,1.0
SSR-2_PART-1_FILE-102_ATTR,1.0
SSR-2_PART-1_FILE-103_ATTR,1.0
SSR-2_PART-1_FILE-104_ATTR,1.0
SSR-2_PART-1_FILE-105_ATTR,1.0
SSR-2_PART-1_FILE-106_ATTR,1.0
SSR-2_PART-1_FILE-107_ATTR,1.0
SSR-2_PART-1_FILE-108_ATTR,1.0
SSR-2_PART-1_FILE-109_ATTR,1.0
SSR-2_PART-1_FILE-110_ATTR,1.0
SSR-2_PART-1_FILE-111_ATTR,1.0
SSR-2_PART-1_FILE-112_ATTR,1.0
SSR-2_PART-1_FILE-113_ATTR,1.0
SSR-2_PART-1_FILE-114_ATTR,1.0
SSR-2_PART-1_FILE-115_ATTR,1.0
SSR-2_PART-1_FILE-116_ATTR,1.0
SSR-2_PART-1_FILE-117_ATTR,1.0
SSR-2_PART-1_FILE-118_ATTR,1.0
SSR-2_PART-1_FILE-119_ATTR,1.0
SSR-2_PART-1_FILE-120_ATTR,1.0
SSR-2_PART-1_FILE-121_ATTR,1.0
SSR-2_PART-1_FILE-122_ATTR,1.0
SSR-2_PART-1_FILE-123_ATTR,1.0
SSR-2_PART-1_FILE-124_ATTR,1.0
SSR-2_PART-1_FILE-125_ATTR,1.0
SSR-2_PART-1_FILE-126_ATTR,1.0
SSR-2_PART-1_FILE-127_ATTR,1.0
SSR-2_FREE_SB_AVBL_MEM1,0.0002
SSR-2_FREE_SB_AVBL_MEM0,0.0002
SSR-2_EEPROM_RD_STS,1.0
SSR-2_WDT_STS_EEPROM,1.0
SSR-2_SDRAM_EDAC_STS_EEPROM,1.0
SSR-2_MMEDAC_STS_EEPROM,1.0
SSR-2_POL1_STS_EEPROM,1.0
SSR-2_POL0_STS_EEPROM,1.0
SSR-2_FMBB_MEM1_POL1,1.0
SSR-2_FMBB_MEM1_POL0,1.0
SSR-2_FMBB_MEM0_POL1,1.0
SSR-2_FMBB_MEM0_POL0,1.0
SSR-2_MAINT_SYS_BUSY,1.0
SSR-2_FMBB_CNT_MEM0_POL0,1.0
SSR-2_FMBB_CNT_MEM0_POL1,1.0
SSR-2_FMBB_CNT_MEM1_POL0,1.0
SSR-2_FMBB_CNT_MEM1_POL1,1.0
SSR-2_PN_PBK_INIT_MEM1,1.0
SSR-2_PN_PBK_INIT_MEM0,1.0
SSR-2_PN_REC_INIT_MEM1,1.0
SSR-2_PN_REC_INIT_MEM0,1.0
SSR-2_PN_PBK_PRG_MEM1,1.0
SSR-2_PN_PBK_PRG_MEM0,1.0
SSR-2_PN_REC_PRG_MEM1,1.0
SSR-2_PN_REC_PRG_MEM0,1.0
SSR-2_PN_REC_SIZE_MEM0,1.0
SSR-2_PN_REC_SIZE_MEM1,1.0
SSR-2_PN_PBK_SIZE_MEM0,1.0
SSR-2_PN_PBK_SIZE_MEM1,1.0
SSR-2_DB_CHKSUM_MSB,1.0
SSR-2_DB_CHKSUM_LSB,1.0
SSR-2_QEMPTY_MEM0,1.0
SSR-2_QEMPTY_MEM1,1.0
SSR-2_POL0_ON_STATUS,0.0002
SSR-2_POL1_ON_STATUS,0.0002
SSR-2_POL0_PW_GD,0.0002
SSR-2_POL1_PW_GD,0.0002
SSR-2_TOTAL_FMBB_CNT,1.0
SSR-2_TOTAL_TEMPBB_CNT,1.0
SSR-2_SS_FREESB_CNT_M0,1.0
SSR-2_SS_FREESB_CNT_M1,1.0
SSR-2_SS_ERASESB_CNT_M0,1.0
SSR-2_SS_ERASESB_CNT_M1,1.0
SSR-2_SYS_BUSY,1.0
SSR-2_EEPROM_RDSTS_1_2_COPY,1.0
SSR-2_EEPROM_RDSTS_1_3_COPY,1.0
SSR-2_EEPROM_RDSTS_2_3_COPY,1.0
SSR-2_EEPROM_DATA_TYPE,1.0
SSR-2_EEPROM_WRITE_STS,1.0
SSR-2_SB_BANK_0,1.0
SSR-2_SB_BANK_1,1.0
SSR-2_SB_BANK_2,1.0
SSR-2_SB_BANK_3,1.0
SSR-2_TEMPBB_RECLAIM_PDNG,1.0
SSR-2_RD_SW_EEPROM_FMBB_PDNG,1.0
SSR-2_WR_SW_EEPROM_FMBB_PDNG,1.0
SSR-2_INIT_EEPROM_DB_PDNG,1.0
SSR-2_MEM_ERASE_PRG_MEM1,1.0
SSR-2_MEM_ERASE_PRG_MEM0,1.0
SSR-2_RS_ERR_CORR_MEM0_MAINT,1.0
SSR-2_RS_ERR_CORR_MEM1_MAINT,1.0
SSR-2_CHKSUM_BANK_0_STS,1.0
SSR-2_CHKSUM_BANK_1_STS,1.0
SSR-2_CHKSUM_BANK_2_STS,1.0
SSR-2_CHKSUM_BANK_3_STS,1.0
SSR-2_DB_SPI_READY_STS,1.0
SSR-2_SDRAM_EDAC_OCC,0.0002
SSR-2_POL0_OVP_OCC,0.0002
SSR-2_POL1_OVP_OCC,0.0002
SSR-2_MEM0_MAX_ERASE_COUNT,1.0
SSR-2_MEM1_MAX_ERASE_COUNT,1.0
SSR-2_DB_BLK_MAX_ERSE_CNT,1.0
SSR-2_MEMORY_VIEW,1.0
SSR-2_MEM_VIEW_ADDRESS,1.0
SSR-2_MEM_VIEW_DATA1,1.0
SSR-2_MEM_VIEW_DATA2,1.0
SSR-2_MEM_VIEW_DATA3,1.0
SSR-2_DBSTR_PENDING,1.0
SSR-2_DBRET_PENDING,1.0
SSR-2_DBFETCH_PENDING,1.0
SSR-2_DBCHECKSUM_VERIFY,1.0
SSR-2_DB_BANKID,1.0
SSR-2_DB_MASTERID,1.0
SSR-2_DB_OFFSET_MSB,1.0
SSR-2_DB_OFFSET_LSB,1.0
SSR-2_SSTM_CH_ID,1.0
SSR-2_CMD_REJECTION_FLAG_I,1.0
SSR-2_CMD_REJECTION_FLAG_Q,1.0
SSR-2_WDT_OCCR_CNTR,0.0004
SSR-2_ROLLING_FID,1.0
SSR-2_SDRM_EDAC_STS,1.0
SSR-2_SB_SEARCH_PNDG_MEM0,1.0
SSR-2_SB_SEARCH_PNDG_MEM1,1.0
SSR-2_SET_FEATURE_STS_EEPROM,1.0
SSR-2_SW_SCRUB_STS_EEPROM,1.0
SSR-2_HW_SCRUB_STS_EEPROM,1.0
SSR-2_NRT_DELAY_CONFIG,1.0
SSR-2_PB_NEG_OFFSET,1.0
SSR-2_PART0_BANK0_SET_FEAT_PRG,0.0
SSR-2_PART0_BANK1_SET_FEAT_PRG,0.0
SSR-2_PART1_BANK0_SET_FEAT_PRG,0.0
SSR-2_PART1_BANK1_SET_FEAT_PRG,0.0
SSR-2_PART0_BANK0_FLSH_RST_PRG,0.0
SSR-2_PART0_BANK1_FLSH_RST_PRG,0.0
SSR-2_PART1_BANK0_FLSH_RST_PRG,0.0
SSR-2_PART1_BANK1_FLSH_RST_PRG,0.0
SSR-2_PART0_REC_FID,1.0
SSR-2_PART1_REC_FID,1.0
SSR-2_PART0_REC_STS,1.0
SSR-2_PART1_REC_STS,1.0
SSR-2_PART0_REC_SIZE,1.0
SSR-2_PART1_REC_SIZE,1.0
SSR-2_PB_ENQUE_PTR,1.0
SSR-2_PB_DEQUE_PTR,1.0
SSR-2_PB_PARTITION_ID,1.0
SSR-2_PART0_PB_STS,1.0
SSR-2_PART1_PB_STS,1.0
SSR-2_PART0_PB_FID,0.0
SSR-2_PART1_PB_FID,1.0
SSR-2_PART0_VALID_PB_SIZE,0.0
SSR-2_PART1_VALID_PB_SIZE,1.0
SSR-2_PART0_RS_COR_ERR_OPRN,1.0
SSR-2_PART1_RS_COR_ERR_OPRN,1.0
SSR-2_PART0_REC_DF_IND,1.0
SSR-2_PART1_REC_DF_IND,1.0
SSR-2_PART0_PB_DF_IND,0.0002
SSR-2_PART1_PB_DF_IND,1.0
SSR-2_PART0_ACC_PB_SIZE,0.0002
SSR-2_PART1_ACC_PB_SIZE,1.0
SSR-2_SW_SCRUB_STS,1.0
SSR-2_HW_SCRUB_STS,1.0
SSR-2_HW_SCRUB_NOW,1.0
SSR-2_SW_SCRUB_PTR,1.0
SSR-2_PB_MODE_FTL,1.0
SSR-2_SW_CYCLE_OCC_MAX_CNT,1.0
SSR-2_SW_CYCLE_OVRFLW,1.0
SSR-2_PB_FRAME_SZ_FTL,1.0
SSR-2_MEM0_OP_LIMIT_VAL,1.0
SSR-2_MEM1_OP_LIMIT_VAL,1.0
SSR-2_SDRRAM_EDAC_CNTR,1.0
SSR-2_MAIN_POS_3.3V,0.0008
SSR-2_MAIN_POS_5V,0.0004
SSR-2_REDT_POS_3.3V,0.0058
SSR-2_REDT_POS_5V,0.0024
SSR-2_PART-0_FILE-000_SIZE,0.0002
SSR-2_PART-0_FILE-001_SIZE,1.0
SSR-2_PART-0_FILE-002_SIZE,1.0
SSR-2_PART-0_FILE-003_SIZE,1.0
SSR-2_PART-0_FILE-004_SIZE,1.0
SSR-2_PART-0_FILE-005_SIZE,1.0
SSR-2_PART-0_FILE-006_SIZE,1.0
SSR-2_PART-0_FILE-007_SIZE,1.0
SSR-2_PART-0_FILE-008_SIZE,1.0
SSR-2_PART-0_FILE-009_SIZE,1.0
SSR-2_PART-0_FILE-010_SIZE,1.0
SSR-2_PART-0_FILE-011_SIZE,1.0
SSR-2_PART-0_FILE-012_SIZE,1.0
SSR-2_PART-0_FILE-013_SIZE,1.0
SSR-2_PART-0_FILE-014_SIZE,1.0
SSR-2_PART-0_FILE-015_SIZE,1.0
SSR-2_PART-0_FILE-016_SIZE,1.0
SSR-2_PART-0_FILE-017_SIZE,1.0
SSR-2_PART-0_FILE-018_SIZE,1.0
SSR-2_PART-0_FILE-019_SIZE,1.0
SSR-2_PART-0_FILE-020_SIZE,1.0
SSR-2_PART-0_FILE-021_SIZE,1.0
SSR-2_PART-0_FILE-022_SIZE,1.0
SSR-2_PART-0_FILE-023_SIZE,1.0
SSR-2_PART-0_FILE-024_SIZE,1.0
SSR-2_PART-0_FILE-025_SIZE,1.0
SSR-2_PART-0_FILE-026_SIZE,1.0
SSR-2_PART-0_FILE-027_SIZE,1.0
SSR-2_PART-0_FILE-028_SIZE,1.0
SSR-2_PART-0_FILE-029_SIZE,1.0
SSR-2_PART-0_FILE-030_SIZE,1.0
SSR-2_PART-0_FILE-031_SIZE,1.0
SSR-2_PART-0_FILE-032_SIZE,1.0
SSR-2_PART-0_FILE-033_SIZE,1.0
SSR-2_PART-0_FILE-034_SIZE,1.0
SSR-2_PART-0_FILE-035_SIZE,1.0
SSR-2_PART-0_FILE-036_SIZE,1.0
SSR-2_PART-0_FILE-037_SIZE,1.0
SSR-2_PART-0_FILE-038_SIZE,1.0
SSR-2_PART-0_FILE-039_SIZE,1.0
SSR-2_PART-0_FILE-040_SIZE,1.0
SSR-2_PART-0_FILE-041_SIZE,1.0
SSR-2_PART-0_FILE-042_SIZE,1.0
SSR-2_PART-0_FILE-043_SIZE,1.0
SSR-2_PART-0_FILE-044_SIZE,1.0
SSR-2_PART-0_FILE-045_SIZE,1.0
SSR-2_PART-0_FILE-046_SIZE,1.0
SSR-2_PART-0_FILE-047_SIZE,1.0
SSR-2_PART-0_FILE-048_SIZE,1.0
SSR-2_PART-0_FILE-049_SIZE,1.0
SSR-2_PART-0_FILE-050_SIZE,1.0
SSR-2_PART-0_FILE-051_SIZE,1.0
SSR-2_PART-0_FILE-052_SIZE,1.0
SSR-2_PART-0_FILE-053_SIZE,1.0
SSR-2_PART-0_FILE-054_SIZE,1.0
SSR-2_PART-0_FILE-055_SIZE,1.0
SSR-2_PART-0_FILE-056_SIZE,1.0
SSR-2_PART-0_FILE-057_SIZE,1.0
SSR-2_PART-0_FILE-058_SIZE,1.0
SSR-2_PART-0_FILE-059_SIZE,1.0
SSR-2_PART-0_FILE-060_SIZE,1.0
SSR-2_PART-0_FILE-061_SIZE,1.0
SSR-2_PART-0_FILE-062_SIZE,1.0
SSR-2_PART-0_FILE-063_SIZE,1.0
SSR-2_PART-0_FILE-064_SIZE,1.0
SSR-2_PART-0_FILE-065_SIZE,1.0
SSR-2_PART-0_FILE-066_SIZE,1.0
SSR-2_PART-0_FILE-067_SIZE,1.0
SSR-2_PART-0_FILE-068_SIZE,1.0
SSR-2_PART-0_FILE-069_SIZE,1.0
SSR-2_PART-0_FILE-070_SIZE,1.0
SSR-2_PART-0_FILE-071_SIZE,1.0
SSR-2_PART-0_FILE-072_SIZE,1.0
SSR-2_PART-0_FILE-073_SIZE,1.0
SSR-2_PART-0_FILE-074_SIZE,1.0
SSR-2_PART-0_FILE-075_SIZE,1.0
SSR-2_PART-0_FILE-076_SIZE,1.0
SSR-2_PART-0_FILE-077_SIZE,1.0
SSR-2_PART-0_FILE-078_SIZE,1.0
SSR-2_PART-0_FILE-079_SIZE,1.0
SSR-2_PART-0_FILE-080_SIZE,1.0
SSR-2_PART-0_FILE-081_SIZE,1.0
SSR-2_PART-0_FILE-082_SIZE,1.0
SSR-2_PART-0_FILE-083_SIZE,1.0
SSR-2_PART-0_FILE-084_SIZE,1.0
SSR-2_PART-0_FILE-085_SIZE,1.0
SSR-2_PART-0_FILE-086_SIZE,1.0
SSR-2_PART-0_FILE-087_SIZE,1.0
SSR-2_PART-0_FILE-088_SIZE,1.0
SSR-2_PART-0_FILE-089_SIZE,1.0
SSR-2_PART-0_FILE-090_SIZE,1.0
SSR-2_PART-0_FILE-091_SIZE,1.0
SSR-2_PART-0_FILE-092_SIZE,1.0
SSR-2_PART-0_FILE-093_SIZE,1.0
SSR-2_PART-0_FILE-094_SIZE,1.0
SSR-2_PART-0_FILE-095_SIZE,1.0
SSR-2_PART-0_FILE-096_SIZE,1.0
SSR-2_PART-0_FILE-097_SIZE,1.0
SSR-2_PART-0_FILE-098_SIZE,1.0
SSR-2_PART-0_FILE-099_SIZE,1.0
SSR-2_PART-0_FILE-100_SIZE,1.0
SSR-2_PART-0_FILE-101_SIZE,1.0
SSR-2_PART-0_FILE-102_SIZE,1.0
SSR-2_PART-0_FILE-103_SIZE,1.0
SSR-2_PART-0_FILE-104_SIZE,1.0
SSR-2_PART-0_FILE-105_SIZE,1.0
SSR-2_PART-0_FILE-106_SIZE,1.0
SSR-2_PART-0_FILE-107_SIZE,1.0
SSR-2_PART-0_FILE-108_SIZE,1.0
SSR-2_PART-0_FILE-109_SIZE,1.0
SSR-2_PART-0_FILE-110_SIZE,1.0
SSR-2_PART-0_FILE-111_SIZE,1.0
SSR-2_PART-0_FILE-112_SIZE,1.0
SSR-2_PART-0_FILE-113_SIZE,1.0
SSR-2_PART-0_FILE-114_SIZE,1.0
SSR-2_PART-0_FILE-115_SIZE,1.0
SSR-2_PART-0_FILE-116_SIZE,1.0
SSR-2_PART-0_FILE-117_SIZE,1.0
SSR-2_PART-0_FILE-118_SIZE,1.0
SSR-2_PART-0_FILE-119_SIZE,1.0
SSR-2_PART-0_FILE-120_SIZE,1.0
SSR-2_PART-0_FILE-121_SIZE,1.0
SSR-2_PART-0_FILE-122_SIZE,1.0
SSR-2_PART-0_FILE-123_SIZE,1.0
SSR-2_PART-0_FILE-124_SIZE,1.0
SSR-2_PART-0_FILE-125_SIZE,1.0
SSR-2_PART-0_FILE-126_SIZE,1.0
SSR-2_PART-0_FILE-127_SIZE,1.0
SSR-2_PART-1_FILE-000_SIZE,0.0004
SSR-2_PART-1_FILE-001_SIZE,1.0
SSR-2_PART-1_FILE-002_SIZE,1.0
SSR-2_PART-1_FILE-003_SIZE,1.0
SSR-2_PART-1_FILE-004_SIZE,1.0
SSR-2_PART-1_FILE-005_SIZE,1.0
SSR-2_PART-1_FILE-006_SIZE,1.0
SSR-2_PART-1_FILE-007_SIZE,1.0
SSR-2_PART-1_FILE-008_SIZE,1.0
SSR-2_PART-1_FILE-009_SIZE,1.0
SSR-2_PART-1_FILE-010_SIZE,1.0
SSR-2_PART-1_FILE-011_SIZE,1.0
SSR-2_PART-1_FILE-012_SIZE,1.0
SSR-2_PART-1_FILE-013_SIZE,1.0
SSR-2_PART-1_FILE-014_SIZE,1.0
SSR-2_PART-1_FILE-015_SIZE,1.0
SSR-2_PART-1_FILE-016_SIZE,1.0
SSR-2_PART-1_FILE-017_SIZE,1.0
SSR-2_PART-1_FILE-018_SIZE,1.0
SSR-2_PART-1_FILE-019_SIZE,1.0
SSR-2_PART-1_FILE-020_SIZE,1.0
SSR-2_PART-1_FILE-021_SIZE,1.0
SSR-2_PART-1_FILE-022_SIZE,1.0
SSR-2_PART-1_FILE-023_SIZE,1.0
SSR-2_PART-1_FILE-024_SIZE,1.0
SSR-2_PART-1_FILE-025_SIZE,1.0
SSR-2_PART-1_FILE-026_SIZE,1.0
SSR-2_PART-1_FILE-027_SIZE,1.0
SSR-2_PART-1_FILE-028_SIZE,1.0
SSR-2_PART-1_FILE-029_SIZE,1.0
SSR-2_PART-1_FILE-030_SIZE,1.0
SSR-2_PART-1_FILE-031_SIZE,1.0
SSR-2_PART-1_FILE-032_SIZE,1.0
SSR-2_PART-1_FILE-033_SIZE,1.0
SSR-2_PART-1_FILE-034_SIZE,1.0
SSR-2_PART-1_FILE-035_SIZE,1.0
SSR-2_PART-1_FILE-036_SIZE,1.0
SSR-2_PART-1_FILE-037_SIZE,1.0
SSR-2_PART-1_FILE-038_SIZE,1.0
SSR-2_PART-1_FILE-039_SIZE,1.0
SSR-2_PART-1_FILE-040_SIZE,1.0
SSR-2_PART-1_FILE-041_SIZE,1.0
SSR-2_PART-1_FILE-042_SIZE,1.0
SSR-2_PART-1_FILE-043_SIZE,1.0
SSR-2_PART-1_FILE-044_SIZE,1.0
SSR-2_PART-1_FILE-045_SIZE,1.0
SSR-2_PART-1_FILE-046_SIZE,1.0
SSR-2_PART-1_FILE-047_SIZE,1.0
SSR-2_PART-1_FILE-048_SIZE,1.0
SSR-2_PART-1_FILE-049_SIZE,1.0
SSR-2_PART-1_FILE-050_SIZE,1.0
SSR-2_PART-1_FILE-051_SIZE,1.0
SSR-2_PART-1_FILE-052_SIZE,1.0
SSR-2_PART-1_FILE-053_SIZE,1.0
SSR-2_PART-1_FILE-054_SIZE,1.0
SSR-2_PART-1_FILE-055_SIZE,1.0
SSR-2_PART-1_FILE-056_SIZE,1.0
SSR-2_PART-1_FILE-057_SIZE,1.0
SSR-2_PART-1_FILE-058_SIZE,1.0
SSR-2_PART-1_FILE-059_SIZE,1.0
SSR-2_PART-1_FILE-060_SIZE,1.0
SSR-2_PART-1_FILE-061_SIZE,1.0
SSR-2_PART-1_FILE-062_SIZE,1.0
SSR-2_PART-1_FILE-063_SIZE,1.0
SSR-2_PART-1_FILE-064_SIZE,1.0
SSR-2_PART-1_FILE-065_SIZE,1.0
SSR-2_PART-1_FILE-066_SIZE,1.0
SSR-2_PART-1_FILE-067_SIZE,1.0
SSR-2_PART-1_FILE-068_SIZE,1.0
SSR-2_PART-1_FILE-069_SIZE,1.0
SSR-2_PART-1_FILE-070_SIZE,1.0
SSR-2_PART-1_FILE-071_SIZE,1.0
SSR-2_PART-1_FILE-072_SIZE,1.0
SSR-2_PART-1_FILE-073_SIZE,1.0
SSR-2_PART-1_FILE-074_SIZE,1.0
SSR-2_PART-1_FILE-075_SIZE,1.0
SSR-2_PART-1_FILE-076_SIZE,1.0
SSR-2_PART-1_FILE-077_SIZE,1.0
SSR-2_PART-1_FILE-078_SIZE,1.0
SSR-2_PART-1_FILE-079_SIZE,1.0
SSR-2_PART-1_FILE-080_SIZE,1.0
SSR-2_PART-1_FILE-081_SIZE,1.0
SSR-2_PART-1_FILE-082_SIZE,1.0
SSR-2_PART-1_FILE-083_SIZE,1.0
SSR-2_PART-1_FILE-084_SIZE,1.0
SSR-2_PART-1_FILE-085_SIZE,1.0
SSR-2_PART-1_FILE-086_SIZE,1.0
SSR-2_PART-1_FILE-087_SIZE,1.0
SSR-2_PART-1_FILE-088_SIZE,1.0
SSR-2_PART-1_FILE-089_SIZE,1.0
SSR-2_PART-1_FILE-090_SIZE,1.0
SSR-2_PART-1_FILE-091_SIZE,1.0
SSR-2_PART-1_FILE-092_SIZE,1.0
SSR-2_PART-1_FILE-093_SIZE,1.0
SSR-2_PART-1_FILE-094_SIZE,1.0
SSR-2_PART-1_FILE-095_SIZE,1.0
SSR-2_PART-1_FILE-096_SIZE,1.0
SSR-2_PART-1_FILE-097_SIZE,1.0
SSR-2_PART-1_FILE-098_SIZE,1.0
SSR-2_PART-1_FILE-099_SIZE,1.0
SSR-2_PART-1_FILE-100_SIZE,1.0
SSR-2_PART-1_FILE-101_SIZE,1.0
SSR-2_PART-1_FILE-102_SIZE,1.0
SSR-2_PART-1_FILE-103_SIZE,1.0
SSR-2_PART-1_FILE-104_SIZE,1.0
SSR-2_PART-1_FILE-105_SIZE,1.0
SSR-2_PART-1_FILE-106_SIZE,1.0
SSR-2_PART-1_FILE-107_SIZE,1.0
SSR-2_PART-1_FILE-108_SIZE,1.0
SSR-2_PART-1_FILE-109_SIZE,1.0
SSR-2_PART-1_FILE-110_SIZE,1.0
SSR-2_PART-1_FILE-111_SIZE,1.0
SSR-2_PART-1_FILE-112_SIZE,1.0
SSR-2_PART-1_FILE-113_SIZE,1.0
SSR-2_PART-1_FILE-114_SIZE,1.0
SSR-2_PART-1_FILE-115_SIZE,1.0
SSR-2_PART-1_FILE-116_SIZE,1.0
SSR-2_PART-1_FILE-117_SIZE,1.0
SSR-2_PART-1_FILE-118_SIZE,1.0
SSR-2_PART-1_FILE-119_SIZE,1.0
SSR-2_PART-1_FILE-120_SIZE,1.0
SSR-2_PART-1_FILE-121_SIZE,1.0
SSR-2_PART-1_FILE-122_SIZE,1.0
SSR-2_PART-1_FILE-123_SIZE,1.0
SSR-2_PART-1_FILE-124_SIZE,1.0
SSR-2_PART-1_FILE-125_SIZE,1.0
SSR-2_PART-1_FILE-126_SIZE,1.0
SSR-2_PART-1_FILE-127_SIZE,1.0
SSR-2_WORD-00,0.0
SSR-2_WORD-01,0.0
SSR-2_WORD-02,0.0
SSR-2_WORD-03,0.0
SSR-2_WORD-04,0.0002
SSR-2_WORD-05,0.0002
SSR-2_WORD-06,0.0002
SSR-2_WORD-07,0.0002
SSR-2_WORD-08,0.0002
SSR-2_WORD-09,0.0002
SSR-2_WORD-10,0.0002
SSR-2_WORD-11,0.0002
SSR-2_WORD-12,0.0002
SSR-2_WORD-13,0.0002
SSR-2_WORD-14,0.0002
SSR-2_WORD-15,0.0002
SSR-2_WORD-16,0.0004
SSR-2_WORD-17,0.0004
SSR-1_WORD-00_PG-00,0.0006
SSR-1_WORD-01_PG-00,0.0006
SSR-1_WORD-02_PG-00,0.0008
SSR-1_WORD-03_PG-00,0.0008
SSR-1_WORD-04_PG-00,0.0008
SSR-1_WORD-05_PG-00,0.0008
SSR-1_WORD-06_PG-00,0.0008
SSR-1_WORD-07_PG-00,0.0008
SSR-1_WORD-08_PG-00,0.0008
SSR-1_WORD-09_PG-00,0.0008
SSR-1_WORD-00_PG-01,1.0
SSR-1_WORD-01_PG-01,1.0
SSR-1_WORD-02_PG-01,1.0
SSR-1_WORD-03_PG-01,1.0
SSR-1_WORD-04_PG-01,1.0
SSR-1_WORD-05_PG-01,1.0
SSR-1_WORD-06_PG-01,1.0
SSR-1_WORD-07_PG-01,1.0
SSR-1_WORD-08_PG-01,1.0
SSR-1_WORD-09_PG-01,1.0
SSR-2_WORD-00_PG-00,0.0
SSR-2_WORD-01_PG-00,0.0
SSR-2_WORD-02_PG-00,0.0
SSR-2_WORD-03_PG-00,0.0
SSR-2_WORD-04_PG-00,0.0002
SSR-2_WORD-05_PG-00,0.0002
SSR-2_WORD-06_PG-00,0.0002
SSR-2_WORD-07_PG-00,0.0002
SSR-2_WORD-08_PG-00,0.0002
SSR-2_WORD-09_PG-00,0.0002
SSR-2_WORD-00_PG-01,1.0
SSR-2_WORD-01_PG-01,1.0
SSR-2_WORD-02_PG-01,1.0
SSR-2_WORD-03_PG-01,1.0
SSR-2_WORD-04_PG-01,1.0
SSR-2_WORD-05_PG-01,1.0
SSR-2_WORD-06_PG-01,1.0
SSR-2_WORD-07_PG-01,1.0
SSR-2_WORD-08_PG-01,1.0
SSR-2_WORD-09_PG-01,1.0
SSR-1_WORD-10_SSTM_PG-00,0.0
SSR-1_WORD-11_SSTM_PG-00,0.0
SSR-1_WORD-12_SSTM_PG-00,0.0
SSR-1_WORD-13_SSTM_PG-00,0.0
SSR-1_WORD-14_SSTM_PG-00,0.0
SSR-1_WORD-15_SSTM_PG-00,0.0
SSR-1_WORD-16_SSTM_PG-00,0.0
SSR-1_WORD-17_SSTM_PG-00,0.0
SSR-1_WORD-10_SSTM_PG-01,1.0
SSR-1_WORD-11_SSTM_PG-01,1.0
SSR-1_WORD-12_SSTM_PG-01,1.0
SSR-1_WORD-13_SSTM_PG-01,1.0
SSR-1_WORD-14_SSTM_PG-01,1.0
SSR-1_WORD-15_SSTM_PG-01,1.0
SSR-1_WORD-16_SSTM_PG-01,1.0
SSR-1_WORD-17_SSTM_PG-01,1.0
SSR-1_WORD-10_SSTM_PG-02,1.0
SSR-1_WORD-11_SSTM_PG-02,1.0
SSR-1_WORD-12_SSTM_PG-02,1.0
SSR-1_WORD-13_SSTM_PG-02,1.0
SSR-1_WORD-14_SSTM_PG-02,1.0
SSR-1_WORD-15_SSTM_PG-02,1.0
SSR-1_WORD-16_SSTM_PG-02,1.0
SSR-1_WORD-17_SSTM_PG-02,1.0
SSR-1_WORD-10_SSTM_PG-03,1.0
SSR-1_WORD-11_SSTM_PG-03,1.0
SSR-1_WORD-12_SSTM_PG-03,1.0
SSR-1_WORD-13_SSTM_PG-03,1.0
SSR-1_WORD-14_SSTM_PG-03,1.0
SSR-1_WORD-15_SSTM_PG-03,1.0
SSR-1_WORD-16_SSTM_PG-03,1.0
SSR-1_WORD-17_SSTM_PG-03,1.0
SSR-1_WORD-10_SSTM_PG-04,1.0
SSR-1_WORD-11_SSTM_PG-04,1.0
SSR-1_WORD-12_SSTM_PG-04,1.0
SSR-1_WORD-13_SSTM_PG-04,1.0
SSR-1_WORD-14_SSTM_PG-04,1.0
SSR-1_WORD-15_SSTM_PG-04,1.0
SSR-1_WORD-16_SSTM_PG-04,1.0
SSR-1_WORD-17_SSTM_PG-04,1.0
SSR-1_WORD-10_SSTM_PG-05,1.0
SSR-1_WORD-11_SSTM_PG-05,1.0
SSR-1_WORD-12_SSTM_PG-05,1.0
SSR-1_WORD-13_SSTM_PG-05,1.0
SSR-1_WORD-14_SSTM_PG-05,1.0
SSR-1_WORD-15_SSTM_PG-05,1.0
SSR-1_WORD-16_SSTM_PG-05,1.0
SSR-1_WORD-17_SSTM_PG-05,1.0
SSR-1_WORD-10_SSTM_PG-06,1.0
SSR-1_WORD-11_SSTM_PG-06,1.0
SSR-1_WORD-12_SSTM_PG-06,1.0
SSR-1_WORD-13_SSTM_PG-06,1.0
SSR-1_WORD-14_SSTM_PG-06,1.0
SSR-1_WORD-15_SSTM_PG-06,1.0
SSR-1_WORD-16_SSTM_PG-06,1.0
SSR-1_WORD-17_SSTM_PG-06,1.0
SSR-1_WORD-10_SSTM_PG-10,1.0
SSR-1_WORD-11_SSTM_PG-10,1.0
SSR-1_WORD-12_SSTM_PG-10,1.0
SSR-1_WORD-13_SSTM_PG-10,1.0
SSR-1_WORD-14_SSTM_PG-10,1.0
SSR-1_WORD-15_SSTM_PG-10,1.0
SSR-1_WORD-16_SSTM_PG-10,1.0
SSR-1_WORD-17_SSTM_PG-10,1.0
SSR-1_WORD-10_SSTM_PG-11,1.0
SSR-1_WORD-11_SSTM_PG-11,1.0
SSR-1_WORD-12_SSTM_PG-11,1.0
SSR-1_WORD-13_SSTM_PG-11,1.0
SSR-1_WORD-14_SSTM_PG-11,1.0
SSR-1_WORD-15_SSTM_PG-11,1.0
SSR-1_WORD-16_SSTM_PG-11,1.0
SSR-1_WORD-17_SSTM_PG-11,1.0
SSR-1_WORD-10_SSTM_PG-12,1.0
SSR-1_WORD-11_SSTM_PG-12,1.0
SSR-1_WORD-12_SSTM_PG-12,1.0
SSR-1_WORD-13_SSTM_PG-12,1.0
SSR-1_WORD-14_SSTM_PG-12,1.0
SSR-1_WORD-15_SSTM_PG-12,1.0
SSR-1_WORD-16_SSTM_PG-12,1.0
SSR-1_WORD-17_SSTM_PG-12,1.0
SSR-1_WORD-10_SSTM_PG-13,1.0
SSR-1_WORD-11_SSTM_PG-13,1.0
SSR-1_WORD-12_SSTM_PG-13,1.0
SSR-1_WORD-13_SSTM_PG-13,1.0
SSR-1_WORD-14_SSTM_PG-13,1.0
SSR-1_WORD-15_SSTM_PG-13,1.0
SSR-1_WORD-16_SSTM_PG-13,1.0
SSR-1_WORD-17_SSTM_PG-13,1.0
SSR-1_WORD-10_SSTM_PG-14,1.0
SSR-1_WORD-11_SSTM_PG-14,1.0
SSR-1_WORD-12_SSTM_PG-14,1.0
SSR-1_WORD-13_SSTM_PG-14,1.0
SSR-1_WORD-14_SSTM_PG-14,1.0
SSR-1_WORD-15_SSTM_PG-14,1.0
SSR-1_WORD-16_SSTM_PG-14,1.0
SSR-1_WORD-17_SSTM_PG-14,1.0
SSR-1_WORD-10_SSTM_PG-15,1.0
SSR-1_WORD-11_SSTM_PG-15,1.0
SSR-1_WORD-12_SSTM_PG-15,1.0
SSR-1_WORD-13_SSTM_PG-15,1.0
SSR-1_WORD-14_SSTM_PG-15,1.0
SSR-1_WORD-15_SSTM_PG-15,1.0
SSR-1_WORD-16_SSTM_PG-15,1.0
SSR-1_WORD-17_SSTM_PG-15,1.0
SSR-2_WORD-10_SSTM_PG-00,0.0002
SSR-2_WORD-11_SSTM_PG-00,0.0002
SSR-2_WORD-12_SSTM_PG-00,0.0002
SSR-2_WORD-13_SSTM_PG-00,0.0002
SSR-2_WORD-14_SSTM_PG-00,0.0002
SSR-2_WORD-15_SSTM_PG-00,0.0002
SSR-2_WORD-16_SSTM_PG-00,0.0004
SSR-2_WORD-17_SSTM_PG-00,0.0004
SSR-2_WORD-10_SSTM_PG-01,1.0
SSR-2_WORD-11_SSTM_PG-01,1.0
SSR-2_WORD-12_SSTM_PG-01,1.0
SSR-2_WORD-13_SSTM_PG-01,1.0
SSR-2_WORD-14_SSTM_PG-01,1.0
SSR-2_WORD-15_SSTM_PG-01,1.0
SSR-2_WORD-16_SSTM_PG-01,1.0
SSR-2_WORD-17_SSTM_PG-01,1.0
SSR-2_WORD-10_SSTM_PG-02,1.0
SSR-2_WORD-11_SSTM_PG-02,1.0
SSR-2_WORD-12_SSTM_PG-02,1.0
SSR-2_WORD-13_SSTM_PG-02,1.0
SSR-2_WORD-14_SSTM_PG-02,1.0
SSR-2_WORD-15_SSTM_PG-02,1.0
SSR-2_WORD-16_SSTM_PG-02,1.0
SSR-2_WORD-17_SSTM_PG-02,1.0
SSR-2_WORD-10_SSTM_PG-03,1.0
SSR-2_WORD-11_SSTM_PG-03,1.0
SSR-2_WORD-12_SSTM_PG-03,1.0
SSR-2_WORD-13_SSTM_PG-03,1.0
SSR-2_WORD-14_SSTM_PG-03,1.0
SSR-2_WORD-15_SSTM_PG-03,1.0
SSR-2_WORD-16_SSTM_PG-03,1.0
SSR-2_WORD-17_SSTM_PG-03,1.0
SSR-2_WORD-10_SSTM_PG-04,1.0
SSR-2_WORD-11_SSTM_PG-04,1.0
SSR-2_WORD-12_SSTM_PG-04,1.0
SSR-2_WORD-13_SSTM_PG-04,1.0
SSR-2_WORD-14_SSTM_PG-04,1.0
SSR-2_WORD-15_SSTM_PG-04,1.0
SSR-2_WORD-16_SSTM_PG-04,1.0
SSR-2_WORD-17_SSTM_PG-04,1.0
SSR-2_WORD-10_SSTM_PG-05,1.0
SSR-2_WORD-11_SSTM_PG-05,1.0
SSR-2_WORD-12_SSTM_PG-05,1.0
SSR-2_WORD-13_SSTM_PG-05,1.0
SSR-2_WORD-14_SSTM_PG-05,1.0
SSR-2_WORD-15_SSTM_PG-05,1.0
SSR-2_WORD-16_SSTM_PG-05,1.0
SSR-2_WORD-17_SSTM_PG-05,1.0
SSR-2_WORD-10_SSTM_PG-06,1.0
SSR-2_WORD-11_SSTM_PG-06,1.0
SSR-2_WORD-12_SSTM_PG-06,1.0
SSR-2_WORD-13_SSTM_PG-06,1.0
SSR-2_WORD-14_SSTM_PG-06,1.0
SSR-2_WORD-15_SSTM_PG-06,1.0
SSR-2_WORD-16_SSTM_PG-06,1.0
SSR-2_WORD-17_SSTM_PG-06,1.0
SSR-2_WORD-10_SSTM_PG-10,1.0
SSR-2_WORD-11_SSTM_PG-10,1.0
SSR-2_WORD-12_SSTM_PG-10,1.0
SSR-2_WORD-13_SSTM_PG-10,1.0
SSR-2_WORD-14_SSTM_PG-10,1.0
SSR-2_WORD-15_SSTM_PG-10,1.0
SSR-2_WORD-16_SSTM_PG-10,1.0
SSR-2_WORD-17_SSTM_PG-10,1.0
SSR-2_WORD-10_SSTM_PG-11,1.0
SSR-2_WORD-11_SSTM_PG-11,1.0
SSR-2_WORD-12_SSTM_PG-11,1.0
SSR-2_WORD-13_SSTM_PG-11,1.0
SSR-2_WORD-14_SSTM_PG-11,1.0
SSR-2_WORD-15_SSTM_PG-11,1.0
SSR-2_WORD-16_SSTM_PG-11,1.0
SSR-2_WORD-17_SSTM_PG-11,1.0
SSR-2_WORD-10_SSTM_PG-12,1.0
SSR-2_WORD-11_SSTM_PG-12,1.0
SSR-2_WORD-12_SSTM_PG-12,1.0
SSR-2_WORD-13_SSTM_PG-12,1.0
SSR-2_WORD-14_SSTM_PG-12,1.0
SSR-2_WORD-15_SSTM_PG-12,1.0
SSR-2_WORD-16_SSTM_PG-12,1.0
SSR-2_WORD-17_SSTM_PG-12,1.0
SSR-2_WORD-10_SSTM_PG-13,1.0
SSR-2_WORD-11_SSTM_PG-13,1.0
SSR-2_WORD-12_SSTM_PG-13,1.0
SSR-2_WORD-13_SSTM_PG-13,1.0
SSR-2_WORD-14_SSTM_PG-13,1.0
SSR-2_WORD-15_SSTM_PG-13,1.0
SSR-2_WORD-16_SSTM_PG-13,1.0
SSR-2_WORD-17_SSTM_PG-13,1.0
SSR-2_WORD-10_SSTM_PG-14,1.0
SSR-2_WORD-11_SSTM_PG-14,1.0
SSR-2_WORD-12_SSTM_PG-14,1.0
SSR-2_WORD-13_SSTM_PG-14,1.0
SSR-2_WORD-14_SSTM_PG-14,1.0
SSR-2_WORD-15_SSTM_PG-14,1.0
SSR-2_WORD-16_SSTM_PG-14,1.0
SSR-2_WORD-17_SSTM_PG-14,1.0
SSR-2_WORD-10_SSTM_PG-15,1.0
SSR-2_WORD-11_SSTM_PG-15,1.0
SSR-2_WORD-12_SSTM_PG-15,1.0
SSR-2_WORD-13_SSTM_PG-15,1.0
SSR-2_WORD-14_SSTM_PG-15,1.0
SSR-2_WORD-15_SSTM_PG-15,1.0
SSR-2_WORD-16_SSTM_PG-15,1.0
SSR-2_WORD-17_SSTM_PG-15,1.0
FDIR_RESULT_BUS-1_REDT,0.005
FDIR_RESULT_BUS-1_MAIN,0.005
FDIR_RESULT_BUS-2_REDT,0.005
FDIR_RESULT_BUS-2_MAIN,0.005
FDIR_RESULT_BUS-3_REDT,0.005
FDIR_RESULT_BUS-3_MAIN,0.005
FDIR_RESULT_BUS-4_REDT,0.005
FDIR_RESULT_BUS-4_MAIN,0.005
FDIR_RESULT_BUS-5_REDT,0.0052
FDIR_RESULT_BUS-5_MAIN,0.0052
OCM_EOM-3_PLC_H28-M_STS,1.0
OCM_MOTOR_PLC_H18-M_STS,1.0
OCM_FECE_ROW-5_PLC_H17-M_STS,1.0
OCM_TH_COV-8_PLC_H16-M_STS,1.0
OCM_TH_COV-7_PLC_H15-M_STS,1.0
OCM_FECE_ROW-3_PLC_H14-M_STS,1.0
OCM_CCD-11-12-13_PLC_H13-M_STS,1.0
OCM_TH_COV-6_PLC_H12-M_STS,1.0
OCM_FECE_ROW-2&4_PLC_H11-M_STS,1.0
OCM_FECE_ROW-1_PLC_H10-M_STS,1.0
OCM_CCD-9-10_PLC_H9-M_STS,1.0
OCM_TH_COV-2_PLC_H8-M_STS,1.0
OCM_EOM-2_PLC_H7-M_STS,1.0
OCM_EOM-1_PLC_H6-M_STS,1.0
OCM_CCD-6-7-8_PLC_H5-M_STS,1.0
OCM_TH_COV-4_PLC_H4-M_STS,1.0
OCM_TH_COV-1_PLC_H3-M_STS,1.0
OCM_CCD-4-5_PLC_H2-M_STS,1.0
OCM_CCD-1-2-3_PLC_H1-M_STS,1.0
OCM_EOM-3_PLC_H28-R_STS,1.0
OCM_MOTOR_PLC_H18-R_STS,1.0
OCM_FECE_ROW-5_PLC_H17-R_STS,1.0
OCM_TH_COV-8_PLC_H16-R_STS,1.0
OCM_TH_COV-7_PLC_H15-R_STS,1.0
OCM_FECE_ROW-3_PLC_H14-R_STS,1.0
OCM_CCD-11-12-13_PLC_H13-R_STS,1.0
OCM_TH_COV-6_PLC_H12-R_STS,1.0
OCM_FECE_ROW-2&4_PLC_H11-R_STS,1.0
OCM_FECE_ROW-1_PLC_H10-R_STS,1.0
OCM_CCD-9-10_PLC_H9-R_STS,1.0
OCM_TH_COV-2_PLC_H8-R_STS,1.0
OCM_EOM-2_PLC_H7-R_STS,1.0
OCM_EOM-1_PLC_H6-R_STS,1.0
OCM_CCD-6-7-8_PLC_H5-R_STS,1.0
OCM_TH_COV-4_PLC_H4-R_STS,1.0
OCM_TH_COV-1_PLC_H3-R_STS,1.0
OCM_CCD-4-5_PLC_H2-R_STS,1.0
OCM_CCD-1-2-3_PLC_H1-R_STS,1.0
GRC-RAW_BUS-1-DTM,1.0
GRC-RAW_BUS-2-DTM,1.0
GRC-RAW_BUS-3-DTM,1.0
GRC-RAW_BUS-4-DTM,1.0
OCM_OPS-01_SEL-DESEL_STS,1.0
OCM_OPS-02_SEL-DESEL_STS,1.0
OCM_OPS-03_SEL-DESEL_STS,1.0
OCM_OPS-04_SEL-DESEL_STS,1.0
OCM_OPS-05_SEL-DESEL_STS,1.0
OCM_OPS-06_SEL-DESEL_STS,1.0
OCM_OPS-07_SEL-DESEL_STS,1.0
OCM_OPS-08_SEL-DESEL_STS,1.0
OCM_OPS-09_SEL-DESEL_STS,1.0
OCM_OPS-10_SEL-DESEL_STS,1.0
OCM_OPS-11_SEL-DESEL_STS,1.0
OCM_OPS-12_SEL-DESEL_STS,1.0
OCM_OPS-13_SEL-DESEL_STS,1.0
OCM_DCPS-01_SEL-DESEL_STS,1.0
OCM_DCPS-02_SEL-DESEL_STS,1.0
OCM_DCPS-03_SEL-DESEL_STS,1.0
OCM_DCPS-04_SEL-DESEL_STS,1.0
OCM_OPS-01_ON-OFF_STS,1.0
OCM_OPS-02_ON-OFF_STS,1.0
OCM_OPS-03_ON-OFF_STS,1.0
OCM_OPS-04_ON-OFF_STS,1.0
OCM_OPS-05_ON-OFF_STS,1.0
OCM_OPS-06_ON-OFF_STS,1.0
OCM_OPS-07_ON-OFF_STS,1.0
OCM_OPS-08_ON-OFF_STS,1.0
OCM_OPS-09_ON-OFF_STS,1.0
OCM_OPS-10_ON-OFF_STS,1.0
OCM_OPS-11_ON-OFF_STS,1.0
OCM_OPS-12_ON-OFF_STS,1.0
OCM_OPS-13_ON-OFF_STS,1.0
OCM_DCPS-01_ON-OFF_STS,1.0
OCM_DCPS-02_ON-OFF_STS,1.0
OCM_DCPS-03_ON-OFF_STS,1.0
OCM_DCPS-04_ON-OFF_STS,1.0
DTM1_MSB_TO_DTM16_LSB,0.0008
DTM17_MSB_TO_DTM32_LSB,0.0008
DTM33_MSB_TO_DTM48_LSB,0.0008
DTM49_MSB_TO_DTM64_LSB,0.0008
DTM65_MSB_TO_DTM80_LSB,0.001
PLC_REDT_FDI_BUS-0_NODE-A,1.0
PLC_REDT_FDI_BUS-0_NODE-9,1.0
PLC_REDT_FDI_BUS-0_NODE-1,1.0
PLC_REDT_FDI_BUS-0_NODE-2,1.0
PLC_REDT_FDI_BUS-0_NODE-5,1.0
PLC_REDT_FDI_BUS-0_NODE-6,1.0
PLC_MAIN_FDI_BUS-0_NODE-A,1.0
PLC_MAIN_FDI_BUS-0_NODE-9,1.0
PLC_MAIN_FDI_BUS-0_NODE-1,1.0
PLC_MAIN_FDI_BUS-0_NODE-2,1.0
PLC_MAIN_FDI_BUS-0_NODE-5,1.0
PLC_MAIN_FDI_BUS-0_NODE-6,1.0
PLC_PRESENT_STS,1.0
PLC_FDIR_LOGIC_STS,1.0
PLC_WDT_STS,1.0
PLC_SEL,1.0
PLC_HEART_BIT_CNTR,0.0026
PLC_INVALID_CMD_CNTR,0.0028
PLC_VALID_CMD_CNTR,0.0028
PLC_PROG_CHKSUM,0.0028
PLC_SPS_SYNC_STS,0.0028
PLC_SPS_SYNC_TIME_MSB,0.0028
PLC_SPS_SYNC_TIME_LSB,0.0028
PLC_BUS-5_M/R_FLG,1.0
PLC_BUS-4_M/R_FLG,1.0
PLC_BUS-3_M/R_FLG,1.0
PLC_BUS-2_M/R_FLG,1.0
PLC_BUS-1_M/R_FLG,1.0
PLC_BUS-0_M/R_FLG,1.0
PLC_BUS-0_REDT_STS,1.0
PLC_BUS-1_REDT_STS,1.0
PLC_BUS-2_REDT_STS,1.0
PLC_BUS-3_REDT_STS,1.0
PLC_BUS-4_REDT_STS,1.0
PLC_BUS-5_REDT_STS,1.0
PLC_BUS-0_MAIN_STS,1.0
PLC_BUS-1_MAIN_STS,1.0
PLC_BUS-2_MAIN_STS,1.0
PLC_BUS-3_MAIN_STS,1.0
PLC_BUS-4_MAIN_STS,1.0
PLC_BUS-5_MAIN_STS,1.0
S/C_POS-X_ORB_MODEL,0.0014
S/C_POS-Y_ORB_MODEL,0.0016
S/C_POS-Z_ORB_MODEL,0.0016
S/C_VEL-X_ORB_MODEL,0.0018
S/C_VEL-Y_ORB_MODEL,0.0018
S/C_VEL-Z_ORB_MODEL,0.002
S/C_POS-X_SPS_GOODS_BP,0.0062
S/C_POS-Y_SPS_GOODS_BP,0.0
S/C_POS-Z_SPS_GOODS_BP,0.0002
S/C_VEL-X_SPS_GOODS_BP,0.0004
S/C_VEL-Y_SPS_GOODS_BP,0.0006
S/C_VEL-Z_SPS_GOODS_BP,0.0008
TIME_TAG_FOR_POS_VEL,1.0
AOL_IN_DEG,0.002
AOR_STEP,0.0014
EST_SV_CNTR,0.0012
GOODS_UPDT_TO_BP_CNTR,0.0012
SPS_POS_DIFF_SQ_LIM,0.0022
LAST_BP_VECTOR_PASS_NO,0.006
LAST_BP_VECTOR_FAIL_NO,0.006
ORB_PARA_UPDT_FLAG,0.0004
ORB_PARA_VALIDATE,1.0
ORB_PARA_VALIDATE_STS,1.0
BP-TC_SV_UPLNK-1_UPDT_STS,1.0
BP-TC_SV_UPLNK-2_UPDT_STS,1.0
BP-TC_SV_UPLNK-3_UPDT_STS,1.0
BP-TC_SV_UPLNK-4_UPDT_STS,1.0
BP-TC_SV_UPLNK-5_UPDT_STS,1.0
BP-TC_SV_UPLNK-6_UPDT_STS,1.0
BP-TC_SV_UPLNK-7_UPDT_STS,1.0
BP-TC_SV_UPLNK-8_UPDT_STS,1.0
BP-TC_SV_UPLNK-9_UPDT_STS,1.0
BP-TC_SV_UPLNK-10_UPDT_STS,1.0
BP-TC_SV_UPLNK-11_UPDT_STS,1.0
BP-TC_SV_UPLNK-12_UPDT_STS,1.0
BP-TC_SV_UPLNK-13_UPDT_STS,1.0
BP-TC_SV_UPLNK-14_UPDT_STS,1.0
BP-TC_SV_UPLNK-15_UPDT_STS,1.0
BP-TC_SV_UPLNK-16_UPDT_STS,1.0
BP-TC_SV_UPLNK-17_UPDT_STS,1.0
BP-TC_SV_UPLNK-18_UPDT_STS,1.0
BP-TC_SV_UPLNK-19_UPDT_STS,1.0
BP-TC_SV_UPLNK-20_UPDT_STS,1.0
BP-TC_SV_UPLNK-21_UPDT_STS,1.0
BP-TC_SV_UPLNK-22_UPDT_STS,1.0
BP-TC_SV_UPLNK-23_UPDT_STS,1.0
BP-TC_SV_UPLNK-24_UPDT_STS,1.0
BP-TC_SV_UPLNK-25_UPDT_STS,1.0
BP-TC_SV_UPLNK-26_UPDT_STS,1.0
BP-TC_SV_UPLNK-27_UPDT_STS,1.0
BP-TC_SV_UPLNK-28_UPDT_STS,1.0
BP-TC_SV_UPLNK-29_UPDT_STS,1.0
BP-TC_SV_UPLNK-30_UPDT_STS,1.0
BP-TC_SV_UPLNK-31_UPDT_STS,1.0
BP-TC_SV_UPLNK-32_UPDT_STS,1.0
ODP_SV_CNTR,0.0012
EST_SV_CNTR_NS,0.0058
GOODS_UPDT_TO_BP_CNTR_NS,0.0058
BP-TC_SV_UPLNK-1_UPDT_STS_NS,1.0
BP-TC_SV_UPLNK-2_UPDT_STS_NS,1.0
BP-TC_SV_UPLNK-3_UPDT_STS_NS,1.0
BP-TC_SV_UPLNK-4_UPDT_STS_NS,1.0
BP-TC_SV_UPLNK-5_UPDT_STS_NS,1.0
BP-TC_SV_UPLNK-6_UPDT_STS_NS,1.0
BP-TC_SV_UPLNK-7_UPDT_STS_NS,1.0
BP-TC_SV_UPLNK-8_UPDT_STS_NS,1.0
BP-TC_SV_UPLNK-9_UPDT_STS_NS,1.0
BP-TC_SV_UPLNK-10_UPDT_STS_NS,1.0
BP-TC_SV_UPLNK-11_UPDT_STS_NS,1.0
BP-TC_SV_UPLNK-12_UPDT_STS_NS,1.0
BP-TC_SV_UPLNK-13_UPDT_STS_NS,1.0
BP-TC_SV_UPLNK-14_UPDT_STS_NS,1.0
BP-TC_SV_UPLNK-15_UPDT_STS_NS,1.0
BP-TC_SV_UPLNK-16_UPDT_STS_NS,1.0
BP-TC_SV_UPLNK-17_UPDT_STS_NS,1.0
BP-TC_SV_UPLNK-18_UPDT_STS_NS,1.0
BP-TC_SV_UPLNK-19_UPDT_STS_NS,1.0
BP-TC_SV_UPLNK-20_UPDT_STS_NS,1.0
BP-TC_SV_UPLNK-21_UPDT_STS_NS,1.0
BP-TC_SV_UPLNK-22_UPDT_STS_NS,1.0
BP-TC_SV_UPLNK-23_UPDT_STS_NS,1.0
BP-TC_SV_UPLNK-24_UPDT_STS_NS,1.0
BP-TC_SV_UPLNK-25_UPDT_STS_NS,1.0
BP-TC_SV_UPLNK-26_UPDT_STS_NS,1.0
BP-TC_SV_UPLNK-27_UPDT_STS_NS,1.0
BP-TC_SV_UPLNK-28_UPDT_STS_NS,1.0
BP-TC_SV_UPLNK-29_UPDT_STS_NS,1.0
BP-TC_SV_UPLNK-30_UPDT_STS_NS,1.0
BP-TC_SV_UPLNK-31_UPDT_STS_NS,1.0
BP-TC_SV_UPLNK-32_UPDT_STS_NS,1.0
DOM_REG-1_CUR_SEL_RT,0.0004
DOM_REG-1_VOL_SEL_RT,0.0004
DOM_REG-1_OVP_STS_SEL_RT,1.0
DOM_REG-1_STS_SEL_RT,1.0
DOM_REG-2_CUR_SEL_RT,0.0062
DOM_REG-2_VOL_SEL_RT,0.0062
DOM_REG-2_OVP_STS_SEL_RT,1.0
DOM_REG-2_STS_SEL_RT,1.0
PWR_FPGA-M_HEALTH_BIT-1,1.0
PWR_FPGA-M_HEALTH_BIT-2,1.0
PWR_FPGA-M_HEALTH_BIT-3,1.0
BAT_RAW_CUR-M,0.003
BVM_COARSE-M,0.0006
LOAD_RAW_CUR,0.0006
PWR_FPGA-R_HEALTH_BIT-1,1.0
PWR_FPGA-R_HEALTH_BIT-2,1.0
PWR_FPGA-R_HEALTH_BIT-3,1.0
BAT_RAW_CUR-R,0.003
BVM_COARSE-R,0.0006
MTS_TSU_EPC_PWR_STS,1.0
MTS_HSU_EPC_PWR_STS,1.0
MTS_MDE_HSU_PWR_STS,1.0
MTS_MDE_TSU_PWR_STS,1.0
SCAT_TWTA-R_SEL_STS,1.0
SCAT_TWTA-M_SEL_STS,1.0
SCAT_IDS_FG_RX_FESA-M_SEL_STS,1.0
SCAT_IDS_FG_RX_FESA-R_SEL_STS,1.0
S-TX-1_PRESEL_SW_STS,1.0
S-TX-2_PRESEL_SW_STS,1.0
STRING-01_STS_SEL_RT,1.0
STRING-02_STS_SEL_RT,1.0
STRING-03_STS_SEL_RT,1.0
STRING-04_STS_SEL_RT,1.0
STRING-05_STS_SEL_RT,1.0
STRING-06_STS_SEL_RT,1.0
STRING-07_STS_SEL_RT,1.0
STRING-08_STS_SEL_RT,1.0
STRING-09_STS_SEL_RT,1.0
STRING-10_STS_SEL_RT,1.0
STRING-11_STS_SEL_RT,1.0
STRING-12_STS_SEL_RT,1.0
STRING-13_STS_SEL_RT,1.0
STRING-14_STS_SEL_RT,1.0
STRING-15_STS_SEL_RT,1.0
STRING-16_STS_SEL_RT,1.0
STRING-17_STS_SEL_RT,1.0
STRING-18_STS_SEL_RT,1.0
STRING-19_STS_SEL_RT,1.0
STRING-20_STS_SEL_RT,1.0
STRING-21_STS_SEL_RT,1.0
STRING-22_STS_SEL_RT,1.0
STRING-23_STS_SEL_RT,1.0
STRING-24_STS_SEL_RT,1.0
STRING-25_STS_SEL_RT,1.0
STRING-26_STS_SEL_RT,1.0
STRING-27_STS_SEL_RT,1.0
STRING-28_STS_SEL_RT,1.0
BAT_DIS_CUR_HR_SEL_RT,0.0002
BAT_DIS_CUR_LR_SEL_RT,0.0002
BAT_CUR_RAW_SEL_RT,0.0004
BUS_LOAD_CUR_HR_SEL_RT,0.0004
BUS_LOAD_CUR_LR_SEL_RT,0.0004
BAT_CHRG_CUR_TCR_SEL_RT,0.0014
BUS_VOL_SEL_RT,0.0014
BAT_VOL_TCR_SEL_RT,0.0002
SAGS_CUR_HR_SEL_RT,0.0012
SAGS_CUR_LR_SEL_RT,0.0012
BAT_VOL_COARSE_SEL_RT,0.0006
BAT_VOL_FINE_SEL_RT,0.0006
SOLAR_CELL_ISC_SEL_RT,0.0048
SOLAR_CELL_VOC_SEL_RT,0.0048
CAL_POS_VOL_SEL_RT,0.0058
CAL_NEG_VOL_SEL_RT,0.0058
TCR_SELECTED_SEL_RT,1.0
PWR_RT_SEL_FOR_TM_SEL_RT,1.0
TCR_MODE_SEL_RT,1.0
TCR_V_REF_SEL_RT,0.0058
TCR_I_REF_SEL_RT,0.0058
PWR_FPGA_LAST_CMD_EXE_SEL_RT,0.0058
PWR_FPGA_CMD_CNTR_SEL_RT,0.0058
C_ERROR_SEL_RT,0.0024
N_ERROR_SEL_RT,0.0024
STRING_CUR_SEL_RT,0.0028
CV_HYST_SET_SEL_RT,0.0028
BAT_CHRG_ZERO_CUR_SEL_RT,0.003
PWR_ALT_FPGA_SEL_PWR_RT_SEL_RT,1.0
ALT_FPGA_TCR_MODE_SEL_RT,1.0
ALT_FPGA_TCR_V_REF_SEL_RT,0.003
ALT_FPGA_TCR_I_REF_SEL_RT,0.003
ALT_FPGA_STRING_CUR_SEL_RT,0.0032
ALT_FPGA_CV_HYST_SET_SEL_RT,0.0032
PWR_ALT_FPGA_CMD_CNTR_SEL_RT,0.0018
PWRALT_FPGA_LAST_CMD_EXE_SELRT,0.0018
BAT_VOL_TCR_NSEL_RT,0.006
SAGS_CUR_HR_NSEL_RT,0.006
SAGS_CUR_LR_NSEL_RT,0.006
TCR_MODE_NSEL_RT,1.0
PWR_RT_FOR_TM_NSEL,1.0
BAT_DIS_CUR_HR_NSEL_RT,0.0042
BAT_DIS_CUR_LR_NSEL_RT,0.0042
BAT_CUR_RAW_NSEL_RT,0.0048
BUS_LOAD_CUR_HR_NSEL_RT,0.005
BUS_LOAD_CUR_LR_NSEL_RT,0.005
BAT_CHRG_CUR_TCR_NSEL_RT,0.0058
BUS_VOL_NSEL_RT,0.0058
PRES_TRANS-1_O/P,0.0044
PRES_TRANS-2_O/P,0.005
FUEL_BALANCE,0.0
TTC_TX_STS_TC,0.0018
TTC_TX-1_LOCK_STS,0.0046
TTC_TX-1_POS_8V,0.0046
TTC_TX-1_POS_15V_STS,1.0
TTC_RX-1_AGC,0.0002
RX-1_DCDC_STS,0.0014
RX-1_SUB_CAR_LOCK_STS,1.0
TTC_RX-1_I/F_CARD_ON_OFF_STS,0.0
TTC_RX-1_ACQ_LOCK_STS,1.0
TTC_RX-1_CAR_LOCK_STS,1.0
TTC_I/F-1_LVDM_TM-1_SEL,0.0
TTC_I/F-1_LVDM_TM-2_SEL,0.002
TTC_I/F-1_LVDM_STS,1.0
TTC_RX-1_LO_LOCK_STS,0.0004
TTC_TX-1_PRE-SEL_SW_STS,1.0
TTC_RX-1_AGC_CTM-1,0.0002
TTC_TX-2_LOCK_STS,0.0058
TTC_TX-2_POS_8V,0.0048
TTC_TX-2_POS_15V_STS,1.0
TTC_RX-2_AGC,0.0002
RX-2_DCDC_STS,0.002
RX-2_SUB_CAR_LOCK_STS,1.0
TTC_RX-2_I/F_CARD_ON_OFF_STS,0.0014
TTC_RX-2_ACQ_LOCK_STS,1.0
TTC_RX-2_CAR_LOCK_STS,1.0
TTC_I/F-2_LVDM_TM-1_SEL,0.0
TTC_I/F-2_LVDM_TM-2_SEL,0.0002
TTC_I/F-2_LVDM_STS,1.0
TTC_RX-2_LO_LOCK_STS,0.0046
TTC_TX-2_PRE-SEL_SW_STS,1.0
TTC_RX-2_AGC_CTM-1,0.0002
XSW-02_SW_POS,1.0
XPA-M_DCDC-1_STS,1.0
XPA-M_DCDC-2_STS,1.0
XPA-R_DCDC-1_STS,1.0
XPA-R_DCDC-2_STS,1.0
XPA-M_DCDC-3_STS,1.0
XPA-M_DCDC-4_STS,1.0
XPA-R_DCDC-3_STS,1.0
XPA-R_DCDC-4_STS,1.0
XPA-M_RLY-1_STS,1.0
XPA-M_RLY-2_STS,1.0
XPA-M_RLY-3_STS,1.0
XPA-M_RLY-4_STS,1.0
XPA-R_RLY-1_STS,1.0
XPA-R_RLY-2_STS,1.0
XPA-R_RLY-3_STS,1.0
XPA-R_RLY-4_STS,1.0
XBS_M_PRESEL_STS,1.0
XBS_R_PRESEL_STS,1.0
PLD_TX-1_LOCK_STS,1.0
PLD_TX-1_STS,1.0
PLD_TX-2_LOCK_STS,1.0
PLD_TX-2_STS,1.0
RW-1_PWR_STS,1.0
RW-1_RBUS_MON,0.0062
RW-1_CUR,0.0006
RW-1_ROTN_DIR,1.0
RW-1_DFC_STS_RW,1.0
RW-1_EST_FRIC,0.0002
WDE-1_15V_MON,0.0062
RW-1_BEARING_HTR_STS,1.0
RW-1_CMDD_TCS,0.0006
RW-1_DC-DC_TEMP,0.0062
RW-1_BRDGE_SUPPLY_MON,0.0062
RW-1_CUR_CNTRL_O/P,0.0002
WDE-1_3.3V_MON,0.0002
WDE-1_TEMP,0.0002
WDE-1_CASING_TEMP,0.0062
WDE-1_BEARING_TEMP,0.0
RW-1_TORQ_OFFSET_STS,1.0
WDE-1_BST-1_OCP_LATCH,1.0
WDE-1_BST-2_OCP_LATCH,1.0
WDE-1_BST_OVP_LATCH,1.0
WDE-1_BRNG_HTR_STS,1.0
WDE-1_WHL_ROT_DIR,1.0
WDE-1_TORQ_POL,1.0
WDE-1_BST-1_OCP_STS,1.0
WDE-1_BST-2_OCP_STS,1.0
WDE-1_BST_OVP_STS,1.0
WDE-1_OVR_SPD-1_STS,1.0
WDE-1_OVR_SPD-2_STS,1.0
WDE-1_DFC_EFECTV_STS,1.0
WDE-1_PROM_DATA_USED,1.0
WDE-1_DFC_STS,1.0
WDE-1_RAM_ERR_CORCTD_LATCH,1.0
WDE-1_RAM_ERR_LATCH,1.0
WDE-1_HEALTH_WORD,0.0002
WDE-1_STS_WORD,0.0002
RW-1_SPD_TM,0.0002
WDE-1_TCS_FILTER_STS,1.0
RW-2_PWR_STS,1.0
RW-2_RBUS_MON,0.0002
RW-2_CUR,0.0
RW-2_ROTN_DIR,1.0
RW-2_DFC_STS_RW,1.0
RW-2_EST_FRIC,0.0002
WDE-2_15V_MON,0.0002
RW-2_BEARING_HTR_STS,1.0
RW-2_CMDD_TCS,0.0006
RW-2_DC-DC_TEMP,0.0002
RW-2_BRDGE_SUPPLY_MON,0.0004
RW-2_CUR_CNTRL_O/P,0.0006
WDE-2_3.3V_MON,0.0006
WDE-2_TEMP,0.0006
WDE-2_CASING_TEMP,0.0004
WDE-2_BEARING_TEMP,0.0004
RW-2_TORQ_OFFSET_STS,1.0
WDE-2_BST-1_OCP_LATCH,1.0
WDE-2_BST-2_OCP_LATCH,1.0
WDE-2_BST_OVP_LATCH,1.0
WDE-2_BRNG_HTR_STS,1.0
WDE-2_WHL_ROT_DIR,1.0
WDE-2_TORQ_POL,1.0
WDE-2_BST-1_OCP_STS,1.0
WDE-2_BST-2_OCP_STS,1.0
WDE-2_BST_OVP_STS,1.0
WDE-2_OVR_SPD-1_STS,1.0
WDE-2_OVR_SPD-2_STS,1.0
WDE-2_DFC_EFECTV_STS,1.0
WDE-2_PROM_DATA_USED,1.0
WDE-2_DFC_STS,1.0
WDE-2_RAM_ERR_CORCTD_LATCH,1.0
WDE-2_RAM_ERR_LATCH,1.0
WDE-2_HEALTH_WORD,0.0006
WDE-2_STS_WORD,0.0006
RW-2_SPD_TM,0.0006
WDE-2_TCS_FILTER_STS,1.0
RW-3_PWR_STS,1.0
RW-3_RBUS_MON,0.0006
RW-3_CUR,0.0002
RW-3_ROTN_DIR,1.0
RW-3_DFC_STS_RW,1.0
RW-3_EST_FRIC,0.0004
WDE-3_15V_MON,0.0006
RW-3_BEARING_HTR_STS,1.0
RW-3_CMDD_TCS,0.0
RW-3_DC-DC_TEMP,0.0006
RW-3_BRDGE_SUPPLY_MON,0.0006
RW-3_CUR_CNTRL_O/P,0.0008
WDE-3_3.3V_MON,0.0008
WDE-3_TEMP,0.001
WDE-3_CASING_TEMP,0.0008
WDE-3_BEARING_TEMP,0.0008
RW-3_TORQ_OFFSET_STS,1.0
WDE-3_BST-1_OCP_LATCH,1.0
WDE-3_BST-2_OCP_LATCH,1.0
WDE-3_BST_OVP_LATCH,1.0
WDE-3_BRNG_HTR_STS,1.0
WDE-3_WHL_ROT_DIR,1.0
WDE-3_TORQ_POL,1.0
WDE-3_BST-1_OCP_STS,1.0
WDE-3_BST-2_OCP_STS,1.0
WDE-3_BST_OVP_STS,1.0
WDE-3_OVR_SPD-1_STS,1.0
WDE-3_OVR_SPD-2_STS,1.0
WDE-3_DFC_EFECTV_STS,1.0
WDE-3_PROM_DATA_USED,1.0
WDE-3_DFC_STS,1.0
WDE-3_RAM_ERR_CORCTD_LATCH,1.0
WDE-3_RAM_ERR_LATCH,1.0
WDE-3_HEALTH_WORD,0.001
WDE-3_STS_WORD,0.001
RW-3_SPD_TM,0.001
WDE-3_TCS_FILTER_STS,1.0
RW-4_PWR_STS,1.0
RW-4_RBUS_MON,0.001
RW-4_CUR,0.0004
RW-4_ROTN_DIR,1.0
RW-4_DFC_STS_RW,1.0
RW-4_EST_FRIC,0.0004
WDE-4_15V_MON,0.001
RW-4_BEARING_HTR_STS,1.0
RW-4_CMDD_TCS,0.0
RW-4_DC-DC_TEMP,0.001
RW-4_BRDGE_SUPPLY_MON,0.001
RW-4_CUR_CNTRL_O/P,0.0012
WDE-4_3.3V_MON,0.0012
WDE-4_TEMP,0.0012
WDE-4_CASING_TEMP,0.001
WDE-4_BEARING_TEMP,0.001
RW-4_TORQ_OFFSET_STS,1.0
WDE-4_BST-1_OCP_LATCH,1.0
WDE-4_BST-2_OCP_LATCH,1.0
WDE-4_BST_OVP_LATCH,1.0
WDE-4_BRNG_HTR_STS,1.0
WDE-4_WHL_ROT_DIR,1.0
WDE-4_TORQ_POL,1.0
WDE-4_BST-1_OCP_STS,1.0
WDE-4_BST-2_OCP_STS,1.0
WDE-4_BST_OVP_STS,1.0
WDE-4_OVR_SPD-1_STS,1.0
WDE-4_OVR_SPD-2_STS,1.0
WDE-4_DFC_EFECTV_STS,1.0
WDE-4_PROM_DATA_USED,1.0
WDE-4_DFC_STS,1.0
WDE-4_RAM_ERR_CORCTD_LATCH,1.0
WDE-4_RAM_ERR_LATCH,1.0
WDE-4_HEALTH_WORD,0.0012
WDE-4_STS_WORD,0.0014
RW-4_SPD_TM,0.0016
WDE-4_TCS_FILTER_STS,1.0
SSM-M_MOTOR_CUR,0.0008
SSM-M_TCS_VOL,0.0008
SCE-M_RBUS_VOL,0.0056
SCE-M_POS_15V_VOL,0.005
SCE-M_POS_12V_VOL,0.0008
SCE-M_POS_5V_VOL,0.0054
SCE-M_POS_3P3V_VOL,0.0044
SCE-M_POS_1P5V_VOL,0.0008
SCE-M_ELEX_STS,1.0
SCE-M_PROM_OK_STS,1.0
SCE-M_HALL_HOE_MODE_STS,1.0
SCE-M_WDF_STS,1.0
SCE-M_HOE_STS,1.0
SCE-M_HALL_ROT_SYNC_STS,1.0
SCE-M_HALL_TMR_SAT_STS,1.0
SCE-M_HALL_TRANS_ERR_STS,1.0
SCE-M_HOE_TM_WORD,0.0118
SSM-M_SPEED,1.0
SSM-M_POSITION,1.0
SCAT_PL_DSS-R_STS,1.0
SCAT_PL_DSS-M_STS,1.0
SCAT_DSS-R_FPGA_STS,1.0
SCAT_DSS-M_FPGA_STS,1.0
SCAT_PLC_FPGA_STS,1.0
SCAT_PL_EPC_SYNC_CLK_STS,1.0
FPGA_MEM_WRITE_ERROR,1.0
FPGA_REINIT_PENDING_FLAG,0.0002
DCG_CLK_ERROR,1.0
SCAT_PL_SELF_EBC_ENA_DIS_STS,1.0
MAP_OFF_PENDING_FLAG,0.0002
NEW_CODE_CHKSUM_ERROR,1.0
WDT_ENA_STS,1.0
PROCESS_LOCK_ENA_STS,1.0
AUX_TEST_ENA_STS,1.0
SUBSYSTEM_OFF_EVENT_STS,1.0
MAP_OFF_EVENT_STS,1.0
MAP_ON_EVENT_STS,1.0
CONFIG_OVER_FLAG,1.0
SUBSYSTEM_ON_EVENT_STS,1.0
SCAT_PL_PRESENT_STATE,1.0
RF_SW_SEL_STS,1.0
INT_SCAN_START_STS,1.0
EXT_SCAN_START_SYS_SEL,1.0
EXT_SCAN_START_HALL_SEL,1.0
EXT_ANG_DATA_SYS_SEL,1.0
INTERNAL_ANG_DATA_STS,1.0
SCAT_PL_TWTA_SEL,1.0
SCAT_SCAN_START_STS,1.0
SCAT_PL_RX_ON_EVENT_STS,1.0
FESA_ON_EVENT_STS,1.0
FG_ON_EVENT_STS,1.0
SCAT_TWTA_ON_EVENT_STS,1.0
PL_RX_OFF_EVENT_STS,1.0
FESA_OFF_EVENT_STS,1.0
FG_OFF_EVENT_STS,1.0
SCAT_TWTA_OFF_EVENT_STS,1.0
SCAT_PL_FDC_ALGO,1.0
SCAT_PL_FILTER_BYPASS_STS,1.0
IQ_REVERSE_MODE_STS,1.0
CHIRP_SLOPE,1.0
SCAT_PL_DATA_MODE,1.0
FESA_TX_SEL,1.0
TWTA-M_GRID_STEP-0,1.0
TWTA-M_EPC_STS,1.0
FESA-M_EPC_STS,1.0
FESA_M_STS_A_POS,1.0
FESA_M_STS_A_NEG,1.0
FG-M_EPC_STS,1.0
RX-M_EPC_STS,1.0
CPS_POS-A_CROSS,1.0
CPS_POS-B_THROUGH,1.0
FESA_R_STS_B_POS,1.0
FESA_R_STS_B_NEG,1.0
TWTA-R_BUS_UV_TRIP_STS_TLM-B,1.0
TWTA-R_GRID_STEP-0,1.0
TWTA-R_HELIX_TRIP_STS_TLM-B,1.0
RX-R_EPC_STS,1.0
FG-R_EPC_STS,1.0
FESA-R_EPC_STS,1.0
FESA-M_OK_STS,1.0
FESA-R_OK_STS,1.0
FESA_COUPLER_TEMP,0.0034
SCT_DEBUG_REF_CHNL-3,1.0
SSM-R_MOTOR_CUR,0.005
SSM-R_TCS_VOL,0.005
SCE-R_RBUS_VOL,0.0042
SCE-R_POS_15V_VOL,0.0042
SCE-R_POS_12V_VOL,0.0046
SCE-R_POS_5V_VOL,0.0008
SCE-R_POS_3P3V_VOL,0.0042
SCE-R_POS_1P5V_VOL,0.0042
SCE-R_ELEX_STS,1.0
SCE-R_PROM_OK_STS,1.0
SCE-R_HALL_HOE_MODE_STS,1.0
SCE-R_WDF_STS,1.0
SCE-R_HOE_STS,1.0
SCE-R_HALL_ROT_SYNC_STS,1.0
SCE-R_HALL_TMR_SAT_STS,1.0
SCE-R_HALL_TRANS_ERR_STS,1.0
SCE-R_HOE_TM_WORD,0.006
SSM-R_SPEED,1.0
SSM-R_POSISTION,1.0
SCAT_SCAN_START_OBT,1.0
SCAT_INDEX_PULSE_OBT,1.0
SCAT_TWTA-M_HELIX_CUR_DIRECT,0.0052
SCAT_TWTA-M_BUS_CUR_DIRECT,0.0044
SCAT_TWTA-R_HELIX_CUR_DIRECT,0.0022
SCAT_TWTA-R_BUS_CUR_DIRECT,0.0042
WDT_TIMEOUT_CNTR,0.0
SCAT_PL_CMD_CNTR,0.0
PL_TX_MGC,0.0002
SCAT_PL_TWTA_GRID_STEP,0.0002
SCAT_PL_RX_MGC,0.0002
SCAT_PL_PROM_CHKSUM,0.0004
PRI_CNT,0.0006
DCG_TX_PULSES_GEN_SCAN_CYCLE,0.0006
ECHO_INNER_WINDOW_START_DELAY,0.0006
ECHO_OUTER_WINDOW_START_DELAY,0.0008
SSM_ANG_REQ_START_DELAY,0.0008
AUX_DATA_TX_START_DELAY,0.0008
INNER_BEAM_CONS_FDC,0.0008
OUTER_BEAM_CONS_FDC,0.0008
SC_VEL_PL,0.001
PLC_FPGA_FREE_RUN_CNTR,0.001
PLC_CPU_FREE_RUN_CNTR,0.001
ANGLE_DATA,0.001
SCAT_LAST_TC,0.001
PL_SOFTWARE_VER_NO,0.001
SCT_ANGLE_OFFSET_SA5,0.0016
SCAT_DSS_SELF_EBC_CNTR_TWICE,0.004
SCAT_DSS_SELF_EBC_CNTR_CONTI,0.004
EBC_TM_CHANNEL_NO,0.004
EBC_TM_DATA_CNT,0.004
SCAT_LAST_TC_16_BIT,0.0042
RT_EBC_CHANNEL_NO,0.0044
RT_EBC_DATA_CNT,0.0044
TWTA-M_EPC_INT_TEMP,0.0016
TWTA-M_INT_TEMP,0.0016
CPS_TEMP,0.002
FESA_BPF_TEMP,0.002
TWTA-M_BUS_CUR_TLM-B,0.002
TWTA-M_HELIX_CUR_TLM-B,0.002
SCT_DEBUG_REF_CHNL-2,1.0
TMTA-M_BUS_UV_TRIP_STS_TLM-B,1.0
TWTA-M_GRID_STEP-1,1.0
SCT_DEBUG_REF_CHNL-1,1.0
FESA_RX_PROT_SW-3_TEMP,0.0024
FESA_RX_PROT_SW-1_TEMP,0.0034
FESA_VH_SW_TEMP,0.0034
FESA-M_TX_PWR_MON_A,0.0036
FESA-M_RX_PROT_SW-5_TEMP,0.0038
FESA_LNA-WG_TEMP,0.0038
TWTA-M_HELIX_TRIP_STS_TLM-B,1.0
TWTA-R_INT_TEMP,0.004
TWTA-R_EPC_INT_TEMP,0.004
FESA_RJ_WG_V_TEMP,0.004
FESA_RJ_WG_H_TEMP,0.004
FESA_DET_LOC_MAIN_TEMP,0.004
FESA_TX_SEL_TEMP,0.004
FESA-R_TX_PWR_MON_B,0.004
FESA_RX_SEL_TEMP,0.004
TWTA-R_HELIX_CUR_TLM-B,0.0042
TWTA-R_BUS_CUR_TLM-B,0.0042
TWTA-R_GRID_STEP-1,1.0
TWTA-R_EPC_STS,1.0
FESA-M_RX_PROT_SW-4_TEMP,0.0044
FESA-M-TX_PWR_MON_PROC,1.0
FESA-R-TX_PWR_MON_PROC,1.0
SCAT_PLC_SA-2_WORD-01,0.0002
SCAT_PLC_SA-2_WORD-02,0.0002
SCAT_PLC_SA-2_WORD-03,0.0
SCAT_PLC_SA-2_WORD-04,0.0
SCAT_PLC_SA-2_WORD-05,0.0
SCAT_PLC_SA-2_WORD-06,0.0
SCAT_PLC_SA-2_WORD-07,0.0002
SCAT_PLC_SA-2_WORD-08,0.0002
SCAT_PLC_SA-2_WORD-09,0.0002
SCAT_PLC_SA-2_WORD-10,0.0002
SCAT_PLC_SA-2_WORD-11,0.0004
SCAT_PLC_SA-2_WORD-12,0.0004
SCAT_PLC_SA-2_WORD-13,0.0006
SCAT_PLC_SA-2_WORD-14,0.0006
SCAT_PLC_SA-2_WORD-15,0.0006
SCAT_PLC_SA-2_WORD-16,0.0006
SCAT_PLC_SA-2_WORD-17,0.0006
SCAT_PLC_SA-2_WORD-18,0.0006
SCAT_PLC_SA-2_WORD-19,0.0008
SCAT_PLC_SA-2_WORD-20,0.0008
SCAT_PLC_SA-2_WORD-21,0.0008
SCAT_PLC_SA-2_WORD-22,0.0008
SCAT_PLC_SA-2_WORD-23,0.0008
SCAT_PLC_SA-2_WORD-24,0.0008
SCAT_PLC_SA-2_WORD-25,0.0008
SCAT_PLC_SA-2_WORD-26,0.0008
SCAT_PLC_SA-2_WORD-27,0.0008
SCAT_PLC_SA-2_WORD-28,0.0008
SCAT_PLC_SA-2_WORD-29,0.001
SCAT_PLC_SA-2_WORD-30,0.001
SCAT_PLC_SA-2_WORD-31,0.001
SCAT_PLC_SA-2_WORD-32,0.001
SCAT_PLC_SA-2_WORD-33,0.001
SCAT_PLC_SA-2_WORD-34,0.001
SCAT_PLC_SA-2_WORD-35,0.001
SCAT_PLC_SA-2_WORD-36,0.001
SCAT_PLC_SA-2_WORD-37,0.0016
SCAT_PLC_SA-2_WORD-38,0.0016
SCAT_PLC_SA-2_WORD-39,0.004
SCAT_PLC_SA-2_WORD-40,0.004
SCAT_PLC_SA-2_WORD-41,0.004
SCAT_PLC_SA-2_WORD-42,0.004
SCAT_PLC_SA-2_WORD-43,0.0042
SCAT_PLC_SA-2_WORD-44,0.0042
SCAT_PLC_SA-2_WORD-45,0.0044
SCAT_PLC_SA-2_WORD-46,0.0044
SCAT_PLC_SA-3_WORD-01,0.0016
SCAT_PLC_SA-3_WORD-02,0.0016
SCAT_PLC_SA-3_WORD-03,0.002
SCAT_PLC_SA-3_WORD-04,0.002
SCAT_PLC_SA-3_WORD-05,0.002
SCAT_PLC_SA-3_WORD-06,0.002
SCAT_PLC_SA-3_WORD-07,0.002
SCAT_PLC_SA-3_WORD-08,0.002
SCAT_PLC_SA-3_WORD-09,0.002
SCAT_PLC_SA-3_WORD-10,0.002
SCAT_PLC_SA-3_WORD-11,0.0024
SCAT_PLC_SA-3_WORD-12,0.0024
SCAT_PLC_SA-3_WORD-13,0.0024
SCAT_PLC_SA-3_WORD-14,0.0024
SCAT_PLC_SA-3_WORD-15,0.0024
SCAT_PLC_SA-3_WORD-16,0.0024
SCAT_PLC_SA-3_WORD-17,0.0024
SCAT_PLC_SA-3_WORD-18,0.0024
SCAT_PLC_SA-3_WORD-19,0.0034
SCAT_PLC_SA-3_WORD-20,0.0034
SCAT_PLC_SA-3_WORD-21,0.0034
SCAT_PLC_SA-3_WORD-22,0.0034
SCAT_PLC_SA-3_WORD-23,0.0036
SCAT_PLC_SA-3_WORD-24,0.0036
SCAT_PLC_SA-3_WORD-25,0.0038
SCAT_PLC_SA-3_WORD-26,0.0038
SCAT_PLC_SA-3_WORD-27,0.0038
SCAT_PLC_SA-3_WORD-28,0.0038
SCAT_PLC_SA-3_WORD-29,0.0038
SCAT_PLC_SA-3_WORD-30,0.0038
SCAT_PLC_SA-3_WORD-31,0.004
SCAT_PLC_SA-3_WORD-32,0.004
SCAT_PLC_SA-3_WORD-33,0.004
SCAT_PLC_SA-3_WORD-34,0.004
SCAT_PLC_SA-3_WORD-35,0.004
SCAT_PLC_SA-3_WORD-36,0.004
SCAT_PLC_SA-3_WORD-37,0.004
SCAT_PLC_SA-3_WORD-38,0.004
SCAT_PLC_SA-3_WORD-39,0.004
SCAT_PLC_SA-3_WORD-40,0.004
SCAT_PLC_SA-3_WORD-41,0.0042
SCAT_PLC_SA-3_WORD-42,0.0042
SCAT_PLC_SA-3_WORD-43,0.0042
SCAT_PLC_SA-3_WORD-44,0.0042
SCAT_PLC_SA-3_WORD-45,0.0042
SCAT_PLC_SA-3_WORD-46,0.0042
SCAT_PLC_SA-3_WORD-47,0.0044
SCAT_PLC_SA-3_WORD-48,0.0044
SCAT_PLC_SA-3_WORD-49,0.0044
SCAT_PLC_SA-3_WORD-50,0.0044
SCAT_PLC_SA-3_WORD-51,0.0044
SCAT_PLC_SA-3_WORD-52,0.0044
SCAT_PLC_SA-3_WORD-53,0.0044
SCAT_PLC_SA-3_WORD-54,0.0044
SCAT_PLC_SA-3_WORD-55,0.0048
SCAT_PLC_SA-3_WORD-56,0.0048
SCAT_PLC_SA-3_WORD-57,0.0052
SCAT_PLC_SA-3_WORD-58,0.0052
SCAT_PLC_SA-3_WORD-59,0.0052
SCAT_PLC_SA-3_WORD-60,0.0052
SCAT_PLC_SA-3_WORD-61,0.0052
SCAT_PLC_SA-3_WORD-62,0.0052
SCAT_PLC_SA-3_WORD-63,0.0052
SCAT_PLC_SA-3_WORD-64,0.0052
CPS_POS,1.0
SCAT_TWTA-M_BUS_UV_TRIP_STS,1.0
SCAT_TWTA-R_BUS_UV_TRIP_STS,1.0
SCAT_TWTA-R_HLX_TRIP_STS,1.0
SCAT_TWTA-M_HLX_TRIP_STS,1.0
P-1_SADA_M_POS_15V_STS,1.0
P-1_SPSS_M_ERR,0.001
P-1_SADA_M_POT_ANG,0.0044
P-1_SADA_M_8MIN_TIMER,1.0
P-1_SADA_M_AOCE_MODE,1.0
P-1_SADA_M_SUNACQ_STS,1.0
P-1_SADA_M_ZERO_RATE_STS,1.0
P-1_SADA_M_ACQ_MODE,1.0
P-1_SADA_M_SIN_CUR,0.0038
P-1_SADA_M_COS_CUR,0.0028
P-1_SADA_IF_DATA,0.0004
P-1_SADA_IF_RATE,0.0004
P-1_SADA_IF_MICRO_STEP,1.0
P-1_SADA_IF_ZERO_RATE,1.0
P-1_SADA_REF_THETA,0.0018
P-1_SADA_ACTUAL_THETA,0.0018
P-1_SADA_DIFF_THETA,0.0004
P-1_SPSS_M_SUM_O/P,0.0016
P-1_SPSS_R_SUM_O/P,0.0016
P-1_SADA_M_SPS_STS,1.0
P-1_SADA_M_ROTN_DIR,1.0
P-1_SPSS_M_SUN_PRESENCE_HW,1.0
P-1_SADA_R_POS_15V_STS,1.0
P-1_SPSS_R_ERR,0.001
P-1_SADA_R_POT_ANG,0.005
P-1_SADA_R_8MIN_TIMER,1.0
P-1_SADA_R_AOCE_MODE,1.0
P-1_SADA_R_SUNACQ_STS,1.0
P-1_SADA_R_ZERO_RATE_STS,1.0
P-1_SADA_R_ACQ_MODE,1.0
P-1_SADA_R_SIN_CUR,0.005
P-1_SADA_R_COS_CUR,0.005
P-1_SADA_R_POT_LSB,0.005
P-1_SADA_R_SPS_STS,1.0
P-1_SADA_R_ROTN_DIR,1.0
P-1_SPSS_R_SUN_PRESENCE_HW,1.0
P-2_SADA_M_POS_15V_STS,1.0
P-2_SPSS_M_ERR,0.0008
P-2_SADA_M_POT_ANG,0.0034
P-2_SADA_M_8MIN_TIMER,1.0
P-2_SADA_M_AOCE_MODE,1.0
P-2_SADA_M_SUNACQ_STS,1.0
P-2_SADA_M_ZERO_RATE_STS,1.0
P-2_SADA_M_ACQ_MODE,1.0
P-2_SADA_M_SIN_CUR,0.0034
P-2_SADA_M_COS_CUR,0.0026
P-2_SADA_IF_DATA,0.004
P-2_SADA_IF_RATE,0.004
P-2_SADA_IF_MICRO_STEP,1.0
P-2_SADA_IF_ZERO_RATE,1.0
P-2_SADA_REF_THETA,0.0018
P-2_SADA_ACTUAL_THETA,0.0018
P-2_SADA_DIFF_THETA,0.004
P-2_SPSS_M_SUM_O/P,0.0038
P-2_SPSS_R_SUM_O/P,0.004
P-2_SADA_M_SPS_STS,1.0
P-2_SADA_M_ROTN_DIR,1.0
P-2_SPSS_M_SUN_PRESENCE_HW,1.0
P-2_SADA_R_POS_15V_STS,1.0
P-2_SPSS_R_ERR,0.0008
P-2_SADA_R_POT_ANG,0.0018
P-2_SADA_R_8MIN_TIMER,1.0
P-2_SADA_R_AOCE_MODE,1.0
P-2_SADA_R_SUNACQ_STS,1.0
P-2_SADA_R_ZERO_RATE_STS,1.0
P-2_SADA_R_ACQ_MODE,1.0
P-2_SADA_R_SIN_CUR,0.0026
P-2_SADA_R_COS_CUR,0.0014
P-2_SADA_R_POT_LSB,0.0018
P-2_SADA_R_SPS_STS,1.0
P-2_SADA_R_ROTN_DIR,1.0
P-2_SPSS_R_SUN_PRESENCE_HW,1.0
GPS_ALMANAC_AVAIL_STS,1.0
GPS_MON_STS,1.0
GPS_POS_AVAIL_STS,1.0
GPS_POS_COMP_MODE,1.0
GPS_POS_EST_STS,1.0
GPS_TIME_SYNC,1.0
GPS_TOW_NSEC,0.0036
GPS_TOW_SEC,0.0042
GPS_TOW_WEEK_NO,0.0042
NO_OF_GPS_SAT_TRK,0.0002
PDOP,0.0036
SPS_POS-X,0.0042
SPS_POS-Y,0.0044
SPS_POS-Z,0.0044
SPS_VEL-X,0.0044
SPS_VEL-Y,0.005
SPS_VEL-Z,0.005
SPS_MEM_CNT,0.0012
PPS_POS_FIX,1.0
SPS_UPDT_CNTR,0.0016
SPS_S/W_WDT_STS,1.0
CAR_SMOOTHING_STS,1.0
VEL_SMOOTHING_STS,1.0
NAVIC_CMD_STS,1.0
RFFC-5071_LOCK_IND,1.0
GP-2015_LOCK_IND,1.0
SPS_H/W_WDT_STS,1.0
SPS_CMD_CNTR,0.0038
SPS_LAST_CMD_EXE,0.0038
SPS_S/W_WDT_RST_CNTR,0.0036
SPS_H/W_WDT_RST_CNTR,0.003
SPS_S/W_RST_ID,0.003
RX_DRIFT,0.0028
INTER_SYS_BIAS,0.0036
RFFC-5071_UPCONVRT_CNTR,0.0032
S/C_ID_BY_OBC,0.0036
SPS_CMD_EXE_CNTR-2,0.0032
GP-2015_ANT2_LOCK_IND,1.0
RAIM_STS,1.0
SPS_SYS_MODE,1.0
SPS_TM_SEL,1.0
SPS_PORT1_CONFIG,1.0
SPS_PORT2_CONFIG,1.0
INTER_SYS_DRIFT,0.0042
SPS_ODP_POS-X,0.0028
SPS_ODP_POS-Y,0.0028
SPS_ODP_POS-Z,0.003
SPS_ODP_VEL-X,0.0032
SPS_ODP_VEL-Y,0.0042
SPS_ODP_VEL-Z,0.0058
SPS_TIME_INIT,1.0
SPS_TIME_ALIGN,1.0
SPS_CLOCK_BIAS,0.0048
SPS_THD_CONST,0.0038
SPS_THD_TYPE,1.0
SPS_ATTD_MNVR_STS,1.0
SPS_LAST_RST_TIME,0.0042
SPS_ELE_ANG_LOGIC_STS,1.0
GPS_TOW_NSEC_PVT,0.004
GPS_TOW_SEC_PVT,0.0044
GPS_TOW_WEEK_NO_PVT,0.0016
PPS_TOW_NSEC,0.0016
PPS_TOW_SEC,0.0016
PPS_TOW_WEEK_NO,0.0048
ODP_STS,1.0
PHASE_CENTRE_CORRECTION,1.0
PHASE_CENTRE_CORRECTION_SPS,1.0
SPS_POS_FIX,1.0
ODP_OPRN_MODE,1.0
ODP_CNTR,0.006
ODP_FILTER_INIT_FLAG,0.006
ODP_FILTER_INIT_REASON,0.006
ODP_OUTPUT,1.0
TC_INTERRUPT_CNTR,0.0002
SPS_PR_MODULE_STS,1.0
OBC_OBT_AT_PPS,1.0
SPS_KALMAN_STS,1.0
SPS_KALMAN_CONVG,1.0
SPS_IONO_STS,1.0
SPS_IONO_SMOOTHING_STS,1.0
CHNL-01_CNDR,0.0012
CHNL-02_CNDR,0.0012
CHNL-03_CNDR,0.0036
CHNL-04_CNDR,0.0036
CHNL-05_CNDR,0.0028
CHNL-06_CNDR,0.0028
CHNL-07_CNDR,0.0038
CHNL-08_CNDR,0.0038
CHNL-09_CNDR,0.0028
CHNL-10_CNDR,0.0028
CHNL-11_CNDR,0.0034
CHNL-12_CNDR,0.0034
CHNL-01_DLT_RNG_STS,1.0
CHNL-02_DLT_RNG_STS,1.0
CHNL-03_DLT_RNG_STS,1.0
CHNL-04_DLT_RNG_STS,1.0
CHNL-05_DLT_RNG_STS,1.0
CHNL-06_DLT_RNG_STS,1.0
CHNL-07_DLT_RNG_STS,1.0
CHNL-08_DLT_RNG_STS,1.0
CHNL-09_DLT_RNG_STS,1.0
CHNL-10_DLT_RNG_STS,1.0
CHNL-11_DLT_RNG_STS,1.0
CHNL-12_DLT_RNG_STS,1.0
CHNL-01_EPHEM_STS,1.0
CHNL-02_EPHEM_STS,1.0
CHNL-03_EPHEM_STS,1.0
CHNL-04_EPHEM_STS,1.0
CHNL-05_EPHEM_STS,1.0
CHNL-06_EPHEM_STS,1.0
CHNL-07_EPHEM_STS,1.0
CHNL-08_EPHEM_STS,1.0
CHNL-09_EPHEM_STS,1.0
CHNL-10_EPHEM_STS,1.0
CHNL-11_EPHEM_STS,1.0
CHNL-12_EPHEM_STS,1.0
CHNL-01_SV_ID,0.0036
CHNL-02_SV_ID,0.0036
CHNL-03_SV_ID,0.005
CHNL-04_SV_ID,0.005
CHNL-05_SV_ID,0.003
CHNL-06_SV_ID,0.003
CHNL-07_SV_ID,0.0006
CHNL-08_SV_ID,0.0006
CHNL-09_SV_ID,0.0042
CHNL-10_SV_ID,0.0042
CHNL-11_SV_ID,0.0034
CHNL-12_SV_ID,0.0034
CNHL-01_CONSTELLATION_STS,1.0
CNHL-02_CONSTELLATION_STS,1.0
CNHL-03_CONSTELLATION_STS,1.0
CNHL-04_CONSTELLATION_STS,1.0
CNHL-05_CONSTELLATION_STS,1.0
CNHL-06_CONSTELLATION_STS,1.0
CNHL-07_CONSTELLATION_STS,1.0
CNHL-08_CONSTELLATION_STS,1.0
CNHL-09_CONSTELLATION_STS,1.0
CNHL-10_CONSTELLATION_STS,1.0
CNHL-11_CONSTELLATION_STS,1.0
CNHL-12_CONSTELLATION_STS,1.0
CHNL-01_ACQ_MOD_SV_ID,0.0036
CHNL-01_SV_HLTH&URA_STS,1.0
CHNL-02_SV_HLTH&URA_STS,1.0
CHNL-03_SV_HLTH&URA_STS,1.0
CHNL-04_SV_HLTH&URA_STS,1.0
CHNL-05_SV_HLTH&URA_STS,1.0
CHNL-06_SV_HLTH&URA_STS,1.0
CHNL-07_SV_HLTH&URA_STS,1.0
CHNL-08_SV_HLTH&URA_STS,1.0
CHNL-09_SV_HLTH&URA_STS,1.0
CHNL-10_SV_HLTH&URA_STS,1.0
CHNL-11_SV_HLTH&URA_STS,1.0
CHNL-12_SV_HLTH&URA_STS,1.0
CHNL-01_IODE,0.0032
CHNL-02_IODE,0.0032
CHNL-03_IODE,0.003
CHNL-04_IODE,0.003
CHNL-05_IODE,0.0028
CHNL-06_IODE,0.0028
CHNL-07_IODE,0.0032
CHNL-08_IODE,0.0032
CHNL-09_IODE,0.0028
CHNL-10_IODE,0.0028
CHNL-11_IODE,0.0034
CHNL-12_IODE,0.0034
CHNL-01_IONO_CORREC_STS,1.0
CHNL-02_IONO_CORREC_STS,1.0
CHNL-03_IONO_CORREC_STS,1.0
CHNL-04_IONO_CORREC_STS,1.0
CHNL-05_IONO_CORREC_STS,1.0
CHNL-06_IONO_CORREC_STS,1.0
CHNL-07_IONO_CORREC_STS,1.0
CHNL-08_IONO_CORREC_STS,1.0
CHNL-09_IONO_CORREC_STS,1.0
CHNL-10_IONO_CORREC_STS,1.0
CHNL-11_IONO_CORREC_STS,1.0
CHNL-12_IONO_CORREC_STS,1.0
CHNL-01_RF_TRACK,1.0
CHNL-02_RF_TRACK,1.0
CHNL-03_RF_TRACK,1.0
CHNL-04_RF_TRACK,1.0
CHNL-05_RF_TRACK,1.0
CHNL-06_RF_TRACK,1.0
CHNL-07_RF_TRACK,1.0
CHNL-08_RF_TRACK,1.0
CHNL-09_RF_TRACK,1.0
CHNL-10_RF_TRACK,1.0
CHNL-11_RF_TRACK,1.0
CHNL-12_RF_TRACK,1.0
CHNL-01_SBAS_CORREC,1.0
CHNL-02_SBAS_CORREC,1.0
CHNL-03_SBAS_CORREC,1.0
CHNL-04_SBAS_CORREC,1.0
CHNL-05_SBAS_CORREC,1.0
CHNL-06_SBAS_CORREC,1.0
CHNL-07_SBAS_CORREC,1.0
CHNL-08_SBAS_CORREC,1.0
CHNL-09_SBAS_CORREC,1.0
CHNL-10_SBAS_CORREC,1.0
CHNL-11_SBAS_CORREC,1.0
CHNL-12_SBAS_CORREC,1.0
CHNL-01_SBAS_HEALTH,1.0
CHNL-02_SBAS_HEALTH,1.0
CHNL-03_SBAS_HEALTH,1.0
CHNL-04_SBAS_HEALTH,1.0
CHNL-05_SBAS_HEALTH,1.0
CHNL-06_SBAS_HEALTH,1.0
CHNL-07_SBAS_HEALTH,1.0
CHNL-08_SBAS_HEALTH,1.0
CHNL-09_SBAS_HEALTH,1.0
CHNL-10_SBAS_HEALTH,1.0
CHNL-11_SBAS_HEALTH,1.0
CHNL-12_SBAS_HEALTH,1.0
CHNL-01_ACP,0.0038
CHNL-02_ACP,0.0038
CHNL-03_ACP,0.0022
CHNL-04_ACP,0.0054
CHNL-05_ACP,0.0056
CHNL-06_ACP,0.0056
CHNL-07_ACP,0.0052
CHNL-08_ACP,0.0
CHNL-09_ACP,0.0048
CHNL-10_ACP,0.0048
CHNL-11_ACP,0.0006
CHNL-12_ACP,0.0046
CHNL-01_IONO_CORREC,0.0038
CHNL-02_IONO_CORREC,0.0038
CHNL-03_IONO_CORREC,0.0022
CHNL-04_IONO_CORREC,0.0054
CHNL-05_IONO_CORREC,0.0056
CHNL-06_IONO_CORREC,0.0056
CHNL-07_IONO_CORREC,0.0052
CHNL-08_IONO_CORREC,0.0
CHNL-09_IONO_CORREC,0.0048
CHNL-10_IONO_CORREC,0.0048
CHNL-11_IONO_CORREC,0.0006
CHNL-12_IONO_CORREC,0.0046
CHNL-09_ACQ_STS_SA7,1.0
CHNL-10_ACQ_STS_SA7,1.0
CHNL-11_ACQ_STS_SA7,1.0
CHNL-12_ACQ_STS_SA7,1.0
CHNL-11_PRC_IONO_CORREC,0.0036
CHNL-01_ACQ_STS_SA5,1.0
CHNL-02_ACQ_STS_SA5,1.0
CHNL-03_ACQ_STS_SA5,1.0
CHNL-04_ACQ_STS_SA5,1.0
CHNL-05_ACQ_STS_SA5,1.0
CHNL-06_ACQ_STS_SA5,1.0
CHNL-07_ACQ_STS_SA5,1.0
CHNL-08_ACQ_STS_SA5,1.0
NAVIC_DECRYPT_SET_CNT,0.0016
NAVIC_NO_OF_DECRYPT_BLK,0.0016
NAVIC_DECRYPT_AUTH_ERR_CNT,0.0056
NAVIC_PKT_CNT,0.0056
NAVIC_INT_PAC_CNT,0.0056
NAVIC_DEC_CHK_SUM,0.0018
NAVIC_CAL_CHK_SUM,0.005
NAVIC_CURR_SES_ID,0.002
NAVIC_CHK_SUM_ERR_CNT,0.0052
NAVIC_TC_CHKSUM_ERR_CNT,0.002
NAVIC_SES_ERR_CNT,0.0052
NAVIC_NAVIC_EXEC_CNT,0.0014
NAVIC_DECRYPT_CHK_SUM_ERR_CNT,0.002
NAVIC_PKT_LEN_ERR_CNT,0.0052
NAVIC_FR_CNT,0.0028
NAVIC_NO_OF_FRM,0.0028
NAVIC_SA-29_WORD-1,0.002
NAVIC_SA-29_WORD-2,0.0052
NAVIC_SA-29_WORD-3,0.0022
NAVIC_SA-29_WORD-4,0.0054
NAVIC_SA-29_WORD-5,0.0022
NAVIC_SA-29_WORD-6,0.0054
NAVIC_SA-29_WORD-7,0.0022
NAVIC_SA-29_WORD-8,0.0054
NAVIC_SA-29_WORD-9,0.0022
NAVIC_SA-29_WORD-10,0.0054
NAVIC_SA-29_WORD-11,0.0022
NAVIC_SA-29_WORD-12,0.0054
NAVIC_SA-29_WORD-13,0.0022
NAVIC_SA-29_WORD-14,0.0054
NAVIC_SA-29_WORD-15,0.0022
NAVIC_NO_OF_FRM_ERR_CNT,0.0054
NAVIC_CMD_CNTR,0.0036
SPS-1_DC-DC_STS,1.0
SPS-1_S/W_WDT_STS_TC,1.0
SPS-1_S/W_LINE_SEL,1.0
SPS-2_DC-DC_STS,1.0
ODP_PHC_CMPT,0.0026
ODP_PPP_ESTM,0.0026
ODP_KF_ESTM,0.0026
ODP_FILTER_INIT,0.0026
ODP_FILTER_RSN,0.0026
ODP_NUMSAT_ESTM,0.0026
ODP_NUMSAT_INP,0.0026
ODP_EKF_LEVEL,0.006
ODP_RUN_MODE,0.006
ODP_ANT_PHC_ENABLE,0.006
ODP_MAN_CORR,0.006
ODP_IONO_ENABLE,0.006
ODP_TCEOP_ENABLE,0.006
ODP_DP_DRIFTCORR,0.006
ODP_DP_PHC_CONST,0.006
ODP_DP_CODECARR_ENABLE,0.006
ODP_DP_KF_SMOOTH,0.006
ODP_DP_CYCLESLIPS_DETECT,0.006
ODP_CODEALONE_ENABLE,0.006
ODP_ESTM_FLAG,0.006
ODP_TC_COUNT,0.006
ODP_LASTTC_ID,0.006
ODP_DP_MODE,0.0004
ODP_FILTER_INITCNT,0.0004
SS_APU_POS_3.3V,0.0002
SS_APU_POS_1.5V,0.0002
SS_APU_CUR_MODE,1.0
SS_APU_JOINT_MODE,1.0
SS_SEL_CHU-1_CUR,0.0002
SS_SEL_CHU-2_CUR,0.0002
SS_APU_TEMP,0.0002
SS_APU_CUR,0.0002
SS_APU_COOLER_CUR,0.0014
SS_APU_POS_3.3V_FPGA,0.0014
SS_APU_MEAS_POS_1.8V,0.0014
SS_SEL_CHU-1_TEMP,0.0014
SS_SEL_CHU-2_TEMP,0.0014
SS_SEL_CHU-1_DETECTOR_TEMP,0.0014
SS_SEL_CHU-2_DETECTOR_TEMP,0.0014
SS_SEL_CHU-1_VOL,0.0002
SS_SEL_CHU-2_VOL,0.0002
SS_APU_SA-1_WORD-1,0.0
SS_APU_SA-1_WORD-2,0.0002
SS_APU_SA-1_WORD-3,0.0002
SS_APU_SA-1_WORD-4,0.0002
SS_APU_SA-1_WORD-5,0.0002
SS_APU_SA-1_WORD-6,0.0002
SS_APU_SA-1_WORD-7,0.0002
SS_APU_SA-1_WORD-8,0.0014
SS_APU_SA-1_WORD-9,0.0014
SS_APU_SA-1_WORD-10,0.0014
SS_APU_SA-1_WORD-11,0.0014
SS_APU_SA-1_WORD-12,0.0002
SS_APU_SA-1_WORD-13,0.0002
SS_APU_SA-1_WORD-14,0.0002
SS_APU_SA-1_WORD-15,0.0002
SS_APU_SA-1_WORD-16,0.0002
SS_APU_SA-8_WORD-1,0.0008
SS_APU_SA-8_WORD-2,0.0008
SS_APU_SA-8_WORD-3,0.0008
SS_APU_SA-8_WORD-4,0.0008
SS_APU_SA-8_WORD-5,0.0008
SS_APU_SA-8_WORD-6,0.0002
SS_APU_SA-8_WORD-7,0.0004
SS_APU_SA-8_WORD-8,0.0004
SS_APU_SA-8_WORD-9,0.0004
SS_APU_SA-8_WORD-10,0.0004
SS_APU_SA-8_WORD-11,0.0004
SS_APU_SA-8_WORD-12,0.0004
SS_APU_SA-8_WORD-13,0.003
SS_APU_SA-8_WORD-14,0.003
SS_APU_WDT_BARK_CNT,0.0
SS_APU_TRK_BIN_BIT,1.0
SS_APU_END_OF_ACQ_STS,1.0
SS_APU_RAM_RFRSH_STS,1.0
SS_APU_EEPROM_RFRSH_STS,1.0
SS_APU_WD_ENA_STS,1.0
SS_APU_DMR_STS,1.0
SS_APU_EEPROM_PWR_STS,1.0
SS_APU_EEPROM_WRITE_STS,1.0
SS_CMD_HEAD_MODE,1.0
SS_APU_EEPROM_RFRSH_MECH,1.0
SS_APU_EEPROM_RFRSH_MODE,1.0
SS_APU_FILTER_SET_VALUE,0.0
SS_APU_SA-1_REFT_CNT,0.0002
SS_APU_SA-1_REFT_DLY,0.0002
SS_APU_SINGLE_ERR_CNT,0.0014
SS_APU_DOUBLE_ERR_CNT,0.0014
SS_APU_S/W_TIMER,0.0002
SS_APU_CHKSUM_SBM,0.0002
SS_APU_PRIME_HEAD,1.0
SS_APU_REF_CHKSUM_FLAG,1.0
SS_APU_RAM_CHKSUM_FLAG,1.0
SS_APU_EXE_TIME,0.0008
SS_APU_MEAS_INTG_TIME,0.0004
SS_APU_SA-2_WORD-2,0.0008
SS_APU_SA-2_WORD-3,0.001
SS_APU_SA-2_WORD-4,0.001
SS_APU_SA-2_WORD-5,0.001
SS_APU_SA-3_WORD-8,0.0022
SS_APU_SA-14_WORD-2,0.0024
SS_APU_SA-14_WORD-3,0.0024
SS_APU_SA-14_WORD-4,0.0024
SS_APU_SA-14_WORD-5,0.0024
SS_APU_SA-15_WORD-8,0.0036
SS_APU_CHU-1_ERR,0.0004
SS_APU_CHU-2_ERR,0.0004
SS_APU_CHU-3_ERR,0.0004
SS_APU_CHU-4_ERR,0.0004
SS_APU_LINK-1_ERR,0.0004
SS_APU_LINK-2_ERR,0.0004
SS_APU_LINK-1_STS,0.0004
SS_APU_LINK-2_STS,0.0004
SS_APU_CHU_CMD_PATTERN,0.003
SS_APU_CHU_DEF_PATTERN,0.003
SS_APU_CHU_CUR_PATTERN,0.003
SS_APU_NUM_CMDD_CHU,0.003
SS_APU_SA-12_INFO,0.0004
SS_APU_SA-12_TM_ID,0.0004
SS_APU_SA-12_REFT_CNT,0.0004
SS_APU_SA-12_REFT_DLY,0.0006
SS_APU_SA-13_REFT_CNT,0.0
SS_APU_SA-13_REFT_DLY,0.0
SS_APU_SA-13_INFO,0.0004
SS_APU_SPEC_TC,0.0004
SS_APU_SYNT_DEF_PA,0.0004
SS_APU_CHU_USED_TRK,1.0
SS_APU_CHU_AD,1.0
SS_APU_HEAD_CONFIG,1.0
SS_APU_FUSION_STS,0.0004
SS_APU_FILTER_STS,1.0
SS_APU_ACQ_INTG_TIME,0.0004
SS_APU_SYNDEFPA_VALID,1.0
SS_APU_SA13_UPDT_CNT_STS,1.0
SS_APU_SA13_VALIDITY_STS,1.0
SS_APU_SA14-16_VALID_STS,1.0
SS_APU_SA14-16_SUCCESS_STS,1.0
SS_APU_PROM_APP_STS,1.0
SS_APU_PROM_HK_STS,1.0
SS_APU_PROM_FPGA_STS_CHK,1.0
SS_APU_TRK_CNTR,0.0002
SS_APU_JULIAN_DATE,0.0002
SS_APU_NR_TC,0.0002
SS_APU_CAL_CHKSUM_FLAG,0.0002
SS_APU_CALP_BUFFER,1.0
SS_APU_INTEGRATION_MODE,1.0
SS_APU_CPU_WAIT_STS,1.0
SS_APU_ACQ_CNTR,0.0002
SS_APU_CHU-1_PC_CNT,0.0004
SS_APU_CHU-2_PC_CNT,0.0004
SS_APU_CHU-1_BAD_PIXEL_CNT,0.0004
SS_APU_CHU-2_BAD_PIXEL_CNT,0.0004
SS_APU_FILTER_GRP_SEL,0.0004
SS_APU_CHU_USED,1.0
SS_APU_QI_NORM,0.0012
SS_APU_QI_Z,0.0012
SS_APU_APM_STS,1.0
SS_APU_QI_OUT_LIMIT_Z,1.0
SS_APU_QI_OUT_LIMIT_XY,1.0
SS_APU_QIB-1,0.0014
SS_APU_QIB-2,0.0014
SS_APU_QIB-3,0.0
SS_APU_QIB-4,0.0
SS_APU_RATE_WX,0.0002
SS_APU_RATE_WY,0.0002
SS_APU_RATE_WZ,0.0002
SEL_HEAD-1_COOLER_STS,1.0
SEL_HEAD-1_PWR_STS,1.0
SEL_HEAD-1_PWR_CNTRL_STS,1.0
SEL_HEAD-1_COOLER_CNTRL_STS,1.0
SEL_HEAD-1_RX_WORDS,0.0004
SEL_HEAD-1_MOON_PRES,1.0
SEL_HEAD-1_DIR_SEARCH_CNT,0.0008
SEL_HEAD-1_NO_OF_STARS_FOV,0.0004
SEL_HEAD-1_BRIGHT_OBJ_CNT,0.0002
SEL_HEAD-1_POS_COH_OUT_STARS,0.0002
SEL_HEAD-1_MAG_COH_OUT_STARS,0.0002
SEL_HEAD-1_USBL_STS,1.0
SEL_HEAD-1_OCCULT_STS,1.0
SEL_HEAD-1_LINK_STS,1.0
SEL_HEAD-1_LINK_ASSIGND,1.0
SEL_HEAD-1_LINK_TIME_OUT,1.0
SEL_HEAD-1_ACK_TIME_OUT,1.0
SEL_HEAD-1_VALID_DATA_STS,1.0
SEL_HEAD-1_EXP_WORD_STS,0.0008
SEL_HEAD-1_TICK_OUT_STS,1.0
SEL_HEAD-1_TX_TIME_OUT_STS,1.0
SEL_HEAD-1_RX_TIME_OUT_STS,1.0
SEL_HEAD-1_DATA_READY_STS,1.0
SEL_HEAD-1_DATA_READ_STS,1.0
SEL_HEAD-1_CAL_CHKSUM_FLG,1.0
SEL_HEAD-1_ACQ_BADPIX_CS_FLG,1.0
SEL_HEAD-1_TRK_BADPIX_CS_FLG,1.0
SEL_HEAD-1_INVALID_FRAME_CNT,0.0008
SEL_HEAD-1_TRK_WIN_ABS_CNT,0.003
SEL_HEAD-1_SYNT_DEF_TRA,0.0004
SEL_HEAD-1_SUN_PRESENCE,1.0
SEL_HEAD-1_Q-1,0.0006
SEL_HEAD-1_Q-2,0.0006
SEL_HEAD-1_Q-3,0.0008
SEL_HEAD-1_NO_AD_STAR_ACQ,0.0062
SEL_HEAD-1_INVALD_STAR_CNT,0.0002
SEL_HEAD-1_NO_STAR_USED_AD,0.0004
SEL_HEAD-1_NO_ID_STAR,0.0062
SEL_HEAD-1_NO_VALD_STAR,0.0062
SEL_HEAD-1_STAR-1_HITS_NO,0.0008
SEL_HEAD-1_STAR-1_THD,0.0008
SEL_HEAD-1_STAR-1_INT_FLAG,1.0
SEL_HEAD-1_STAR-1_BRIGHT_OBJ,1.0
SEL_HEAD-1_STAR-1_OBC_NO_ACQ,0.0008
SEL_HEAD-1_STAR-1_OBC_NO_TRK,0.0008
SEL_HEAD-1_STAR-1_MAG,0.0002
SEL_HEAD-1_STAR-1_X,0.001
SEL_HEAD-1_STAR-1_Y,0.001
SEL_HEAD-1_TOT_BIN_INDX,0.0008
SEL_HEAD-1_STAR-1_MIN_INT_FLAG,1.0
SEL_HEAD-1_STAR-2_HITS_NO,0.0004
SEL_HEAD-1_STAR-2_THD,0.0004
SEL_HEAD-1_STAR-2_INT_FLAG,1.0
SEL_HEAD-1_STAR-2_BRIGHT_OBJ,1.0
SEL_HEAD-1_STAR-2_OBC_NO_ACQ,0.0004
SEL_HEAD-1_STAR-2_OBC_NO_TRK,0.0
SEL_HEAD-1_STAR-2_MAG,0.0014
SEL_HEAD-1_STAR-2_X,0.0002
SEL_HEAD-1_STAR-2_Y,0.0002
SEL_HEAD-1_VALID_BIN_INDX,0.0
SEL_HEAD-1_STAR-2_MIN_INT_FLAG,1.0
SEL_HEAD-1_STAR-3_HITS_NO,0.0012
SEL_HEAD-1_STAR-3_THD,0.0012
SEL_HEAD-1_STAR-3_INT_FLAG,1.0
SEL_HEAD-1_STAR-3_BRIGHT_OBJ,1.0
SEL_HEAD-1_STAR-3_OBC_NO_ACQ,0.0012
SEL_HEAD-1_STAR-3_OBC_NO_TRK,0.0
SEL_HEAD-1_STAR-3_MAG,0.0
SEL_HEAD-1_STAR-3_X,0.0004
SEL_HEAD-1_STAR-3_Y,0.0012
SEL_HEAD-1_TOTAL_CLUSTERS,0.0
SEL_HEAD-1_STAR-3_MIN_INT_FLAG,1.0
SEL_HEAD-1_STAR-4_HITS_NO,0.0006
SEL_HEAD-1_STAR-4_THD,0.0006
SEL_HEAD-1_STAR-4_INT_FLAG,1.0
SEL_HEAD-1_STAR-4_BRIGHT_OBJ,1.0
SEL_HEAD-1_STAR-4_OBC_NO_ACQ,0.0006
SEL_HEAD-1_STAR-4_OBC_NO_TRK,0.0062
SEL_HEAD-1_STAR-4_MAG,0.0
SEL_HEAD-1_STAR-4_X,0.0062
SEL_HEAD-1_STAR-4_Y,0.0006
SEL_HEAD-1_STAR-4_MIN_INT_FLAG,1.0
SEL_HEAD-1_STAR-5_HITS_NO,0.0032
SEL_HEAD-1_STAR-5_THD,0.0032
SEL_HEAD-1_STAR-5_INT_FLAG,1.0
SEL_HEAD-1_STAR-5_BRIGHT_OBJ,1.0
SEL_HEAD-1_STAR-5_OBC_NO_ACQ,0.0032
SEL_HEAD-1_STAR-5_OBC_NO_TRK,0.0006
SEL_HEAD-1_STAR-5_MAG,0.004
SEL_HEAD-1_STAR-5_X,0.0044
SEL_HEAD-1_STAR-5_Y,0.0032
SEL_HEAD-1_VALID_CLUSTERS,0.0006
SEL_HEAD-1_STAR-5_MIN_INT_FLAG,1.0
SEL_HEAD-2_COOLER_STS,1.0
SEL_HEAD-2_PWR_STS,1.0
SEL_HEAD-2_PWR_CNTRL_STS,1.0
SEL_HEAD-2_COOLER_CNTRL_STS,1.0
SEL_HEAD-2_RX_WORDS,0.0004
SEL_HEAD-2_MOON_PRES,1.0
SEL_HEAD-2_DIR_SEARCH_CNT,0.0008
SEL_HEAD-2_NO_OF_STARS_FOV,0.0004
SEL_HEAD-2_BRIGHT_OBJ_CNT,0.0004
SEL_HEAD-2_POS_COH_OUT_STARS,0.0004
SEL_HEAD-2_MAG_COH_OUT_STARS,0.0004
SEL_HEAD-2_USBL_STS,1.0
SEL_HEAD-2_OCCULT_STS,1.0
SEL_HEAD-2_LINK_STS,1.0
SEL_HEAD-2_LINK_ASSIGND,0.0008
SEL_HEAD-2_LINK_TIME_OUT,1.0
SEL_HEAD-2_ACK_TIME_OUT,1.0
SEL_HEAD-2_VALID_DATA_STS,1.0
SEL_HEAD-2_EXP_WORD_STS,0.0008
SEL_HEAD-2_TICK_OUT_STS,1.0
SEL_HEAD-2_TX_TIME_OUT_STS,1.0
SEL_HEAD-2_RX_TIME_OUT_STS,1.0
SEL_HEAD-2_DATA_READY_STS,1.0
SEL_HEAD-2_DATA_READ_STS,1.0
SEL_HEAD-2_CAL_CHKSUM_FLG,1.0
SEL_HEAD-2_ACQ_BADPIX_CS_FLG,1.0
SEL_HEAD-2_TRK_BADPIX_CS_FLG,1.0
SEL_HEAD-2_INVALID_FRAME_CNT,0.0008
SEL_HEAD-2_TRK_WIN_ABS_CNT,0.003
SEL_HEAD-2_SYNT_DEF_TRA,0.0004
SEL_HEAD-2_SUN_PRESENCE,1.0
SEL_HEAD-2_Q-1,0.0008
SEL_HEAD-2_Q-2,0.0026
SEL_HEAD-2_Q-3,0.0026
SEL_HEAD-2_INVALD_STAR_CNT,0.0004
SEL_HEAD-2_NO_STAR_USED_AD,0.0004
SEL_HEAD-2_NO_ID_STAR,0.0022
SEL_HEAD-2_NO_VALD_STAR,0.0022
SEL_HEAD-2_STAR-1_HITS_NO,0.0052
SEL_HEAD-2_STAR-1_THD,0.0052
SEL_HEAD-2_STAR-1_INT_FLAG,1.0
SEL_HEAD-2_STAR-1_BRIGHT_OBJ,1.0
SEL_HEAD-2_STAR-1_OBC_NO_ACQ,0.0052
SEL_HEAD-2_STAR-1_OBC_NO_TRK,0.0018
SEL_HEAD-2_STAR-1_MAG,0.0012
SEL_HEAD-2_STAR-1_X,0.0052
SEL_HEAD-2_STAR-1_Y,0.0052
SEL_HEAD-2_STAR-1_MIN_INT_FLAG,1.0
SEL_HEAD-2_STAR-2_HITS_NO,0.002
SEL_HEAD-2_STAR-2_THD,0.002
SEL_HEAD-2_STAR-2_INT_FLAG,1.0
SEL_HEAD-2_STAR-2_BRIGHT_OBJ,1.0
SEL_HEAD-2_STAR-2_OBC_NO_ACQ,0.002
SEL_HEAD-2_STAR-2_OBC_NO_TRK,0.002
SEL_HEAD-2_STAR-2_MAG,0.002
SEL_HEAD-2_STAR-2_X,0.002
SEL_HEAD-2_STAR-2_Y,0.002
SEL_HEAD-2_STAR-2_MIN_INT_FLAG,1.0
SEL_HEAD-2_STAR-3_HITS_NO,0.0022
SEL_HEAD-2_STAR-3_THD,0.0022
SEL_HEAD-2_STAR-3_INT_FLAG,1.0
SEL_HEAD-2_STAR-3_BRIGHT_OBJ,1.0
SEL_HEAD-2_STAR-3_OBC_NO_ACQ,0.0022
SEL_HEAD-2_STAR-3_OBC_NO_TRK,0.0022
SEL_HEAD-2_STAR-3_MAG,0.002
SEL_HEAD-2_STAR-3_X,0.002
SEL_HEAD-2_STAR-3_Y,0.002
SEL_HEAD-2_STAR-3_MIN_INT_FLAG,1.0
SEL_HEAD-2_STAR-4_HITS_NO,0.0022
SEL_HEAD-2_STAR-4_THD,0.0022
SEL_HEAD-2_STAR-4_INT_FLAG,1.0
SEL_HEAD-2_STAR-4_BRIGHT_OBJ,1.0
SEL_HEAD-2_STAR-4_OBC_NO_ACQ,0.0022
SEL_HEAD-2_STAR-4_OBC_NO_TRK,0.0022
SEL_HEAD-2_STAR-4_MAG,0.0022
SEL_HEAD-2_STAR-4_X,0.0022
SEL_HEAD-2_STAR-4_Y,0.0022
SEL_HEAD-2_STAR-4_MIN_INT_FLAG,1.0
SEL_HEAD-2_STAR-5_HITS_NO,0.0024
SEL_HEAD-2_STAR-5_THD,0.0024
SEL_HEAD-2_STAR-5_INT_FLAG,1.0
SEL_HEAD-2_STAR-5_BRIGHT_OBJ,1.0
SEL_HEAD-2_STAR-5_OBC_NO_ACQ,0.0024
SEL_HEAD-2_STAR-5_OBC_NO_TRK,0.0024
SEL_HEAD-2_STAR-5_MAG,0.0022
SEL_HEAD-2_STAR-5_X,0.0022
SEL_HEAD-2_STAR-5_Y,0.0022
ATC_HTR_NO,0.0026
ATC_HTR_UTP,0.0026
ATC_HTR_LTP,0.0026
ATC_TBL_TM_SEL,0.0028
THR_HTR_TMP_RDB_INDEX,0.0028
BDH_CARD_1_TS005_TMP,0.0026
BDH_DCDC_BASE_M_TS007_TMP,0.0026
SSR_CARD1_TS009_TMP,0.0028
XBS_M_TS013_TMP,0.0032
XPF_Plate-1_XPC_3_4_TS015_TMP,0.0034
XPA_SSPA_M_TS017_TMP,0.0036
XPF_PLATE-1_NR_SSPA_TS019_TMP,0.0038
XPF_PLATE-1_XPC_1_2_TS021_TMP,0.0038
SCTX_10_TS022_TMP,0.004
GCRX_10_LO_deck_M_TS024_TMP,0.004
SPS1_BASE_M_TS026_TMP,0.0042
SPS2_BASE_M_TS028_TMP,0.0044
SPS1_LNA_M_TS030_TMP,0.0044
BAT1_BODY_TS033_TMP,0.0044
BAT1_HTR_M_TS034_TMP,0.0044
BAT2_HTR_M_TS037_TMP,0.0044
BAT_DIFF_PLT_TS039_TMP,0.0046
CPE10_BASE_M_TS046_TMP,0.0018
OBC1_BASE_TS049_TMP,0.0046
OBC1_PKG_TS050_TMP,0.0048
SS1_M_TS053_TMP,0.0048
SS2_M_TS055_TMP,0.0052
APU_BASE_TS057_TMP,0.0052
CONICAL_ES-M_TS058_TMP,0.0052
SAFE_ES-1_M_TS060_TMP,0.0052
RW1_CASING_TS064_TMP,0.0052
RW3_CASING_TS066_TMP,0.0052
DCPE_4_TS068_TMP,0.0054
PPS_PLC_DCPE_3_TS070_TMP,0.0054
IRU_M_TS072_TMP,0.0054
IRU_BASE_TS074_TMP,0.0054
EP02_SADA_SHFT_ASS_TS076_TMP,0.0056
EP04_SADA_SHFT_SS_TS078_TMP,0.0056
PPS_6_MON_TS226_TMP,0.0058
WDE_10_20_TS082_TMP,0.0034
CCD_HP_1_MON_THR03_TS228_TMP,0.0064
P1_SADA_ELX_BASE_TS085_TMP,0.0066
FUELTANK-1_TS087_TMP,0.0008
FUELTANK-2_TS089_TMP,0.0008
LV_M_TS091_TMP,0.001
FCV_R1_TS093_TMP,0.0012
FCV_R2_TS094_TMP,0.0012
FCV_R3_TS095_TMP,0.0016
FCV_R4_TS096_TMP,0.0016
11N_FCV_D1_TS101_TMP,0.002
11N_FCV_D2_TS102_TMP,0.002
11N_PLMLN_1_TS105_TMP,0.002
PL_LN_SHRPNL_1_TS107_TMP,0.0022
PL_LN_DP1_POSY1_TS109_TMP,0.0022
PL_LN_DP1_NEGY_1_TS111_TMP,0.0026
PL_LN_DP1_POSP_1_TS113_TMP,0.0028
SCTX_STC_GCRX-20_TS120_TMP,0.0024
EP04_SADA_HOUS_SS_TS077_TMP,0.0054
IF_RING_POS_Y_TS115_TMP,0.0032
CYLDR_POS_P_TS117_TMP,0.0034
DP01GCRX-10_TS119_TMP,0.004
EP01_PNL_TS122_TMP,0.004
EP03_PNL_TS164_TMP,0.0042
SAFE_ES-1_BP_TS063_TMP,0.0044
PPL_NY_PP_NR_OCM_TS166_TMP,0.0044
SSTM_DIFF_PLT_TS168_TMP,0.0048
PPL_CYL_NEG_P_TS170_TMP,0.0048
XBS-111_TS173_TMP,0.0052
Disp_mHP_at_Sink4_TS185_TMP,0.0052
DCPE_1_TS186_TMP,0.0052
SSTM_DIF_PLT_TS187_TMP,0.0054
SSTM_COMP_MOUNT-1_M_TS169_TMP,0.0054
PPL_NP_NR_SSTM_RAD_TS211_TMP,0.0058
PPL_pY_pP_TS213_TMP,0.006
COMP_mHP_at_Mount4_TS215_TMP,0.006
COMP_mHP_at_Mount6_TS217_TMP,0.0068
DISP_mHP_at_Sink1_TS219_TMP,0.0034
PLC_M_TS175_TMP,0.007
PPS_PLC_DCPE_1_TS176_TMP,0.0072
PPS_CDE_FECE_1_TS177_TMP,0.0084
SCAT_RX2_M_TS147_TMP,0.0038
PPS_7_TS183_TMP,0.0022
OCM_ABRK_BRG_POS_P_TS190_TMP,0.0024
OCM_L_BRG_POS_Y_TS192_TMP,0.0036
OCM_MOTOR_POS_Y_TS194_TMP,0.0054
PPL_NR_OCM_HD_TS196_TMP,0.0038
BAT1_INT_1_TS040_TMP,0.004
BAT1_INT_3_TS042_TMP,0.0052
PPS_CDE_FECE_3_TS224_TMP,0.0018
OCM_TILT_MECH_ELX_TS200_TMP,0.0054
P2_SADA_ELX_AMP-M_TS079_TMP,0.0056
OCM_STR_HTR_TS225_TMP,0.0024
SSTM_FECE_RAD_TS236_TMP,0.0024
SSTM_FECE_TS202_TMP,0.0026
CDE_M_1_TS207_TMP,0.0026
SSTM_TRUSS_BASE-1_TS204_TMP,0.0026
SSTM_SM_CONTG_TS205_TMP,0.0026
CDE_M_2_TS209_TMP,0.0026
SSTM_ELX_M_TS222_TMP,0.0066
CCD_HP_3_MON_TH_TS230_TMP,0.004
SCAT_HDRM_BRK1_TS123_TMP,0.0046
SCAT_HDRM_BRK2_TS124_TMP,0.0078
SCAT_SSM_RJ_M_TS126_TMP,0.0074
SCAT_SSM_BRG-1M_TS128_TMP,0.0074
SCAT_SSM_BRG_2M_TS130_TMP,0.003
SCAT_SSM_MOTOR_M_TS132_TMP,0.0044
SCAT_SSM_IF_M_TS134_TMP,0.0044
SCAT_FESA_TS136_TMP,0.0044
SCAT_LNA_M_TS137_TMP,0.004
SCAT_SCE_M_TS139_TMP,0.004
CCD_HP_5_MON_THR1_TS232_TMP,0.0054
FECE_8_MON_TH_TS234_TMP,0.0056
BAT1_INT_2_TS041_TMP,0.0056
SCAT_RX1_M_TS145_TMP,0.0056
ES1_SCAN_MEC_TS062_TMP,0.0018
SCAT_FG10M_TS149_TMP,0.0018
SCAT_FG20_M_TS151_TMP,0.0058
SCAT_DSS10_M_TS153_TMP,0.0058
SCAT_SCE_M_TS155_TMP,0.0058
COMP_mHP_at_Mount2_TS189_TMP,0.0058
SCAT_TWTA_M_TS159_TMP,0.0058
SCAT_EPC10_TS160_TMP,0.0058
P1_SADA_ELX_AMP-M_TS083_TMP,0.0058
SSR_BASE_M_TS003_TMP,0.006
SCAT_TWTA_M_TS141_TMP,0.008
SCAT_SEP2_CONTG_HTR_TS143_TMP,0.0022
SSR_DCDC_BASE_M_TS011_TMP,0.0042
SP_P_Pitch_PYRO_TS198_TMP,0.0074
BDH_BASE_M_TS001_TMP,0.0078
DISP_mHP_at_Sink3_TS237_TMP,0.0072
COMP_mHP-3_at_DIFFU_TS239_TMP,0.0072
COMP_mHP-4_at_DIFFU_TS240_TMP,0.0064
BDH_CARD3_TS244_TMP,0.0082
DISP_mHP-2_at_DIFFU_TS246_TMP,0.002
DISP_mHP-3_at_DIFFU_TS247_TMP,0.0062
MATHS_FILTER-M_TS249_TMP,0.0062
MATHS_MDE-M_TS257_TMP,0.0062
MATHS_BEARING-1-M_TS251_TMP,0.0064
MATHS_TSU-EPC-M_TS259_TMP,0.0068
MATHS_BEARING-2-M_TS253_TMP,0.0076
MATHS_TSU-BE-M_TS261_TMP,0.0076
DP01SCTX_STC-10_TS263_TMP,0.0076
GCRX_10_RF_DECK_M_TS264_TMP,0.0076
MATHS_TSU-FE-M_TS266_TMP,0.0076
MATHS_HSU-FE-M_TS268_TMP,0.0076
DISPLACER_SINK-M_TS275_TMP,0.0078
COMP_MOUNT-M_TS277_TMP,0.0078
MATHS_HSU-FG-M_TS255_TMP,0.0078
COMP_MOUNT4_TS279_TMP,0.0084
DISPLACER_SINK-1_TS280_TMP,0.0028
COMPRESSOR_BODY_TS281_TMP,0.0028
SAFE_ES-2_M_TS282_TMP,0.0028
SSTM_DISP_MOUNT-1_TS273_TMP,0.003
SAFE_ES-1_Det_plate_TS284_TMP,0.0038
SSTM_ELX_Int_TS206_TMP,0.004
MATHS_Motor-M_TS270_TMP,0.0042
MATHS_PLC-FPGA_TS290_TMP,0.0042
OCM_HDRM_PYRO_TS288_TMP,0.0042
BDH_CARD_2_TS006_TMP,0.0002
BDH_DCDC_BASE_R_TS008_TMP,0.0012
SSR_CARD2_TS010_TMP,0.0076
XBS_R_TS014_TMP,0.0018
XPF_Plate-2_XPC_5_6_TS016_TMP,0.0018
XPA_SSPA_R_TS018_TMP,0.004
XPF_PLATE-2_XPC_7_8_TS020_TMP,0.004
SPS_DCDC_BASE_TS032_TMP,0.0042
SCTX_20_TS023_TMP,0.0002
GCRX_20_LO_deck_R_TS025_TMP,0.0044
SPS2_BASE_R_TS027_TMP,0.0044
SPS1_BASE_R_TS029_TMP,0.005
SPS2_LNA_R_TS031_TMP,0.005
BAT1_HTR_R_TS035_TMP,0.0002
BAT2_BODY_TS036_TMP,0.0004
BAT2_HTR_R_TS038_TMP,0.0018
CPE10_BASE_R_TS047_TMP,0.0004
EP03_PNL_CONTG_HTR_TS048_TMP,0.0012
OBC2_PKG_TS052_TMP,0.0012
OBC2_BASE_TS051_TMP,0.0006
SS1_R_TS054_TMP,0.002
SS2_R_TS056_TMP,0.001
CONICAL_ES-R_TS059_TMP,0.0004
SAFE_ES-1_R_TS061_TMP,0.002
RW2_CASING_TS065_TMP,0.002
RW4_CASING_TS067_TMP,0.0062
PPS_CDE_FECE4_TS069_TMP,0.0062
PPS_PLC_DCPE_4_TS071_TMP,0.0062
IRU_R_TS073_TMP,0.0062
EP02_SADA_HOUS_ASS_TS075_TMP,0.0064
PPS_7_MON_TS227_TMP,0.0064
CCD_HP_2_MON_TH_TS229_TMP,0.0064
WDE_20_30_TS086_TMP,0.0002
P2_SADA_ELX_BASE_TS081_TMP,0.0002
FUELTANK-1_TS088_TMP,0.0002
FUELTANK-2_TS090_TMP,0.0002
LV_R_TS092_TMP,0.0004
FCV_R5_TS097_TMP,0.0004
FCV_R6_TS098_TMP,0.0004
FCV_R7_TS099_TMP,0.0004
FCV_R8_TS100_TMP,0.0006
11N_FCV_D3_TS103_TMP,0.0006
11N_FCV_D4_TS104_TMP,0.0006
11N_PLMLN_2_TS106_TMP,0.0008
PL_LN_SHRPNL_2_TS108_TMP,0.0008
PL_LN_DP1_POSY_2_TS110_TMP,0.0008
PL_LN_DP1_NEGY_2_TS112_TMP,0.0008
PL_LN_DP1_POSP_2_TS114_TMP,0.001
IF_RING_NEG_Y_TS116_TMP,0.001
CYLDR_NEG_P_TS118_TMP,0.0012
DP02_PNL_TS121_TMP,0.0012
EP02_PNL_TS163_TMP,0.0012
EP04_PNL_TS165_TMP,0.0012
PPL_NP_NR_SSTM_RAD_TS167_TMP,0.0014
PPL_CYL_POS_P_TS171_TMP,0.0014
DP01_CJ_BOX_TS172_TMP,0.0014
XBS-211_TS174_TMP,0.0016
SSTM_DIF_PLT_TS188_TMP,0.0016
SSTM_TRUSS_BASE-2_TS157_TMP,0.0018
DISP_mHP_at_Sink2_TS220_TMP,0.0018
PPL_NR_PLC_TS212_TMP,0.0018
COMP_mHP_at_Mount3_TS214_TMP,0.002
COMP_mHP_at_Mount5_TS216_TMP,0.002
SSTM_CM-1_NR_COMP_TS218_TMP,0.002
PLC_R_TS178_TMP,0.002
PPS_CDE_FECE_2_TS180_TMP,0.0022
DCPE_3_TS181_TMP,0.0086
PPS_6_TS182_TMP,0.0022
PPS_PLC_DCPE_2_TS179_TMP,0.0022
DCPE_2_TS184_TMP,0.0024
OCM_ABRK_BRG_NEG_P_TS191_TMP,0.0024
OCM_L_BRG_NEG_Y_TS193_TMP,0.0024
PPS_7_TS195_TMP,0.0024
OCM_HD_BRKT_TS197_TMP,0.0026
BAT2_INT_1_TS043_TMP,0.0026
BAT2_INT_3_TS045_TMP,0.0026
P2_SADA_ELX_AMP-R_TS080_TMP,0.0026
SP_N_Pitch_PYRO_TS199_TMP,0.0028
DISPLACER_BODY_TS203_TMP,0.0028
CDE_R_1_TS208_TMP,0.003
SSTM_ELX_Int_TS287_TMP,0.003
SSTM_SM_BRG_TR_TS221_TMP,0.003
CDE_R_2_TS210_TMP,0.003
SSTM_ELX_R_TS223_TMP,0.0032
CCD_HP_4_MON__TS231_TMP,0.0032
SCAT_HDRM_BRK3_TS125_TMP,0.0074
SCAT_SSM_RJ_R_TS127_TMP,0.002
SCAT_SSM_BRG-1R_TS129_TMP,0.0034
SCAT_SSM_BRG_2R_TS131_TMP,0.0074
SCAT_SSM_MOTOR_R_TS133_TMP,0.0078
SCAT_SSM_IF_R_TS135_TMP,0.0078
SCAT_LNA_R_TS138_TMP,0.0022
SCAT_SCE_R_TS140_TMP,0.0074
FECE_3_MON_T_TS233_TMP,0.0076
FECE_13_MON_THR2_TS235_TMP,0.0026
SCAT_RX1_R_TS146_TMP,0.0026
SCAT_RX2_R_TS148_TMP,0.0026
SCAT_FG10R_TS150_TMP,0.0026
SCAT_FG20_R_TS152_TMP,0.0024
SCAT_DSS10_R_TS154_TMP,0.0022
SCAT_SCE_R_TS156_TMP,0.0024
SSTM_TRUSS_BASE-3_TS158_TMP,0.0026
SCAT_TWTA_R_TS161_TMP,0.0026
SCAT_EPC20_TS162_TMP,0.0026
BAT2_INT_2_TS044_TMP,0.0026
PPS_6_TS201_TMP,0.009
P1_SADA_ELX_AMP-R_TS084_TMP,0.0034
SSR_BASE_R_TS004_TMP,0.0026
SCAT_TWTA_R_TS142_TMP,0.0026
SCAT_SEP4_CONTG_HTR_TS144_TMP,0.0034
SSR_DCDC_BASE_R_TS012_TMP,0.0036
DISP_mHP-1_at_DIFFU_TS243_TMP,0.0064
BDH_BASE_R_TS002_TMP,0.0064
COMP_mHP-2_at_DIFFU_TS238_TMP,0.0064
COMP_mHP-5_at_DIFFU_TS241_TMP,0.0072
COMP_mHP-6_at_DIFFU_TS242_TMP,0.0072
BDH_CARD4_TS245_TMP,0.0026
DISP_mHP-4_at_DIFFU_TS248_TMP,0.0026
MATHS_HSU-FG-R_TS256_TMP,0.0044
MATHS_FILTER-R_TS250_TMP,0.0044
MATHS_MDE-R_TS258_TMP,0.0044
MATHS_BEARING-1-R_TS252_TMP,0.0044
MATHS_TSU-EPC-R_TS260_TMP,0.0044
MATHS_BEARING-2-R_TS254_TMP,0.0046
MATHS_TSU-BE-R_TS262_TMP,0.0046
COMP_MOUNT-R_TS278_TMP,0.0048
GCRX_20_RF_DECK_R_TS265_TMP,0.0048
MATHS_TSU-FE-R_TS267_TMP,0.0048
MATHS_HSU-FE-R_TS269_TMP,0.0048
SAFE_ES-2_R_TS283_TMP,0.005
SSTM_DISP_MOUNT-1_TS274_TMP,0.0054
SAFE_ES-2_Det_plate_TS286_TMP,0.0054
SCAT_HDRM_PYRO_TS289_TMP,0.0054
MATHS_Motor-R_TS271_TMP,0.0054
SSTM_COMP_MOUNT-1_TS272_TMP,0.0054
SN97_98_TS292_TMP,0.0054
SAFE_ES-2_BP_TS285_TMP,0.0056
DISPLACER_SINK-R_TS276_TMP,0.0056
MATHS_PLC-FPGA_TS291_TMP,0.0058
DP01_MLI_PRT05_TMP,0.0036
SSTM_M_RAD_PRT10_TMP,0.0036
4PI_SN52_PRT08_TMP,0.0038
SOLAR_Panel-11_PRT01_TMP,0.0042
SOLAR_Panel-21_PRT03_TMP,0.0012
EP_03_MLI_PRT06_TMP,0.0028
SCAT_MLI_PRT07_TMP,0.003
4PI_SN52_PRT09_TMP,0.0028
SOLAR_Panel-12_PRT02_TMP,0.0042
SOLAR_Panel-22_PRT04_TMP,0.0054
RCS_THR_R1_TC001_TMP,0.0044
RCS_THR_R2_TC002_TMP,0.0034
RCS_THR_R3_TC003_TMP,0.0024
RCS_THR_R4_TC004_TMP,0.0026
RCS_THR_D1_TC009_TMP,0.0028
RCS_THR_D3_TC011_TMP,0.0028
RCS_THR_R5_TC005_TMP,0.0012
RCS_THR_R6_TC006_TMP,0.0042
RCS_THR_R7_TC007_TMP,0.0016
RCS_THR_R8_TC008_TMP,0.0028
RCS_THR_D2_TC010_TMP,0.0058
RCS_THR_D4_TC012_TMP,0.0058
SCAT_SEP02_TWTA_M_OBC_H1_STS,1.0
SSTM_Radiator_2_M_OBC_H2_STS,1.0
MATHS_TSU-FE-M_OBC_H3_STS,1.0
PLCHTR-M_OBC_H4_STS,1.0
1N_FCV_R3R4_M_OBC_H6_STS,1.0
PL_Ln_11NCYLin_M_OBC_H7_STS,1.0
SCAT_SEP03_RX_M_OBC_H8_STS,1.0
BDH_BASE_M_OBC_H9_STS,1.0
SSTM_DISP_MOUNT1M_OBC_H10_STS,1.0
ES_SN-21HTR_M_OBC_H11_STS,1.0
RW-10_CASING_OBC_H12_STS,1.0
1N_Thr_bed_R5R6_M_OBC_H13_STS,1.0
EP-03_PANEL_CONTG_OBC_H14_STS,1.0
SSTM_FECE_OBC_H15_STS,1.0
PPS-PLC-DCPE-1_OBC_H17_STS,1.0
SCAT_SEP-04_DSS_M_OBC_H18_STS,1.0
MATHS_HSU-FE-M_OBC_H19_STS,1.0
EP-02_BAT-10_M_OBC_H20_STS,1.0
1N_FCV_R1R2_M_OBC_H22_STS,1.0
MATHS_Motor-M_OBC_H23_STS,1.0
RCS_Tank-1_M_OBC_H24_STS,1.0
EP-03_SPS-250_M_OBC_H25_STS,1.0
PL_Ln_DP01_EP02_M_OBC_H26_STS,1.0
1N_Thr_bed_R1R2_M_OBC_H27_STS,1.0
SCAT_SEP03_FG_M_OBC_H28_STS,1.0
SSTM_COMP_MOUNT1M_OBC_H29_STS,1.0
EP-03_SN-32_M_OBC_H30_STS,1.0
SSTM_SM_ELX_M_OBC_H31_STS,1.0
DCPE-4_OBC_H33_STS,1.0
PPL-2_NR_SSTM_RAD_OBC_H34_STS,1.0
MATHS_BEARING-1-M_OBC_H35_STS,1.0
MATHS_TSU-EPC-M_OBC_H36_STS,1.0
SSTM_DISP_M_OBC_H39_STS,1.0
EP-01_XPC_SINK_OBC_H41_STS,1.0
EP-04_OBC-10/20_M_OBC_H49_STS,1.0
PPL-1_NEAR_OCM_OBC_H50_STS,1.0
PPS-CDE-FECE-1_OBC_H52_STS,1.0
1N_FCV_R5R6_M_OBC_H53_STS,1.0
11N_FCV_D1D3_M_OBC_H54_STS,1.0
EP-03_CPE-10_M_OBC_H55_STS,1.0
SCAT_SSM_BRG_M_OBC_H57_STS,1.0
SCAT_SEP03_FG_M_OBC_H58_STS,1.0
1N_Thr_bed_R3R4_M_OBC_H59_STS,1.0
SCAT_SCE_M_OBC_H60_STS,1.0
PL_Ln_DP01_EP03_M_OBC_H62_STS,1.0
PL_Ln_sh_PNL-1_M_OBC_H63_STS,1.0
EP-03_SN-31_M_OBC_H65_STS,1.0
SSTM_RAD_1_M_OBC_H66_STS,1.0
SCAT_SEP02_CONTG_OBC_H67_STS,1.0
CDE-2_M_OBC_H68_STS,1.0
EP-01_SN-52_M_OBC_H69_STS,1.0
11N_Thr_bed_D1D3_M_OBC_H71_STS,1.0
DCPE-3_OBC_H72_STS,1.0
EP01_SMS_SN_202_M_OBC_H73_STS,1.0
IRU_BASE_M_OBC_H74_STS,1.0
SSTM_TRUSS_BASE-1_OBC_H75_STS,1.0
RW-30_CASING_OBC_H76_STS,1.0
LV_Filter_M_OBC_H77_STS,1.0
1N_FCV_R7R8_M_OBC_H78_STS,1.0
EP-04_BE-10_OBC_H79_STS,1.0
PPS-PLC-DCPE-HTR3_OBC_H81_STS,1.0
MATHS_HSU-FG-M_OBC_H83_STS,1.0
MATHS_MDE-M_OBC_H84_STS,1.0
SSTM_COMP_M_OBC_H87_STS,1.0
EP02_WDE_10_40_OBC_H97_STS,1.0
DCPEHTR-1_OBC_H98_STS,1.0
SSTM_RAD_CONTG_1_OBC_H99_STS,1.0
PPS-CDE-FECEHTR3_OBC_H100_STS,1.0
SCAT_RJ_M_OBC_H101_STS,1.0
11N_FCV_D2D4_M_OBC_H102_STS,1.0
SCAT_SEP04_RX_M_OBC_H103_STS,1.0
SMS_SN_201_HTR_M_OBC_H105_STS,1.0
MATHS_FILTER-M_OBC_H106_STS,1.0
SCTX_STC_GCRX-20_OBC_H107_STS,1.0
11NThr_bed_D2D4_M_OBC_H108_STS,1.0
SSR_BASE-M_OBC_H111_STS,1.0
SCAT_ANT_HLD_DOWN_OBC_H113_STS,1.0
CDE-1_M_OBC_H114_STS,1.0
EP-02_BAT-20_M_OBC_H115_STS,1.0
PPS-7_OBC_H116_STS,1.0
PL_Ln_DP01_EP01_M_OBC_H117_STS,1.0
DP02_OCM_TILT_ELX_OBC_H119_STS,1.0
RCS_Tank-2_M_OBC_H121_STS,1.0
SCAT_SSM_BASE_M_OBC_H124_STS,1.0
1N_Thr_bed_R7R8_M_OBC_H126_STS,1.0
EP-03_SPS-260_M_OBC_H127_STS,1.0
PPS-7-HTR_2_OBC_H129_STS,1.0
MATHS_BEARING-2-M_OBC_H131_STS,1.0
MATHS_TSU-BE-M_OBC_H132_STS,1.0
SSTM_COMP_CONTG_OBC_H135_STS,1.0
SCAT_SEP02_TWTA_R_OBC_H193_STS,1.0
SSTM_Radiator_2_R_OBC_H194_STS,1.0
MATHS_TSU-FE-R_OBC_H195_STS,1.0
PLCHTR-R_OBC_H196_STS,1.0
1N_FCV_R3R4_R_OBC_H198_STS,1.0
PL_Ln_11NCYLin_R_OBC_H199_STS,1.0
SCAT_SEP03_RX_R_OBC_H200_STS,1.0
BDH_BASE_R_OBC_H201_STS,1.0
SSTM_DISP_MOUNT1R_OBC_H202_STS,1.0
ES_SN-21HTR_R_OBC_H203_STS,1.0
RW-20_CASING_OBC_H204_STS,1.0
1N_Thr_bed_R5R6_R_OBC_H205_STS,1.0
SCAT_LNA_FESA_OBC_H206_STS,1.0
PPS-PLC-DCPEHTR2_OBC_H209_STS,1.0
SCAT_SEP-04_DSS_R_OBC_H210_STS,1.0
MATHS_HSU-FE-R_OBC_H211_STS,1.0
EP-02_BAT-10_R_OBC_H212_STS,1.0
1N_FCV_R1R2_R_OBC_H214_STS,1.0
MATHS_Motor-R_OBC_H215_STS,1.0
RCS_Tank-1_R_OBC_H216_STS,1.0
EP-03_SPS-250_R_OBC_H217_STS,1.0
PL_Ln_DP01_EP02_R_OBC_H218_STS,1.0
1N_Thr_bed_R1R2_R_OBC_H219_STS,1.0
SCAT_SEP03_FG_R_OBC_H220_STS,1.0
SSTM_COMP_MOUNT1R_OBC_H221_STS,1.0
EP-03_SN-32_R_OBC_H222_STS,1.0
SSTM_SM_ELX_R_OBC_H223_STS,1.0
PPS-CDE-FECE-HTR4_OBC_H225_STS,1.0
PPL-4_OBC_H226_STS,1.0
MATHS_BEARING-1-R_OBC_H227_STS,1.0
MATHS_TSU-EPC-R_OBC_H228_STS,1.0
SSTM_DISP_R_OBC_H231_STS,1.0
EP-01_XBS_SINK_OBC_H233_STS,1.0
EP-04_OBC-10/20_R_OBC_H241_STS,1.0
PPL-3_NR_SSTM_RAD_OBC_H242_STS,1.0
PPS-CDE-FECEHTR2_OBC_H244_STS,1.0
1N_FCV_R5R6_R_OBC_H245_STS,1.0
11N_FCV_D1D3_R_OBC_H246_STS,1.0
EP-03_CPE-10_R_OBC_H247_STS,1.0
SCAT_SSM_BRG_R_OBC_H249_STS,1.0
SCAT_SEP03_FG_R_OBC_H250_STS,1.0
1N_Thr_bed_R3R4_R_OBC_H251_STS,1.0
SCAT_SCE_R_OBC_H252_STS,1.0
PL_Ln_DP01_EP03_R_OBC_H254_STS,1.0
PL_Ln_sh_PNL-1_R_OBC_H255_STS,1.0
EP-03_SN-31_R_OBC_H257_STS,1.0
SSTM_Radiator_1_R_OBC_H258_STS,1.0
SCAT_SEP04_CONTG_OBC_H259_STS,1.0
CDE-2_R_OBC_H260_STS,1.0
EP-01_SN-52_R_OBC_H261_STS,1.0
11NThr_bed_D1D3_R_OBC_H263_STS,1.0
OCM_STR_OBC_H264_STS,1.0
EP01_SMS_SN_202_R_OBC_H265_STS,1.0
IRU_BASE_R_OBC_H266_STS,1.0
SSTM_TRUSS_base-2_OBC_H267_STS,1.0
RW-40_CASING_OBC_H268_STS,1.0
LV_Filter_R_OBC_H269_STS,1.0
1N_FCV_R7R8_R_OBC_H270_STS,1.0
EP-02_BE-20_OBC_H271_STS,1.0
PPS-PLC-DCPE-HTR4_OBC_H273_STS,1.0
MATHS_HSU-FG-R_OBC_H275_STS,1.0
MATHS_MDE-R_OBC_H276_STS,1.0
SSTM_COMP_R_OBC_H279_STS,1.0
EP04_WDE_20_30_OBC_H289_STS,1.0
PPS-6_OBC_H290_STS,1.0
SSTM_RAD_CONTG_2_OBC_H291_STS,1.0
EP-02_BAT_PLATE_OBC_H292_STS,1.0
SCAT_RJ_R_OBC_H293_STS,1.0
11N_FCV_D2D4_R_OBC_H294_STS,1.0
SCAT_SEP04_RX_R_OBC_H295_STS,1.0
SMS_SN_201HTR_R_OBC_H297_STS,1.0
MATHS_FILTER-R_OBC_H298_STS,1.0
SSTM_TRUSS_BASE-3_OBC_H299_STS,1.0
11NThr_bed_D2D4_R_OBC_H300_STS,1.0
SSR_BASE-R_OBC_H303_STS,1.0
EP-01XPF_PLATE-1_OBC_H305_STS,1.0
CDE-1_R_OBC_H306_STS,1.0
EP-02_BAT-20_R_OBC_H307_STS,1.0
DCPE-2_OBC_H308_STS,1.0
PL_Ln_DP01_EP01_R_OBC_H309_STS,1.0
RCS_Tank-2_R_OBC_H313_STS,1.0
PPL_NEAR_PLC_OBC_H315_STS,1.0
SCAT_SSM_BASE_R_OBC_H316_STS,1.0
1N_Thr_bed_R7R8_R_OBC_H318_STS,1.0
EP-03_SPS-260_R_OBC_H319_STS,1.0
PPS-6-HTR_2_OBC_H321_STS,1.0
MATHS_BEARING-2-R_OBC_H323_STS,1.0
MATHS_TSU-BE-R_OBC_H324_STS,1.0
SSTM_DISP_CONTG_OBC_H327_STS,1.0
SCAT_SEP02_TWTA_M_OBC_H1_ATC,1.0
SSTM_Radiator_2_M_OBC_H2_ATC,1.0
MATHS_TSU-FE-M_OBC_H3_ATC,1.0
PLCHTR-M_OBC_H4_ATC,1.0
1N_FCV_R3R4_M_OBC_H6_ATC,1.0
PL_Ln_11NCYLin_M_OBC_H7_ATC,1.0
SCAT_SEP03_RX_M_OBC_H8_ATC,1.0
BDH_BASE_M_OBC_H9_ATC,1.0
SSTM_DISP_MOUNT1M_OBC_H10_ATC,1.0
ES_SN-21HTR_M_OBC_H11_ATC,1.0
RW-10_CASING_OBC_H12_ATC,1.0
1N_Thr_bed_R5R6_M_OBC_H13_ATC,1.0
EP-03_PANEL_CONTG_OBC_H14_ATC,1.0
SSTM_FECE_OBC_H15_ATC,1.0
PPS-PLC-DCPE-1_OBC_H17_ATC,1.0
SCAT_SEP-04_DSS_M_OBC_H18_ATC,1.0
MATHS_HSU-FE-M_OBC_H19_ATC,1.0
EP-02_BAT-10_M_OBC_H20_ATC,1.0
1N_FCV_R1R2_M_OBC_H22_ATC,1.0
MATHS_Motor-M_OBC_H23_ATC,1.0
RCS_Tank-1_M_OBC_H24_ATC,1.0
EP-03_SPS-250_M_OBC_H25_ATC,1.0
PL_Ln_DP01_EP02_M_OBC_H26_ATC,1.0
1N_Thr_bed_R1R2_M_OBC_H27_ATC,1.0
SCAT_SEP03_FG_M_OBC_H28_ATC,1.0
SSTM_COMP_MOUNT1M_OBC_H29_ATC,1.0
EP-03_SN-32_M_OBC_H30_ATC,1.0
SSTM_SM_ELX_M_OBC_H31_ATC,1.0
DCPE-4_OBC_H33_ATC,1.0
PPL-2_NR_SSTM_RAD_OBC_H34_ATC,1.0
MATHS_BEARING-1-M_OBC_H35_ATC,1.0
MATHS_TSU-EPC-M_OBC_H36_ATC,1.0
SSTM_DISP_M_OBC_H39_ATC,1.0
EP-01_XPC_SINK_OBC_H41_ATC,1.0
EP-04_OBC-10/20_M_OBC_H49_ATC,1.0
PPL-1_NEAR_OCM_OBC_H50_ATC,1.0
PPS-CDE-FECE-1_OBC_H52_ATC,1.0
1N_FCV_R5R6_M_OBC_H53_ATC,1.0
11N_FCV_D1D3_M_OBC_H54_ATC,1.0
EP-03_CPE-10_M_OBC_H55_ATC,1.0
SCAT_SSM_BRG_M_OBC_H57_ATC,1.0
SCAT_SEP03_FG_M_OBC_H58_ATC,1.0
1N_Thr_bed_R3R4_M_OBC_H59_ATC,1.0
SCAT_SCE_M_OBC_H60_ATC,1.0
PL_Ln_DP01_EP03_M_OBC_H62_ATC,1.0
PL_Ln_sh_PNL-1_M_OBC_H63_ATC,1.0
EP-03_SN-31_M_OBC_H65_ATC,1.0
SSTM_RAD_1_M_OBC_H66_ATC,1.0
SCAT_SEP02_CONTG_OBC_H67_ATC,1.0
CDE-2_M_OBC_H68_ATC,1.0
EP-01_SN-52_M_OBC_H69_ATC,1.0
11N_Thr_bed_D1D3_M_OBC_H71_ATC,1.0
DCPE-3_OBC_H72_ATC,1.0
EP01_SMS_SN_202_M_OBC_H73_ATC,1.0
IRU_BASE_M_OBC_H74_ATC,1.0
SSTM_TRUSS_BASE-1_OBC_H75_ATC,1.0
RW-30_CASING_OBC_H76_ATC,1.0
LV_Filter_M_OBC_H77_ATC,1.0
1N_FCV_R7R8_M_OBC_H78_ATC,1.0
EP-04_BE-10_OBC_H79_ATC,1.0
PPS-PLC-DCPE-HTR3_OBC_H81_ATC,1.0
MATHS_HSU-FG-M_OBC_H83_ATC,1.0
MATHS_MDE-M_OBC_H84_ATC,1.0
SSTM_COMP_M_OBC_H87_ATC,1.0
EP02_WDE_10_40_OBC_H97_ATC,1.0
DCPEHTR-1_OBC_H98_ATC,1.0
SSTM_RAD_CONTG_1_OBC_H99_ATC,1.0
PPS-CDE-FECEHTR3_OBC_H100_ATC,1.0
SCAT_RJ_M_OBC_H101_ATC,1.0
11N_FCV_D2D4_M_OBC_H102_ATC,1.0
SCAT_SEP04_RX_M_OBC_H103_ATC,1.0
SMS_SN_201_HTR_M_OBC_H105_ATC,1.0
MATHS_FILTER-M_OBC_H106_ATC,1.0
SCTX_STC_GCRX-20_OBC_H107_ATC,1.0
11NThr_bed_D2D4_M_OBC_H108_ATC,1.0
SSR_BASE-M_OBC_H111_ATC,1.0
SCAT_ANT_HLD_DOWN_OBC_H113_ATC,1.0
CDE-1_M_OBC_H114_ATC,1.0
EP-02_BAT-20_M_OBC_H115_ATC,1.0
PPS-7_OBC_H116_ATC,1.0
PL_Ln_DP01_EP01_M_OBC_H117_ATC,1.0
DP02_OCM_TILT_ELX_OBC_H119_ATC,1.0
RCS_Tank-2_M_OBC_H121_ATC,1.0
SCAT_SSM_BASE_M_OBC_H124_ATC,1.0
1N_Thr_bed_R7R8_M_OBC_H126_ATC,1.0
EP-03_SPS-260_M_OBC_H127_ATC,1.0
PPS-7-HTR_2_OBC_H129_ATC,1.0
MATHS_BEARING-2-M_OBC_H131_ATC,1.0
MATHS_TSU-BE-M_OBC_H132_ATC,1.0
SSTM_COMP_CONTG_OBC_H135_ATC,1.0
SCAT_SEP02_TWTA_R_OBC_H193_ATC,1.0
SSTM_Radiator_2_R_OBC_H194_ATC,1.0
MATHS_TSU-FE-R_OBC_H195_ATC,1.0
PLCHTR-R_OBC_H196_ATC,1.0
1N_FCV_R3R4_R_OBC_H198_ATC,1.0
PL_Ln_11NCYLin_R_OBC_H199_ATC,1.0
SCAT_SEP03_RX_R_OBC_H200_ATC,1.0
BDH_BASE_R_OBC_H201_ATC,1.0
SSTM_DISP_MOUNT1R_OBC_H202_ATC,1.0
ES_SN-21HTR_R_OBC_H203_ATC,1.0
RW-20_CASING_OBC_H204_ATC,1.0
1N_Thr_bed_R5R6_R_OBC_H205_ATC,1.0
SCAT_LNA_FESA_OBC_H206_ATC,1.0
PPS-PLC-DCPEHTR2_OBC_H209_ATC,1.0
SCAT_SEP-04_DSS_R_OBC_H210_ATC,1.0
MATHS_HSU-FE-R_OBC_H211_ATC,1.0
EP-02_BAT-10_R_OBC_H212_ATC,1.0
1N_FCV_R1R2_R_OBC_H214_ATC,1.0
MATHS_Motor-R_OBC_H215_ATC,1.0
RCS_Tank-1_R_OBC_H216_ATC,1.0
EP-03_SPS-250_R_OBC_H217_ATC,1.0
PL_Ln_DP01_EP02_R_OBC_H218_ATC,1.0
1N_Thr_bed_R1R2_R_OBC_H219_ATC,1.0
SCAT_SEP03_FG_R_OBC_H220_ATC,1.0
SSTM_COMP_MOUNT1R_OBC_H221_ATC,1.0
EP-03_SN-32_R_OBC_H222_ATC,1.0
SSTM_SM_ELX_R_OBC_H223_ATC,1.0
PPS-CDE-FECE-HTR4_OBC_H225_ATC,1.0
PPL-4_OBC_H226_ATC,1.0
MATHS_BEARING-1-R_OBC_H227_ATC,1.0
MATHS_TSU-EPC-R_OBC_H228_ATC,1.0
SSTM_DISP_R_OBC_H231_ATC,1.0
EP-01_XBS_SINK_OBC_H233_ATC,1.0
EP-04_OBC-10/20_R_OBC_H241_ATC,1.0
PPL-3_NR_SSTM_RAD_OBC_H242_ATC,1.0
PPS-CDE-FECEHTR2_OBC_H244_ATC,1.0
1N_FCV_R5R6_R_OBC_H245_ATC,1.0
11N_FCV_D1D3_R_OBC_H246_ATC,1.0
EP-03_CPE-10_R_OBC_H247_ATC,1.0
SCAT_SSM_BRG_R_OBC_H249_ATC,1.0
SCAT_SEP03_FG_R_OBC_H250_ATC,1.0
1N_Thr_bed_R3R4_R_OBC_H251_ATC,1.0
SCAT_SCE_R_OBC_H252_ATC,1.0
PL_Ln_DP01_EP03_R_OBC_H254_ATC,1.0
PL_Ln_sh_PNL-1_R_OBC_H255_ATC,1.0
EP-03_SN-31_R_OBC_H257_ATC,1.0
SSTM_Radiator_1_R_OBC_H258_ATC,1.0
SCAT_SEP04_CONTG_OBC_H259_ATC,1.0
CDE-2_R_OBC_H260_ATC,1.0
EP-01_SN-52_R_OBC_H261_ATC,1.0
11NThr_bed_D1D3_R_OBC_H263_ATC,1.0
OCM_STR_OBC_H264_ATC,1.0
EP01_SMS_SN_202_R_OBC_H265_ATC,1.0
IRU_BASE_R_OBC_H266_ATC,1.0
SSTM_TRUSS_base-2_OBC_H267_ATC,1.0
RW-40_CASING_OBC_H268_ATC,1.0
LV_Filter_R_OBC_H269_ATC,1.0
1N_FCV_R7R8_R_OBC_H270_ATC,1.0
EP-02_BE-20_OBC_H271_ATC,1.0
PPS-PLC-DCPE-HTR4_OBC_H273_ATC,1.0
MATHS_HSU-FG-R_OBC_H275_ATC,1.0
MATHS_MDE-R_OBC_H276_ATC,1.0
SSTM_COMP_R_OBC_H279_ATC,1.0
EP04_WDE_20_30_OBC_H289_ATC,1.0
PPS-6_OBC_H290_ATC,1.0
SSTM_RAD_CONTG_2_OBC_H291_ATC,1.0
EP-02_BAT_PLATE_OBC_H292_ATC,1.0
SCAT_RJ_R_OBC_H293_ATC,1.0
11N_FCV_D2D4_R_OBC_H294_ATC,1.0
SCAT_SEP04_RX_R_OBC_H295_ATC,1.0
SMS_SN_201HTR_R_OBC_H297_ATC,1.0
MATHS_FILTER-R_OBC_H298_ATC,1.0
SSTM_TRUSS_BASE-3_OBC_H299_ATC,1.0
11NThr_bed_D2D4_R_OBC_H300_ATC,1.0
SSR_BASE-R_OBC_H303_ATC,1.0
EP-01XPF_PLATE-1_OBC_H305_ATC,1.0
CDE-1_R_OBC_H306_ATC,1.0
EP-02_BAT-20_R_OBC_H307_ATC,1.0
DCPE-2_OBC_H308_ATC,1.0
PL_Ln_DP01_EP01_R_OBC_H309_ATC,1.0
RCS_Tank-2_R_OBC_H313_ATC,1.0
PPL_NEAR_PLC_OBC_H315_ATC,1.0
SCAT_SSM_BASE_R_OBC_H316_ATC,1.0
1N_Thr_bed_R7R8_R_OBC_H318_ATC,1.0
EP-03_SPS-260_R_OBC_H319_ATC,1.0
PPS-6-HTR_2_OBC_H321_ATC,1.0
MATHS_BEARING-2-R_OBC_H323_ATC,1.0
MATHS_TSU-BE-R_OBC_H324_ATC,1.0
SSTM_DISP_CONTG_OBC_H327_ATC,1.0
SCAT_SEP02_TWTA_M_OBC_H1_UTP,0.0026
SSTM_Radiator_2_M_OBC_H2_UTP,0.0058
MATHS_TSU-FE-M_OBC_H3_UTP,0.009
PLCHTR-M_OBC_H4_UTP,0.0122
1N_FCV_R3R4_M_OBC_H6_UTP,0.0186
PL_Ln_11NCYLin_M_OBC_H7_UTP,0.0218
SCAT_SEP03_RX_M_OBC_H8_UTP,0.025
BDH_BASE_M_OBC_H9_UTP,0.0282
SSTM_DISP_MOUNT1M_OBC_H10_UTP,0.0314
ES_SN-21HTR_M_OBC_H11_UTP,0.0346
RW-10_CASING_OBC_H12_UTP,0.0378
1N_Thr_bed_R5R6_M_OBC_H13_UTP,0.041
EP-03_PANEL_CONTG_OBC_H14_UTP,0.0442
SSTM_FECE_OBC_H15_UTP,0.0474
PPS-PLC-DCPE-1_OBC_H17_UTP,0.0538
SCAT_SEP-04_DSS_M_OBC_H18_UTP,0.057
MATHS_HSU-FE-M_OBC_H19_UTP,0.0602
EP-02_BAT-10_M_OBC_H20_UTP,0.0634
1N_FCV_R1R2_M_OBC_H22_UTP,0.0698
MATHS_Motor-M_OBC_H23_UTP,0.073
RCS_Tank-1_M_OBC_H24_UTP,0.0762
EP-03_SPS-250_M_OBC_H25_UTP,0.0794
PL_Ln_DP01_EP02_M_OBC_H26_UTP,0.0826
1N_Thr_bed_R1R2_M_OBC_H27_UTP,0.0858
SCAT_SEP03_FG_M_OBC_H28_UTP,0.089
SSTM_COMP_MOUNT1M_OBC_H29_UTP,0.0922
EP-03_SN-32_M_OBC_H30_UTP,0.0954
SSTM_SM_ELX_M_OBC_H31_UTP,0.0986
DCPE-4_OBC_H33_UTP,0.105
PPL-2_NR_SSTM_RAD_OBC_H34_UTP,0.1082
MATHS_BEARING-1-M_OBC_H35_UTP,0.1114
MATHS_TSU-EPC-M_OBC_H36_UTP,0.1146
SSTM_DISP_M_OBC_H39_UTP,0.1242
EP-01_XPC_SINK_OBC_H41_UTP,0.1306
EP-04_OBC-10/20_M_OBC_H49_UTP,0.1562
PPL-1_NEAR_OCM_OBC_H50_UTP,0.1594
PPS-CDE-FECE-1_OBC_H52_UTP,0.1658
1N_FCV_R5R6_M_OBC_H53_UTP,0.169
11N_FCV_D1D3_M_OBC_H54_UTP,0.1722
EP-03_CPE-10_M_OBC_H55_UTP,0.1754
SCAT_SSM_BRG_M_OBC_H57_UTP,0.1818
SCAT_SEP03_FG_M_OBC_H58_UTP,0.185
1N_Thr_bed_R3R4_M_OBC_H59_UTP,0.1882
SCAT_SCE_M_OBC_H60_UTP,0.1914
PL_Ln_DP01_EP03_M_OBC_H62_UTP,0.1978
PL_Ln_sh_PNL-1_M_OBC_H63_UTP,0.201
EP-03_SN-31_M_OBC_H65_UTP,0.2074
SSTM_RAD_1_M_OBC_H66_UTP,0.2106
SCAT_SEP02_CONTG_OBC_H67_UTP,0.2138
CDE-2_M_OBC_H68_UTP,0.217
EP-01_SN-52_M_OBC_H69_UTP,0.2202
11N_Thr_bed_D1D3_M_OBC_H71_UTP,0.2266
DCPE-3_OBC_H72_UTP,0.2298
EP01_SMS_SN_202_M_OBC_H73_UTP,0.233
IRU_BASE_M_OBC_H74_UTP,0.2362
SSTM_TRUSS_BASE-1_OBC_H75_UTP,0.2394
RW-30_CASING_OBC_H76_UTP,0.2426
LV_Filter_M_OBC_H77_UTP,0.2458
1N_FCV_R7R8_M_OBC_H78_UTP,0.249
EP-04_BE-10_OBC_H79_UTP,0.2522
PPS-PLC-DCPE-HTR3_OBC_H81_UTP,0.2586
MATHS_HSU-FG-M_OBC_H83_UTP,0.265
MATHS_MDE-M_OBC_H84_UTP,0.2682
SSTM_COMP_M_OBC_H87_UTP,0.2778
EP02_WDE_10_40_OBC_H97_UTP,0.3098
DCPEHTR-1_OBC_H98_UTP,0.313
SSTM_RAD_CONTG_1_OBC_H99_UTP,0.3162
PPS-CDE-FECEHTR3_OBC_H100_UTP,0.3194
SCAT_RJ_M_OBC_H101_UTP,0.3226
11N_FCV_D2D4_M_OBC_H102_UTP,0.3258
SCAT_SEP04_RX_M_OBC_H103_UTP,0.329
SMS_SN_201_HTR_M_OBC_H105_UTP,0.3354
MATHS_FILTER-M_OBC_H106_UTP,0.3386
SCTX_STC_GCRX-20_OBC_H107_UTP,0.3418
11NThr_bed_D2D4_M_OBC_H108_UTP,0.345
SSR_BASE-M_OBC_H111_UTP,0.3546
SCAT_ANT_HLD_DOWN_OBC_H113_UTP,0.361
CDE-1_M_OBC_H114_UTP,0.3642
EP-02_BAT-20_M_OBC_H115_UTP,0.3674
PPS-7_OBC_H116_UTP,0.3706
PL_Ln_DP01_EP01_M_OBC_H117_UTP,0.3738
DP02_OCM_TILT_ELX_OBC_H119_UTP,0.3802
RCS_Tank-2_M_OBC_H121_UTP,0.3866
SCAT_SSM_BASE_M_OBC_H124_UTP,0.3962
1N_Thr_bed_R7R8_M_OBC_H126_UTP,0.4026
EP-03_SPS-260_M_OBC_H127_UTP,0.4058
PPS-7-HTR_2_OBC_H129_UTP,0.4122
MATHS_BEARING-2-M_OBC_H131_UTP,0.4186
MATHS_TSU-BE-M_OBC_H132_UTP,0.4218
SSTM_COMP_CONTG_OBC_H135_UTP,0.4314
SCAT_SEP02_TWTA_R_OBC_H193_UTP,0.617
SSTM_Radiator_2_R_OBC_H194_UTP,0.6202
MATHS_TSU-FE-R_OBC_H195_UTP,0.6234
PLCHTR-R_OBC_H196_UTP,0.6266
1N_FCV_R3R4_R_OBC_H198_UTP,0.633
PL_Ln_11NCYLin_R_OBC_H199_UTP,0.6362
SCAT_SEP03_RX_R_OBC_H200_UTP,0.6394
BDH_BASE_R_OBC_H201_UTP,0.6426
SSTM_DISP_MOUNT1R_OBC_H202_UTP,0.6458
ES_SN-21HTR_R_OBC_H203_UTP,0.649
RW-20_CASING_OBC_H204_UTP,0.6522
1N_Thr_bed_R5R6_R_OBC_H205_UTP,0.6554
SCAT_LNA_FESA_OBC_H206_UTP,0.6586
PPS-PLC-DCPEHTR2_OBC_H209_UTP,0.6682
SCAT_SEP-04_DSS_R_OBC_H210_UTP,0.6714
MATHS_HSU-FE-R_OBC_H211_UTP,0.6746
EP-02_BAT-10_R_OBC_H212_UTP,0.6778
1N_FCV_R1R2_R_OBC_H214_UTP,0.6842
MATHS_Motor-R_OBC_H215_UTP,0.6874
RCS_Tank-1_R_OBC_H216_UTP,0.6906
EP-03_SPS-250_R_OBC_H217_UTP,0.6938
PL_Ln_DP01_EP02_R_OBC_H218_UTP,0.697
1N_Thr_bed_R1R2_R_OBC_H219_UTP,0.7002
SCAT_SEP03_FG_R_OBC_H220_UTP,0.7034
SSTM_COMP_MOUNT1R_OBC_H221_UTP,0.7066
EP-03_SN-32_R_OBC_H222_UTP,0.7098
SSTM_SM_ELX_R_OBC_H223_UTP,0.713
PPS-CDE-FECE-HTR4_OBC_H225_UTP,0.7194
PPL-4_OBC_H226_UTP,0.7226
MATHS_BEARING-1-R_OBC_H227_UTP,0.7258
MATHS_TSU-EPC-R_OBC_H228_UTP,0.729
SSTM_DISP_R_OBC_H231_UTP,0.7386
EP-01_XBS_SINK_OBC_H233_UTP,0.745
EP-04_OBC-10/20_R_OBC_H241_UTP,0.7706
PPL-3_NR_SSTM_RAD_OBC_H242_UTP,0.7738
PPS-CDE-FECEHTR2_OBC_H244_UTP,0.7802
1N_FCV_R5R6_R_OBC_H245_UTP,0.7834
11N_FCV_D1D3_R_OBC_H246_UTP,0.7866
EP-03_CPE-10_R_OBC_H247_UTP,0.7898
SCAT_SSM_BRG_R_OBC_H249_UTP,0.7962
SCAT_SEP03_FG_R_OBC_H250_UTP,0.7994
1N_Thr_bed_R3R4_R_OBC_H251_UTP,0.8026
SCAT_SCE_R_OBC_H252_UTP,0.8058
PL_Ln_DP01_EP03_R_OBC_H254_UTP,0.8122
PL_Ln_sh_PNL-1_R_OBC_H255_UTP,0.8154
EP-03_SN-31_R_OBC_H257_UTP,0.8218
SSTM_Radiator_1_R_OBC_H258_UTP,0.825
SCAT_SEP04_CONTG_OBC_H259_UTP,0.8282
CDE-2_R_OBC_H260_UTP,0.8314
EP-01_SN-52_R_OBC_H261_UTP,0.8346
11NThr_bed_D1D3_R_OBC_H263_UTP,0.841
OCM_STR_OBC_H264_UTP,0.8442
EP01_SMS_SN_202_R_OBC_H265_UTP,0.8474
IRU_BASE_R_OBC_H266_UTP,0.8506
SSTM_TRUSS_base-2_OBC_H267_UTP,0.8538
RW-40_CASING_OBC_H268_UTP,0.857
LV_Filter_R_OBC_H269_UTP,0.8602
1N_FCV_R7R8_R_OBC_H270_UTP,0.8634
EP-02_BE-20_OBC_H271_UTP,0.8666
PPS-PLC-DCPE-HTR4_OBC_H273_UTP,0.873
MATHS_HSU-FG-R_OBC_H275_UTP,0.8794
MATHS_MDE-R_OBC_H276_UTP,0.8826
SSTM_COMP_R_OBC_H279_UTP,0.8922
EP04_WDE_20_30_OBC_H289_UTP,0.9242
PPS-6_OBC_H290_UTP,0.9274
SSTM_RAD_CONTG_2_OBC_H291_UTP,0.9306
EP-02_BAT_PLATE_OBC_H292_UTP,0.9338
SCAT_RJ_R_OBC_H293_UTP,0.937
11N_FCV_D2D4_R_OBC_H294_UTP,0.9402
SCAT_SEP04_RX_R_OBC_H295_UTP,0.9434
SMS_SN_201HTR_R_OBC_H297_UTP,0.9498
MATHS_FILTER-R_OBC_H298_UTP,0.953
SSTM_TRUSS_BASE-3_OBC_H299_UTP,0.9562
11NThr_bed_D2D4_R_OBC_H300_UTP,0.9594
SSR_BASE-R_OBC_H303_UTP,0.969
EP-01XPF_PLATE-1_OBC_H305_UTP,0.9754
CDE-1_R_OBC_H306_UTP,0.9786
EP-02_BAT-20_R_OBC_H307_UTP,0.9818
DCPE-2_OBC_H308_UTP,0.985
PL_Ln_DP01_EP01_R_OBC_H309_UTP,0.9882
RCS_Tank-2_R_OBC_H313_UTP,1.0
PPL_NEAR_PLC_OBC_H315_UTP,1.0
SCAT_SSM_BASE_R_OBC_H316_UTP,1.0
1N_Thr_bed_R7R8_R_OBC_H318_UTP,1.0
EP-03_SPS-260_R_OBC_H319_UTP,1.0
PPS-6-HTR_2_OBC_H321_UTP,1.0
MATHS_BEARING-2-R_OBC_H323_UTP,1.0
MATHS_TSU-BE-R_OBC_H324_UTP,1.0
SSTM_DISP_CONTG_OBC_H327_UTP,1.0
SCAT_SEP02_TWTA_M_OBC_H1_LTP,0.0026
SSTM_Radiator_2_M_OBC_H2_LTP,0.0058
MATHS_TSU-FE-M_OBC_H3_LTP,0.009
PLCHTR-M_OBC_H4_LTP,0.0122
1N_FCV_R3R4_M_OBC_H6_LTP,0.0186
PL_Ln_11NCYLin_M_OBC_H7_LTP,0.0218
SCAT_SEP03_RX_M_OBC_H8_LTP,0.025
BDH_BASE_M_OBC_H9_LTP,0.0282
SSTM_DISP_MOUNT1M_OBC_H10_LTP,0.0314
ES_SN-21HTR_M_OBC_H11_LTP,0.0346
RW-10_CASING_OBC_H12_LTP,0.0378
1N_Thr_bed_R5R6_M_OBC_H13_LTP,0.041
EP-03_PANEL_CONTG_OBC_H14_LTP,0.0442
SSTM_FECE_OBC_H15_LTP,0.0474
PPS-PLC-DCPE-1_OBC_H17_LTP,0.0538
SCAT_SEP-04_DSS_M_OBC_H18_LTP,0.057
MATHS_HSU-FE-M_OBC_H19_LTP,0.0602
EP-02_BAT-10_M_OBC_H20_LTP,0.0634
1N_FCV_R1R2_M_OBC_H22_LTP,0.0698
MATHS_Motor-M_OBC_H23_LTP,0.073
RCS_Tank-1_M_OBC_H24_LTP,0.0762
EP-03_SPS-250_M_OBC_H25_LTP,0.0794
PL_Ln_DP01_EP02_M_OBC_H26_LTP,0.0826
1N_Thr_bed_R1R2_M_OBC_H27_LTP,0.0858
SCAT_SEP03_FG_M_OBC_H28_LTP,0.089
SSTM_COMP_MOUNT1M_OBC_H29_LTP,0.0922
EP-03_SN-32_M_OBC_H30_LTP,0.0954
SSTM_SM_ELX_M_OBC_H31_LTP,0.0986
DCPE-4_OBC_H33_LTP,0.105
PPL-2_NR_SSTM_RAD_OBC_H34_LTP,0.1082
MATHS_BEARING-1-M_OBC_H35_LTP,0.1114
MATHS_TSU-EPC-M_OBC_H36_LTP,0.1146
SSTM_DISP_M_OBC_H39_LTP,0.1242
EP-01_XPC_SINK_OBC_H41_LTP,0.1306
EP-04_OBC-10/20_M_OBC_H49_LTP,0.1562
PPL-1_NEAR_OCM_OBC_H50_LTP,0.1594
PPS-CDE-FECE-1_OBC_H52_LTP,0.1658
1N_FCV_R5R6_M_OBC_H53_LTP,0.169
11N_FCV_D1D3_M_OBC_H54_LTP,0.1722
EP-03_CPE-10_M_OBC_H55_LTP,0.1754
SCAT_SSM_BRG_M_OBC_H57_LTP,0.1818
SCAT_SEP03_FG_M_OBC_H58_LTP,0.185
1N_Thr_bed_R3R4_M_OBC_H59_LTP,0.1882
SCAT_SCE_M_OBC_H60_LTP,0.1914
PL_Ln_DP01_EP03_M_OBC_H62_LTP,0.1978
PL_Ln_sh_PNL-1_M_OBC_H63_LTP,0.201
EP-03_SN-31_M_OBC_H65_LTP,0.2074
SSTM_RAD_1_M_OBC_H66_LTP,0.2106
SCAT_SEP02_CONTG_OBC_H67_LTP,0.2138
CDE-2_M_OBC_H68_LTP,0.217
EP-01_SN-52_M_OBC_H69_LTP,0.2202
11N_Thr_bed_D1D3_M_OBC_H71_LTP,0.2266
DCPE-3_OBC_H72_LTP,0.2298
EP01_SMS_SN_202_M_OBC_H73_LTP,0.233
IRU_BASE_M_OBC_H74_LTP,0.2362
SSTM_TRUSS_BASE-1_OBC_H75_LTP,0.2394
RW-30_CASING_OBC_H76_LTP,0.2426
LV_Filter_M_OBC_H77_LTP,0.2458
1N_FCV_R7R8_M_OBC_H78_LTP,0.249
EP-04_BE-10_OBC_H79_LTP,0.2522
PPS-PLC-DCPE-HTR3_OBC_H81_LTP,0.2586
MATHS_HSU-FG-M_OBC_H83_LTP,0.265
MATHS_MDE-M_OBC_H84_LTP,0.2682
SSTM_COMP_M_OBC_H87_LTP,0.2778
EP02_WDE_10_40_OBC_H97_LTP,0.3098
DCPEHTR-1_OBC_H98_LTP,0.313
SSTM_RAD_CONTG_1_OBC_H99_LTP,0.3162
PPS-CDE-FECEHTR3_OBC_H100_LTP,0.3194
SCAT_RJ_M_OBC_H101_LTP,0.3226
11N_FCV_D2D4_M_OBC_H102_LTP,0.3258
SCAT_SEP04_RX_M_OBC_H103_LTP,0.329
SMS_SN_201_HTR_M_OBC_H105_LTP,0.3354
MATHS_FILTER-M_OBC_H106_LTP,0.3386
SCTX_STC_GCRX-20_OBC_H107_LTP,0.3418
11NThr_bed_D2D4_M_OBC_H108_LTP,0.345
SSR_BASE-M_OBC_H111_LTP,0.3546
SCAT_ANT_HLD_DOWN_OBC_H113_LTP,0.361
CDE-1_M_OBC_H114_LTP,0.3642
EP-02_BAT-20_M_OBC_H115_LTP,0.3674
PPS-7_OBC_H116_LTP,0.3706
PL_Ln_DP01_EP01_M_OBC_H117_LTP,0.3738
DP02_OCM_TILT_ELX_OBC_H119_LTP,0.3802
RCS_Tank-2_M_OBC_H121_LTP,0.3866
SCAT_SSM_BASE_M_OBC_H124_LTP,0.3962
1N_Thr_bed_R7R8_M_OBC_H126_LTP,0.4026
EP-03_SPS-260_M_OBC_H127_LTP,0.4058
PPS-7-HTR_2_OBC_H129_LTP,0.4122
MATHS_BEARING-2-M_OBC_H131_LTP,0.4186
MATHS_TSU-BE-M_OBC_H132_LTP,0.4218
SSTM_COMP_CONTG_OBC_H135_LTP,0.4314
SCAT_SEP02_TWTA_R_OBC_H193_LTP,0.617
SSTM_Radiator_2_R_OBC_H194_LTP,0.6202
MATHS_TSU-FE-R_OBC_H195_LTP,0.6234
PLCHTR-R_OBC_H196_LTP,0.6266
1N_FCV_R3R4_R_OBC_H198_LTP,0.633
PL_Ln_11NCYLin_R_OBC_H199_LTP,0.6362
SCAT_SEP03_RX_R_OBC_H200_LTP,0.6394
BDH_BASE_R_OBC_H201_LTP,0.6426
SSTM_DISP_MOUNT1R_OBC_H202_LTP,0.6458
ES_SN-21HTR_R_OBC_H203_LTP,0.649
RW-20_CASING_OBC_H204_LTP,0.6522
1N_Thr_bed_R5R6_R_OBC_H205_LTP,0.6554
SCAT_LNA_FESA_OBC_H206_LTP,0.6586
PPS-PLC-DCPEHTR2_OBC_H209_LTP,0.6682
SCAT_SEP-04_DSS_R_OBC_H210_LTP,0.6714
MATHS_HSU-FE-R_OBC_H211_LTP,0.6746
EP-02_BAT-10_R_OBC_H212_LTP,0.6778
1N_FCV_R1R2_R_OBC_H214_LTP,0.6842
MATHS_Motor-R_OBC_H215_LTP,0.6874
RCS_Tank-1_R_OBC_H216_LTP,0.6906
EP-03_SPS-250_R_OBC_H217_LTP,0.6938
PL_Ln_DP01_EP02_R_OBC_H218_LTP,0.697
1N_Thr_bed_R1R2_R_OBC_H219_LTP,0.7002
SCAT_SEP03_FG_R_OBC_H220_LTP,0.7034
SSTM_COMP_MOUNT1R_OBC_H221_LTP,0.7066
EP-03_SN-32_R_OBC_H222_LTP,0.7098
SSTM_SM_ELX_R_OBC_H223_LTP,0.713
PPS-CDE-FECE-HTR4_OBC_H225_LTP,0.7194
PPL-4_OBC_H226_LTP,0.7226
MATHS_BEARING-1-R_OBC_H227_LTP,0.7258
MATHS_TSU-EPC-R_OBC_H228_LTP,0.729
SSTM_DISP_R_OBC_H231_LTP,0.7386
EP-01_XBS_SINK_OBC_H233_LTP,0.745
EP-04_OBC-10/20_R_OBC_H241_LTP,0.7706
PPL-3_NR_SSTM_RAD_OBC_H242_LTP,0.7738
PPS-CDE-FECEHTR2_OBC_H244_LTP,0.7802
1N_FCV_R5R6_R_OBC_H245_LTP,0.7834
11N_FCV_D1D3_R_OBC_H246_LTP,0.7866
EP-03_CPE-10_R_OBC_H247_LTP,0.7898
SCAT_SSM_BRG_R_OBC_H249_LTP,0.7962
SCAT_SEP03_FG_R_OBC_H250_LTP,0.7994
1N_Thr_bed_R3R4_R_OBC_H251_LTP,0.8026
SCAT_SCE_R_OBC_H252_LTP,0.8058
PL_Ln_DP01_EP03_R_OBC_H254_LTP,0.8122
PL_Ln_sh_PNL-1_R_OBC_H255_LTP,0.8154
EP-03_SN-31_R_OBC_H257_LTP,0.8218
SSTM_Radiator_1_R_OBC_H258_LTP,0.825
SCAT_SEP04_CONTG_OBC_H259_LTP,0.8282
CDE-2_R_OBC_H260_LTP,0.8314
EP-01_SN-52_R_OBC_H261_LTP,0.8346
11NThr_bed_D1D3_R_OBC_H263_LTP,0.841
OCM_STR_OBC_H264_LTP,0.8442
EP01_SMS_SN_202_R_OBC_H265_LTP,0.8474
IRU_BASE_R_OBC_H266_LTP,0.8506
SSTM_TRUSS_base-2_OBC_H267_LTP,0.8538
RW-40_CASING_OBC_H268_LTP,0.857
LV_Filter_R_OBC_H269_LTP,0.8602
1N_FCV_R7R8_R_OBC_H270_LTP,0.8634
EP-02_BE-20_OBC_H271_LTP,0.8666
PPS-PLC-DCPE-HTR4_OBC_H273_LTP,0.873
MATHS_HSU-FG-R_OBC_H275_LTP,0.8794
MATHS_MDE-R_OBC_H276_LTP,0.8826
SSTM_COMP_R_OBC_H279_LTP,0.8922
EP04_WDE_20_30_OBC_H289_LTP,0.9242
PPS-6_OBC_H290_LTP,0.9274
SSTM_RAD_CONTG_2_OBC_H291_LTP,0.9306
EP-02_BAT_PLATE_OBC_H292_LTP,0.9338
SCAT_RJ_R_OBC_H293_LTP,0.937
11N_FCV_D2D4_R_OBC_H294_LTP,0.9402
SCAT_SEP04_RX_R_OBC_H295_LTP,0.9434
SMS_SN_201HTR_R_OBC_H297_LTP,0.9498
MATHS_FILTER-R_OBC_H298_LTP,0.953
SSTM_TRUSS_BASE-3_OBC_H299_LTP,0.9562
11NThr_bed_D2D4_R_OBC_H300_LTP,0.9594
SSR_BASE-R_OBC_H303_LTP,0.969
EP-01XPF_PLATE-1_OBC_H305_LTP,0.9754
CDE-1_R_OBC_H306_LTP,0.9786
EP-02_BAT-20_R_OBC_H307_LTP,0.9818
DCPE-2_OBC_H308_LTP,0.985
PL_Ln_DP01_EP01_R_OBC_H309_LTP,0.9882
RCS_Tank-2_R_OBC_H313_LTP,1.0
PPL_NEAR_PLC_OBC_H315_LTP,1.0
SCAT_SSM_BASE_R_OBC_H316_LTP,1.0
1N_Thr_bed_R7R8_R_OBC_H318_LTP,1.0
EP-03_SPS-260_R_OBC_H319_LTP,1.0
PPS-6-HTR_2_OBC_H321_LTP,1.0
MATHS_BEARING-2-R_OBC_H323_LTP,1.0
MATHS_TSU-BE-R_OBC_H324_LTP,1.0
SSTM_DISP_CONTG_OBC_H327_LTP,1.0
