2026-06-25T12:39:22.141649,12.545063972473145,1.7398035097122198,ANOMALY
2026-06-25T12:39:22.654027,12.529351234436035,1.7398035097122198,ANOMALY
2026-06-25T12:39:23.164748,12.51443099975586,1.7398035097122198,ANOMALY
2026-06-25T12:39:23.674308,12.52985668182373,1.7398035097122198,ANOMALY
2026-06-25T12:39:24.184620,12.516823768615723,1.7398035097122198,ANOMALY
2026-06-25T12:39:24.693567,12.520602226257324,1.7398035097122198,ANOMALY
2026-06-25T12:39:25.203721,12.51325511932373,1.7398035097122198,ANOMALY
2026-06-25T12:39:25.714160,12.497532844543457,1.7398035097122198,ANOMALY
2026-06-25T12:39:26.223901,12.492170333862305,1.7398035097122198,ANOMALY
2026-06-25T12:39:26.732818,12.485454559326172,1.7398035097122198,ANOMALY
2026-06-25T12:39:27.242519,12.45672607421875,1.7398035097122198,ANOMALY
2026-06-25T12:39:27.754672,12.439663887023926,1.7398035097122198,ANOMALY
2026-06-25T12:39:28.266254,12.430174827575684,1.7398035097122198,ANOMALY
2026-06-25T12:39:28.776070,12.427664756774902,1.7398035097122198,ANOMALY
2026-06-25T12:39:29.285164,12.416255950927734,1.7398035097122198,ANOMALY
2026-06-25T12:39:29.795593,12.349833488464355,1.7398035097122198,ANOMALY
2026-06-25T12:39:30.306658,12.353551864624023,1.7398035097122198,ANOMALY
2026-06-25T12:39:30.817052,12.304659843444824,1.7398035097122198,ANOMALY
2026-06-25T12:39:31.327794,12.304917335510254,1.7398035097122198,ANOMALY
2026-06-25T12:39:31.837039,12.29652214050293,1.7398035097122198,ANOMALY
2026-06-25T12:39:32.347267,12.271886825561523,1.7398035097122198,ANOMALY
2026-06-25T12:39:32.857759,12.274649620056152,1.7398035097122198,ANOMALY
2026-06-25T12:39:33.369096,12.277173042297363,1.7398035097122198,ANOMALY
2026-06-25T12:39:33.880608,12.269872665405273,1.7398035097122198,ANOMALY
2026-06-25T12:39:34.390766,12.287245750427246,1.7398035097122198,ANOMALY
2026-06-25T12:39:34.900733,12.281407356262207,1.7398035097122198,ANOMALY
2026-06-25T12:39:35.410481,12.26945686340332,1.7398035097122198,ANOMALY
2026-06-25T12:39:35.920128,12.26547622680664,1.7398035097122198,ANOMALY
2026-06-25T12:39:36.431698,12.267020225524902,1.7398035097122198,ANOMALY
2026-06-25T12:39:36.940885,12.252326965332031,1.7398035097122198,ANOMALY
2026-06-25T12:39:37.449841,12.23670768737793,1.7398035097122198,ANOMALY
2026-06-25T12:39:37.958710,12.227544784545898,1.7398035097122198,ANOMALY
2026-06-25T12:39:38.469498,12.230575561523438,1.7398035097122198,ANOMALY
2026-06-25T12:39:38.979643,12.235930442810059,1.7398035097122198,ANOMALY
2026-06-25T12:39:39.489518,12.236359596252441,1.7398035097122198,ANOMALY
2026-06-25T12:39:39.999828,12.234477996826172,1.7398035097122198,ANOMALY
2026-06-25T12:39:40.509516,12.228474617004395,1.7398035097122198,ANOMALY
2026-06-25T12:39:41.018535,12.217809677124023,1.7398035097122198,ANOMALY
2026-06-25T12:39:41.528917,12.209610939025879,1.7398035097122198,ANOMALY
2026-06-25T12:39:42.141705,12.20724105834961,1.7398035097122198,ANOMALY
2026-06-25T12:39:42.651578,12.205496788024902,1.7398035097122198,ANOMALY
2026-06-25T12:39:43.162078,12.203797340393066,1.7398035097122198,ANOMALY
2026-06-25T12:39:43.672671,12.214520454406738,1.7398035097122198,ANOMALY
2026-06-25T12:39:44.183115,12.217609405517578,1.7398035097122198,ANOMALY
2026-06-25T12:39:44.692973,12.212091445922852,1.7398035097122198,ANOMALY
2026-06-25T12:39:45.203493,12.205024719238281,1.7398035097122198,ANOMALY
2026-06-25T12:39:45.713145,12.201613426208496,1.7398035097122198,ANOMALY
2026-06-25T12:39:46.219233,12.200393676757812,1.7398035097122198,ANOMALY
2026-06-25T12:39:46.748488,12.198165893554688,1.7398035097122198,ANOMALY
2026-06-25T12:39:47.239889,12.180334091186523,1.7398035097122198,ANOMALY
2026-06-25T12:39:47.748543,12.204715728759766,1.7398035097122198,ANOMALY
2026-06-25T12:39:48.261584,12.188966751098633,1.7398035097122198,ANOMALY
2026-06-25T12:39:48.772515,12.19792366027832,1.7398035097122198,ANOMALY
2026-06-25T12:39:49.282689,12.194819450378418,1.7398035097122198,ANOMALY
2026-06-25T12:39:49.791962,12.186033248901367,1.7398035097122198,ANOMALY
2026-06-25T12:39:50.301258,12.187736511230469,1.7398035097122198,ANOMALY
2026-06-25T12:39:50.811718,12.177242279052734,1.7398035097122198,ANOMALY
2026-06-25T12:39:51.321035,12.176755905151367,1.7398035097122198,ANOMALY
2026-06-25T12:39:51.831093,12.176103591918945,1.7398035097122198,ANOMALY
2026-06-25T12:39:52.341794,12.173415184020996,1.7398035097122198,ANOMALY
2026-06-25T12:39:52.853266,12.171223640441895,1.7398035097122198,ANOMALY
2026-06-25T12:39:53.362979,12.174803733825684,1.7398035097122198,ANOMALY
2026-06-25T12:39:53.872270,12.176470756530762,1.7398035097122198,ANOMALY
2026-06-25T12:39:54.384132,12.178378105163574,1.7398035097122198,ANOMALY
2026-06-25T12:39:54.893343,12.170601844787598,1.7398035097122198,ANOMALY
2026-06-25T12:39:55.403730,12.169824600219727,1.7398035097122198,ANOMALY
2026-06-25T12:39:55.913914,12.164701461791992,1.7398035097122198,ANOMALY
2026-06-25T12:39:56.424066,12.169726371765137,1.7398035097122198,ANOMALY
2026-06-25T12:39:56.934325,12.177659034729004,1.7398035097122198,ANOMALY
2026-06-25T12:39:57.444227,12.192305564880371,1.7398035097122198,ANOMALY
2026-06-25T12:39:57.952494,12.196967124938965,1.7398035097122198,ANOMALY
2026-06-25T12:39:58.464131,12.20004653930664,1.7398035097122198,ANOMALY
2026-06-25T12:39:58.973261,12.202530860900879,1.7398035097122198,ANOMALY
2026-06-25T12:39:59.483197,12.207052230834961,1.7398035097122198,ANOMALY
2026-06-25T12:39:59.993582,12.208148002624512,1.7398035097122198,ANOMALY
2026-06-25T12:40:00.503740,12.207576751708984,1.7398035097122198,ANOMALY
2026-06-25T12:40:01.016206,12.214698791503906,1.7398035097122198,ANOMALY
2026-06-25T12:40:01.529862,12.21707534790039,1.7398035097122198,ANOMALY
2026-06-25T12:40:02.044800,12.218789100646973,1.7398035097122198,ANOMALY
2026-06-25T12:40:02.556035,12.220458984375,1.7398035097122198,ANOMALY
2026-06-25T12:40:03.069980,12.21302604675293,1.7398035097122198,ANOMALY
2026-06-25T12:40:03.581996,12.20656681060791,1.7398035097122198,ANOMALY
2026-06-25T12:40:04.097070,12.20268440246582,1.7398035097122198,ANOMALY
2026-06-25T12:40:04.607909,12.198315620422363,1.7398035097122198,ANOMALY
2026-06-25T12:40:05.117071,12.192996978759766,1.7398035097122198,ANOMALY
2026-06-25T12:40:05.626837,12.189080238342285,1.7398035097122198,ANOMALY
2026-06-25T12:40:06.138349,12.185564994812012,1.7398035097122198,ANOMALY
2026-06-25T12:40:06.647716,12.180854797363281,1.7398035097122198,ANOMALY
2026-06-25T12:40:07.157382,12.18641185760498,1.7398035097122198,ANOMALY
2026-06-25T12:40:07.668209,12.188650131225586,1.7398035097122198,ANOMALY
2026-06-25T12:40:08.178373,12.18825912475586,1.7398035097122198,ANOMALY
2026-06-25T12:40:08.689908,12.181446075439453,1.7398035097122198,ANOMALY
2026-06-25T12:40:09.200005,12.169662475585938,1.7398035097122198,ANOMALY
2026-06-25T12:40:09.710310,12.158685684204102,1.7398035097122198,ANOMALY
2026-06-25T12:40:10.219754,12.145349502563477,1.7398035097122198,ANOMALY
2026-06-25T12:40:10.730266,12.126439094543457,1.7398035097122198,ANOMALY
2026-06-25T12:40:11.240950,12.13542652130127,1.7398035097122198,ANOMALY
2026-06-25T12:40:11.750873,12.1405611038208,1.7398035097122198,ANOMALY
2026-06-25T12:40:12.261379,12.13831901550293,1.7398035097122198,ANOMALY
2026-06-25T12:40:12.772187,12.132905960083008,1.7398035097122198,ANOMALY
2026-06-25T12:40:13.283146,12.1274995803833,1.7398035097122198,ANOMALY
2026-06-25T12:40:13.792606,12.115561485290527,1.7398035097122198,ANOMALY
2026-06-25T12:40:14.302687,12.10576343536377,1.7398035097122198,ANOMALY
2026-06-25T12:40:14.922294,12.096590042114258,1.7398035097122198,ANOMALY
2026-06-25T12:40:15.329043,12.0689697265625,1.7398035097122198,ANOMALY
2026-06-25T12:40:15.840459,12.061574935913086,1.7398035097122198,ANOMALY
2026-06-25T12:40:16.350256,12.053970336914062,1.7398035097122198,ANOMALY
2026-06-25T12:40:16.860092,12.055007934570312,1.7398035097122198,ANOMALY
2026-06-25T12:40:17.371113,12.048396110534668,1.7398035097122198,ANOMALY
2026-06-25T12:40:17.883615,12.041936874389648,1.7398035097122198,ANOMALY
2026-06-25T12:40:18.499193,12.036846160888672,1.7398035097122198,ANOMALY
2026-06-25T12:40:18.906111,12.02309513092041,1.7398035097122198,ANOMALY
2026-06-25T12:40:19.415648,12.010946273803711,1.7398035097122198,ANOMALY
2026-06-25T12:40:19.927034,12.005088806152344,1.7398035097122198,ANOMALY
2026-06-25T12:40:20.541070,12.004663467407227,1.7398035097122198,ANOMALY
2026-06-25T12:40:20.948049,12.006608009338379,1.7398035097122198,ANOMALY
2026-06-25T12:40:21.562086,12.00868034362793,1.7398035097122198,ANOMALY
2026-06-25T12:40:22.072906,12.021367073059082,1.7398035097122198,ANOMALY
2026-06-25T12:40:22.584153,12.030750274658203,1.7398035097122198,ANOMALY
2026-06-25T12:40:23.095093,12.037092208862305,1.7398035097122198,ANOMALY
2026-06-25T12:40:23.606007,12.039471626281738,1.7398035097122198,ANOMALY
2026-06-25T12:40:24.116095,12.0429105758667,1.7398035097122198,ANOMALY
2026-06-25T12:40:24.623697,12.045286178588867,1.7398035097122198,ANOMALY
2026-06-25T12:40:25.134092,12.053383827209473,1.7398035097122198,ANOMALY
2026-06-25T12:40:25.643299,12.061617851257324,1.7398035097122198,ANOMALY
2026-06-25T12:40:26.154113,12.088068008422852,1.7398035097122198,ANOMALY
2026-06-25T12:40:26.664212,12.104243278503418,1.7398035097122198,ANOMALY
2026-06-25T12:40:27.173967,12.105727195739746,1.7398035097122198,ANOMALY
2026-06-25T12:40:27.682822,12.113570213317871,1.7398035097122198,ANOMALY
2026-06-25T12:40:28.192724,12.117101669311523,1.7398035097122198,ANOMALY
2026-06-25T12:40:28.702835,12.122851371765137,1.7398035097122198,ANOMALY
2026-06-25T12:40:29.212719,12.119117736816406,1.7398035097122198,ANOMALY
2026-06-25T12:40:29.723316,12.124059677124023,1.7398035097122198,ANOMALY
2026-06-25T12:40:30.233909,12.135717391967773,1.7398035097122198,ANOMALY
2026-06-25T12:40:30.744176,12.125903129577637,1.7398035097122198,ANOMALY
2026-06-25T12:40:31.254692,12.129814147949219,1.7398035097122198,ANOMALY
2026-06-25T12:40:31.765751,12.146734237670898,1.7398035097122198,ANOMALY
2026-06-25T12:40:32.275862,12.156950950622559,1.7398035097122198,ANOMALY
2026-06-25T12:40:32.785794,12.170022010803223,1.7398035097122198,ANOMALY
2026-06-25T12:40:33.296726,12.195894241333008,1.7398035097122198,ANOMALY
2026-06-25T12:40:33.807586,12.397849082946777,1.7398035097122198,ANOMALY
2026-06-25T12:40:34.318271,12.501749992370605,1.7398035097122198,ANOMALY
2026-06-25T12:40:34.827323,12.499686241149902,1.7398035097122198,ANOMALY
2026-06-25T12:40:35.337712,12.484234809875488,1.7398035097122198,ANOMALY
2026-06-25T12:40:35.848064,12.605522155761719,1.7398035097122198,ANOMALY
2026-06-25T12:40:36.357861,12.509507179260254,1.7398035097122198,ANOMALY
2026-06-25T12:40:36.869226,12.493617057800293,1.7398035097122198,ANOMALY
2026-06-25T12:40:37.378857,12.513757705688477,1.7398035097122198,ANOMALY
2026-06-25T12:40:37.888838,12.507318496704102,1.7398035097122198,ANOMALY
2026-06-25T12:40:38.398794,12.432888984680176,1.7398035097122198,ANOMALY
2026-06-25T12:40:38.909357,12.420909881591797,1.7398035097122198,ANOMALY
2026-06-25T12:40:39.421210,12.413410186767578,1.7398035097122198,ANOMALY
2026-06-25T12:40:39.931895,12.428401947021484,1.7398035097122198,ANOMALY
2026-06-25T12:40:40.441552,12.437474250793457,1.7398035097122198,ANOMALY
2026-06-25T12:40:40.951523,12.454733848571777,1.7398035097122198,ANOMALY
2026-06-25T12:40:41.461696,12.4619140625,1.7398035097122198,ANOMALY
2026-06-25T12:40:41.971081,12.419968605041504,1.7398035097122198,ANOMALY
2026-06-25T12:40:42.480656,12.382889747619629,1.7398035097122198,ANOMALY
2026-06-25T12:40:42.989267,12.372356414794922,1.7398035097122198,ANOMALY
2026-06-25T12:40:43.500248,12.446235656738281,1.7398035097122198,ANOMALY
2026-06-25T12:40:44.011176,12.502284049987793,1.7398035097122198,ANOMALY
2026-06-25T12:40:44.521959,12.66986083984375,1.7398035097122198,ANOMALY
2026-06-25T12:40:45.032165,12.72880744934082,1.7398035097122198,ANOMALY
2026-06-25T12:40:45.542657,12.73781681060791,1.7398035097122198,ANOMALY
2026-06-25T12:40:46.053557,12.515900611877441,1.7398035097122198,ANOMALY
2026-06-25T12:40:46.564630,12.460143089294434,1.7398035097122198,ANOMALY
2026-06-25T12:40:47.075628,12.80088996887207,1.7398035097122198,ANOMALY
2026-06-25T12:40:47.585290,12.996397018432617,1.7398035097122198,ANOMALY
2026-06-25T12:40:48.200090,13.02088737487793,1.7398035097122198,ANOMALY
2026-06-25T12:40:48.709500,13.036304473876953,1.7398035097122198,ANOMALY
2026-06-25T12:40:49.219758,13.062430381774902,1.7398035097122198,ANOMALY
2026-06-25T12:40:49.624996,12.962193489074707,1.7398035097122198,ANOMALY
2026-06-25T12:40:50.234353,12.542593002319336,1.7398035097122198,ANOMALY
2026-06-25T12:40:50.643942,12.51250171661377,1.7398035097122198,ANOMALY
2026-06-25T12:40:51.258969,12.51987075805664,1.7398035097122198,ANOMALY
2026-06-25T12:40:51.768752,12.53292465209961,1.7398035097122198,ANOMALY
2026-06-25T12:40:52.278683,12.529666900634766,1.7398035097122198,ANOMALY
2026-06-25T12:40:52.685273,12.505841255187988,1.7398035097122198,ANOMALY
2026-06-25T12:40:53.300883,12.638010025024414,1.7398035097122198,ANOMALY
2026-06-25T12:40:53.810005,12.919649124145508,1.7398035097122198,ANOMALY
2026-06-25T12:40:54.319830,12.916338920593262,1.7398035097122198,ANOMALY
2026-06-25T12:40:54.829481,12.873268127441406,1.7398035097122198,ANOMALY
2026-06-25T12:40:55.337885,12.889948844909668,1.7398035097122198,ANOMALY
2026-06-25T12:40:55.844092,12.893795013427734,1.7398035097122198,ANOMALY
2026-06-25T12:40:56.357894,12.636467933654785,1.7398035097122198,ANOMALY
2026-06-25T12:40:56.871756,12.606224060058594,1.7398035097122198,ANOMALY
2026-06-25T12:40:57.381735,12.59029483795166,1.7398035097122198,ANOMALY
2026-06-25T12:40:57.889960,12.558554649353027,1.7398035097122198,ANOMALY
2026-06-25T12:40:58.399248,12.576421737670898,1.7398035097122198,ANOMALY
2026-06-25T12:40:58.908771,12.577841758728027,1.7398035097122198,ANOMALY
2026-06-25T12:40:59.418381,12.533047676086426,1.7398035097122198,ANOMALY
2026-06-25T12:40:59.926869,12.475666999816895,1.7398035097122198,ANOMALY
2026-06-25T12:41:00.436761,12.333611488342285,1.7398035097122198,ANOMALY
2026-06-25T12:41:00.946297,12.334729194641113,1.7398035097122198,ANOMALY
2026-06-25T12:41:01.456879,12.331701278686523,1.7398035097122198,ANOMALY
2026-06-25T12:41:01.967652,12.334695816040039,1.7398035097122198,ANOMALY
2026-06-25T12:41:02.478211,12.355415344238281,1.7398035097122198,ANOMALY
2026-06-25T12:41:02.988315,12.361369132995605,1.7398035097122198,ANOMALY
2026-06-25T12:41:03.497491,12.372808456420898,1.7398035097122198,ANOMALY
2026-06-25T12:41:04.007800,12.39702320098877,1.7398035097122198,ANOMALY
2026-06-25T12:41:04.518936,12.40860366821289,1.7398035097122198,ANOMALY
2026-06-25T12:41:05.029138,12.417346000671387,1.7398035097122198,ANOMALY
2026-06-25T12:41:05.538866,12.422077178955078,1.7398035097122198,ANOMALY
2026-06-25T12:41:06.051037,12.436641693115234,1.7398035097122198,ANOMALY
2026-06-25T12:41:06.561553,12.446386337280273,1.7398035097122198,ANOMALY
2026-06-25T12:41:07.072001,12.455536842346191,1.7398035097122198,ANOMALY
2026-06-25T12:41:07.581830,12.462721824645996,1.7398035097122198,ANOMALY
2026-06-25T12:41:08.091487,12.46682071685791,1.7398035097122198,ANOMALY
2026-06-25T12:41:08.601797,12.476261138916016,1.7398035097122198,ANOMALY
2026-06-25T12:41:09.113225,12.493343353271484,1.7398035097122198,ANOMALY
2026-06-25T12:41:09.624607,12.498960494995117,1.7398035097122198,ANOMALY
2026-06-25T12:41:10.135350,12.497050285339355,1.7398035097122198,ANOMALY
2026-06-25T12:41:10.645173,12.5000581741333,1.7398035097122198,ANOMALY
2026-06-25T12:41:11.155011,12.492855072021484,1.7398035097122198,ANOMALY
2026-06-25T12:41:11.664817,12.496133804321289,1.7398035097122198,ANOMALY
2026-06-25T12:41:12.176712,12.499953269958496,1.7398035097122198,ANOMALY
2026-06-25T12:41:12.687899,12.500387191772461,1.7398035097122198,ANOMALY
2026-06-25T12:41:13.197753,12.483038902282715,1.7398035097122198,ANOMALY
2026-06-25T12:41:13.707559,12.473998069763184,1.7398035097122198,ANOMALY
2026-06-25T12:41:14.217340,12.471223831176758,1.7398035097122198,ANOMALY
2026-06-25T12:41:14.726418,12.466292381286621,1.7398035097122198,ANOMALY
2026-06-25T12:41:15.235794,12.451885223388672,1.7398035097122198,ANOMALY
2026-06-25T12:41:15.744824,12.447493553161621,1.7398035097122198,ANOMALY
2026-06-25T12:41:16.255491,12.441465377807617,1.7398035097122198,ANOMALY
2026-06-25T12:41:16.765523,12.42515754699707,1.7398035097122198,ANOMALY
2026-06-25T12:41:17.379314,12.41950511932373,1.7398035097122198,ANOMALY
2026-06-25T12:41:17.785751,12.42673110961914,1.7398035097122198,ANOMALY
2026-06-25T12:41:18.400652,12.429815292358398,1.7398035097122198,ANOMALY
2026-06-25T12:41:18.910883,12.429524421691895,1.7398035097122198,ANOMALY
2026-06-25T12:41:19.421214,12.449140548706055,1.7398035097122198,ANOMALY
2026-06-25T12:41:19.929664,12.454352378845215,1.7398035097122198,ANOMALY
2026-06-25T12:41:20.441112,12.440918922424316,1.7398035097122198,ANOMALY
2026-06-25T12:41:20.952550,12.43909740447998,1.7398035097122198,ANOMALY
2026-06-25T12:41:21.462851,12.44046688079834,1.7398035097122198,ANOMALY
2026-06-25T12:41:21.973038,12.430444717407227,1.7398035097122198,ANOMALY
2026-06-25T12:41:22.484090,12.426108360290527,1.7398035097122198,ANOMALY
2026-06-25T12:41:22.990559,12.417706489562988,1.7398035097122198,ANOMALY
2026-06-25T12:41:23.505036,12.418217658996582,1.7398035097122198,ANOMALY
2026-06-25T12:41:24.012572,12.42328929901123,1.7398035097122198,ANOMALY
2026-06-25T12:41:24.523276,12.429232597351074,1.7398035097122198,ANOMALY
2026-06-25T12:41:25.032863,12.442509651184082,1.7398035097122198,ANOMALY
2026-06-25T12:41:25.543200,12.457300186157227,1.7398035097122198,ANOMALY
2026-06-25T12:41:26.054991,12.459952354431152,1.7398035097122198,ANOMALY
2026-06-25T12:41:26.568098,12.45878791809082,1.7398035097122198,ANOMALY
2026-06-25T12:41:27.077087,12.459697723388672,1.7398035097122198,ANOMALY
2026-06-25T12:41:27.587953,12.483875274658203,1.7398035097122198,ANOMALY
2026-06-25T12:41:28.103407,12.487586975097656,1.7398035097122198,ANOMALY
2026-06-25T12:41:28.610362,12.4893159866333,1.7398035097122198,ANOMALY
2026-06-25T12:41:29.123525,12.50300121307373,1.7398035097122198,ANOMALY
2026-06-25T12:41:29.633935,12.553692817687988,1.7398035097122198,ANOMALY
2026-06-25T12:41:30.140753,13.27442455291748,1.7398035097122198,ANOMALY
2026-06-25T12:41:30.651243,13.128023147583008,1.7398035097122198,ANOMALY
2026-06-25T12:41:31.161743,13.076089859008789,1.7398035097122198,ANOMALY
2026-06-25T12:41:31.672407,13.064667701721191,1.7398035097122198,ANOMALY
2026-06-25T12:41:32.183161,12.556735038757324,1.7398035097122198,ANOMALY
2026-06-25T12:41:32.693611,12.535810470581055,1.7398035097122198,ANOMALY
2026-06-25T12:41:33.203511,12.537955284118652,1.7398035097122198,ANOMALY
2026-06-25T12:41:33.713614,12.539013862609863,1.7398035097122198,ANOMALY
2026-06-25T12:41:34.222280,12.54532527923584,1.7398035097122198,ANOMALY
2026-06-25T12:41:34.734151,12.548145294189453,1.7398035097122198,ANOMALY
2026-06-25T12:41:35.244425,12.546985626220703,1.7398035097122198,ANOMALY
2026-06-25T12:41:35.755046,12.542673110961914,1.7398035097122198,ANOMALY
2026-06-25T12:41:36.265299,12.539088249206543,1.7398035097122198,ANOMALY
2026-06-25T12:41:36.775683,12.526895523071289,1.7398035097122198,ANOMALY
2026-06-25T12:41:37.286496,12.516622543334961,1.7398035097122198,ANOMALY
2026-06-25T12:41:37.796046,12.507096290588379,1.7398035097122198,ANOMALY
2026-06-25T12:41:38.306084,12.508301734924316,1.7398035097122198,ANOMALY
2026-06-25T12:41:38.815567,12.489274978637695,1.7398035097122198,ANOMALY
2026-06-25T12:41:39.325493,12.468832969665527,1.7398035097122198,ANOMALY
2026-06-25T12:41:39.836503,12.454983711242676,1.7398035097122198,ANOMALY
2026-06-25T12:41:40.347950,12.448094367980957,1.7398035097122198,ANOMALY
2026-06-25T12:41:40.857904,12.443573951721191,1.7398035097122198,ANOMALY
2026-06-25T12:41:41.368368,12.4154691696167,1.7398035097122198,ANOMALY
2026-06-25T12:41:41.879674,12.39437198638916,1.7398035097122198,ANOMALY
2026-06-25T12:41:42.389731,12.35972785949707,1.7398035097122198,ANOMALY
2026-06-25T12:41:42.900385,12.337438583374023,1.7398035097122198,ANOMALY
2026-06-25T12:41:43.411883,12.325568199157715,1.7398035097122198,ANOMALY
2026-06-25T12:41:43.922610,12.308633804321289,1.7398035097122198,ANOMALY
2026-06-25T12:41:44.432541,12.336791038513184,1.7398035097122198,ANOMALY
2026-06-25T12:41:44.942548,12.336749076843262,1.7398035097122198,ANOMALY
2026-06-25T12:41:45.454228,12.337151527404785,1.7398035097122198,ANOMALY
2026-06-25T12:41:45.964173,12.338590621948242,1.7398035097122198,ANOMALY
2026-06-25T12:41:46.474541,12.34205436706543,1.7398035097122198,ANOMALY
2026-06-25T12:41:47.088352,12.347298622131348,1.7398035097122198,ANOMALY
2026-06-25T12:41:47.599362,12.356978416442871,1.7398035097122198,ANOMALY
2026-06-25T12:41:48.108768,12.381834030151367,1.7398035097122198,ANOMALY
2026-06-25T12:41:48.514542,12.38011646270752,1.7398035097122198,ANOMALY
2026-06-25T12:41:49.127902,12.381942749023438,1.7398035097122198,ANOMALY
2026-06-25T12:41:49.533297,12.385624885559082,1.7398035097122198,ANOMALY
2026-06-25T12:41:50.147829,12.371598243713379,1.7398035097122198,ANOMALY
2026-06-25T12:41:50.552545,12.372581481933594,1.7398035097122198,ANOMALY
2026-06-25T12:41:51.062216,12.366053581237793,1.7398035097122198,ANOMALY
2026-06-25T12:41:51.676144,12.361822128295898,1.7398035097122198,ANOMALY
2026-06-25T12:41:52.186018,12.343092918395996,1.7398035097122198,ANOMALY
2026-06-25T12:41:52.695096,12.350251197814941,1.7398035097122198,ANOMALY
2026-06-25T12:41:53.202814,12.319899559020996,1.7398035097122198,ANOMALY
2026-06-25T12:41:53.716820,12.316449165344238,1.7398035097122198,ANOMALY
2026-06-25T12:41:54.223109,12.313011169433594,1.7398035097122198,ANOMALY
2026-06-25T12:41:54.733821,12.304240226745605,1.7398035097122198,ANOMALY
2026-06-25T12:41:55.243304,12.312698364257812,1.7398035097122198,ANOMALY
2026-06-25T12:41:55.753846,12.331759452819824,1.7398035097122198,ANOMALY
2026-06-25T12:41:56.265520,12.33957576751709,1.7398035097122198,ANOMALY
2026-06-25T12:41:56.774633,12.35482120513916,1.7398035097122198,ANOMALY
2026-06-25T12:41:57.284523,12.364380836486816,1.7398035097122198,ANOMALY
2026-06-25T12:41:57.794003,12.424169540405273,1.7398035097122198,ANOMALY
2026-06-25T12:41:58.303408,12.444168090820312,1.7398035097122198,ANOMALY
2026-06-25T12:41:58.814680,12.454662322998047,1.7398035097122198,ANOMALY
2026-06-25T12:41:59.324280,12.44934368133545,1.7398035097122198,ANOMALY
2026-06-25T12:41:59.833811,12.438961029052734,1.7398035097122198,ANOMALY
2026-06-25T12:42:00.342875,12.440913200378418,1.7398035097122198,ANOMALY
2026-06-25T12:42:00.853513,12.43571662902832,1.7398035097122198,ANOMALY
2026-06-25T12:42:01.362517,12.429279327392578,1.7398035097122198,ANOMALY
2026-06-25T12:42:01.872900,12.425973892211914,1.7398035097122198,ANOMALY
2026-06-25T12:42:02.384165,12.408648490905762,1.7398035097122198,ANOMALY
2026-06-25T12:42:02.893211,12.40462589263916,1.7398035097122198,ANOMALY
2026-06-25T12:42:03.403948,12.400359153747559,1.7398035097122198,ANOMALY
2026-06-25T12:42:03.913340,12.388643264770508,1.7398035097122198,ANOMALY
2026-06-25T12:42:04.424167,12.392708778381348,1.7398035097122198,ANOMALY
2026-06-25T12:42:04.933158,12.376343727111816,1.7398035097122198,ANOMALY
2026-06-25T12:42:05.443973,12.34654712677002,1.7398035097122198,ANOMALY
2026-06-25T12:42:05.953649,12.326465606689453,1.7398035097122198,ANOMALY
2026-06-25T12:42:06.463692,12.320371627807617,1.7398035097122198,ANOMALY
2026-06-25T12:42:06.974372,12.310705184936523,1.7398035097122198,ANOMALY
2026-06-25T12:42:07.484915,12.306840896606445,1.7398035097122198,ANOMALY
2026-06-25T12:42:07.995426,12.277139663696289,1.7398035097122198,ANOMALY
2026-06-25T12:42:08.505045,12.25688362121582,1.7398035097122198,ANOMALY
2026-06-25T12:42:09.014952,12.254364967346191,1.7398035097122198,ANOMALY
2026-06-25T12:42:09.525239,12.269806861877441,1.7398035097122198,ANOMALY
2026-06-25T12:42:10.035720,12.276457786560059,1.7398035097122198,ANOMALY
2026-06-25T12:42:10.546486,12.276529312133789,1.7398035097122198,ANOMALY
2026-06-25T12:42:11.055539,12.275453567504883,1.7398035097122198,ANOMALY
2026-06-25T12:42:11.566732,12.259176254272461,1.7398035097122198,ANOMALY
2026-06-25T12:42:12.077382,12.24271011352539,1.7398035097122198,ANOMALY
2026-06-25T12:42:12.590185,12.240421295166016,1.7398035097122198,ANOMALY
2026-06-25T12:42:13.100531,12.23487377166748,1.7398035097122198,ANOMALY
2026-06-25T12:42:13.611719,12.231616973876953,1.7398035097122198,ANOMALY
2026-06-25T12:42:14.122775,12.22618579864502,1.7398035097122198,ANOMALY
2026-06-25T12:42:14.632882,12.207406044006348,1.7398035097122198,ANOMALY
2026-06-25T12:42:15.144679,12.183267593383789,1.7398035097122198,ANOMALY
2026-06-25T12:42:15.655185,12.163442611694336,1.7398035097122198,ANOMALY
2026-06-25T12:42:16.271068,12.147451400756836,1.7398035097122198,ANOMALY
2026-06-25T12:42:16.677425,12.13282299041748,1.7398035097122198,ANOMALY
2026-06-25T12:42:17.188005,12.121532440185547,1.7398035097122198,ANOMALY
2026-06-25T12:42:17.698857,12.107610702514648,1.7398035097122198,ANOMALY
2026-06-25T12:42:18.312765,12.1040620803833,1.7398035097122198,ANOMALY
2026-06-25T12:42:18.822580,12.101015090942383,1.7398035097122198,ANOMALY
2026-06-25T12:42:19.332977,12.112587928771973,1.7398035097122198,ANOMALY
2026-06-25T12:42:19.843640,12.169366836547852,1.7398035097122198,ANOMALY
2026-06-25T12:42:20.352200,12.344804763793945,1.7398035097122198,ANOMALY
2026-06-25T12:42:20.861476,12.402456283569336,1.7398035097122198,ANOMALY
2026-06-25T12:42:21.367161,12.431988716125488,1.7398035097122198,ANOMALY
2026-06-25T12:42:21.880600,12.520187377929688,1.7398035097122198,ANOMALY
2026-06-25T12:42:22.387426,12.549619674682617,1.7398035097122198,ANOMALY
2026-06-25T12:42:22.897319,12.564311981201172,1.7398035097122198,ANOMALY
2026-06-25T12:42:23.406860,12.570503234863281,1.7398035097122198,ANOMALY
2026-06-25T12:42:23.918604,12.580212593078613,1.7398035097122198,ANOMALY
2026-06-25T12:42:24.430303,12.68651294708252,1.7398035097122198,ANOMALY
2026-06-25T12:42:24.941015,12.736808776855469,1.7398035097122198,ANOMALY
2026-06-25T12:42:25.450055,12.731255531311035,1.7398035097122198,ANOMALY
2026-06-25T12:42:25.962346,12.685416221618652,1.7398035097122198,ANOMALY
2026-06-25T12:42:26.472589,12.672286987304688,1.7398035097122198,ANOMALY
2026-06-25T12:42:26.983561,12.668567657470703,1.7398035097122198,ANOMALY
2026-06-25T12:42:27.494266,12.618618965148926,1.7398035097122198,ANOMALY
2026-06-25T12:42:28.004286,12.711081504821777,1.7398035097122198,ANOMALY
2026-06-25T12:42:28.517265,12.827325820922852,1.7398035097122198,ANOMALY
2026-06-25T12:42:29.027953,12.850183486938477,1.7398035097122198,ANOMALY
2026-06-25T12:42:29.538368,12.791470527648926,1.7398035097122198,ANOMALY
2026-06-25T12:42:30.048791,12.786317825317383,1.7398035097122198,ANOMALY
2026-06-25T12:42:30.558856,12.653743743896484,1.7398035097122198,ANOMALY
2026-06-25T12:42:31.069523,12.598555564880371,1.7398035097122198,ANOMALY
2026-06-25T12:42:31.580278,12.567838668823242,1.7398035097122198,ANOMALY
2026-06-25T12:42:32.090938,12.690977096557617,1.7398035097122198,ANOMALY
2026-06-25T12:42:32.601420,12.703835487365723,1.7398035097122198,ANOMALY
2026-06-25T12:42:33.111496,12.733927726745605,1.7398035097122198,ANOMALY
2026-06-25T12:42:33.622248,12.722572326660156,1.7398035097122198,ANOMALY
2026-06-25T12:42:34.132651,12.741398811340332,1.7398035097122198,ANOMALY
2026-06-25T12:42:34.643020,12.60700511932373,1.7398035097122198,ANOMALY
2026-06-25T12:42:35.152347,12.491352081298828,1.7398035097122198,ANOMALY
2026-06-25T12:42:35.662877,12.326908111572266,1.7398035097122198,ANOMALY
2026-06-25T12:42:36.172605,12.314332008361816,1.7398035097122198,ANOMALY
2026-06-25T12:42:36.683270,12.313946723937988,1.7398035097122198,ANOMALY
2026-06-25T12:42:37.193774,12.312314987182617,1.7398035097122198,ANOMALY
2026-06-25T12:42:37.703341,12.312670707702637,1.7398035097122198,ANOMALY
2026-06-25T12:42:38.213426,12.299873352050781,1.7398035097122198,ANOMALY
2026-06-25T12:42:38.723775,12.290672302246094,1.7398035097122198,ANOMALY
2026-06-25T12:42:39.234536,12.289546012878418,1.7398035097122198,ANOMALY
2026-06-25T12:42:39.744477,12.291067123413086,1.7398035097122198,ANOMALY
2026-06-25T12:42:40.253829,12.289936065673828,1.7398035097122198,ANOMALY
2026-06-25T12:42:40.764157,12.271632194519043,1.7398035097122198,ANOMALY
2026-06-25T12:42:41.274413,12.273224830627441,1.7398035097122198,ANOMALY
2026-06-25T12:42:41.783971,12.273237228393555,1.7398035097122198,ANOMALY
2026-06-25T12:42:42.293988,12.277215003967285,1.7398035097122198,ANOMALY
2026-06-25T12:42:42.804698,12.27773380279541,1.7398035097122198,ANOMALY
2026-06-25T12:42:43.315331,12.278119087219238,1.7398035097122198,ANOMALY
2026-06-25T12:42:43.825751,12.276566505432129,1.7398035097122198,ANOMALY
2026-06-25T12:42:44.335978,12.263643264770508,1.7398035097122198,ANOMALY
2026-06-25T12:42:44.846082,12.255728721618652,1.7398035097122198,ANOMALY
2026-06-25T12:42:45.355126,12.246864318847656,1.7398035097122198,ANOMALY
2026-06-25T12:42:45.970493,12.220054626464844,1.7398035097122198,ANOMALY
2026-06-25T12:42:46.480788,12.221673011779785,1.7398035097122198,ANOMALY
2026-06-25T12:42:46.990539,12.223451614379883,1.7398035097122198,ANOMALY
2026-06-25T12:42:47.396398,12.224732398986816,1.7398035097122198,ANOMALY
2026-06-25T12:42:48.010627,12.229456901550293,1.7398035097122198,ANOMALY
2026-06-25T12:42:48.520522,12.232667922973633,1.7398035097122198,ANOMALY
2026-06-25T12:42:49.031330,12.234325408935547,1.7398035097122198,ANOMALY
2026-06-25T12:42:49.542722,12.237668991088867,1.7398035097122198,ANOMALY
2026-06-25T12:42:49.947921,12.237359046936035,1.7398035097122198,ANOMALY
2026-06-25T12:42:50.563170,12.24936294555664,1.7398035097122198,ANOMALY
2026-06-25T12:42:51.072923,12.247976303100586,1.7398035097122198,ANOMALY
2026-06-25T12:42:51.583421,12.241934776306152,1.7398035097122198,ANOMALY
2026-06-25T12:42:52.092687,12.24538803100586,1.7398035097122198,ANOMALY
2026-06-25T12:42:52.603177,12.24777889251709,1.7398035097122198,ANOMALY
2026-06-25T12:42:53.111024,12.259037971496582,1.7398035097122198,ANOMALY
2026-06-25T12:42:53.620597,12.254850387573242,1.7398035097122198,ANOMALY
2026-06-25T12:42:54.130017,12.243886947631836,1.7398035097122198,ANOMALY
2026-06-25T12:42:54.640277,12.233084678649902,1.7398035097122198,ANOMALY
2026-06-25T12:42:55.150352,12.242562294006348,1.7398035097122198,ANOMALY
2026-06-25T12:42:55.661245,12.241750717163086,1.7398035097122198,ANOMALY
2026-06-25T12:42:56.171591,12.233580589294434,1.7398035097122198,ANOMALY
2026-06-25T12:42:56.682332,12.23088264465332,1.7398035097122198,ANOMALY
2026-06-25T12:42:57.192570,12.264284133911133,1.7398035097122198,ANOMALY
2026-06-25T12:42:57.703600,12.651395797729492,1.7398035097122198,ANOMALY
2026-06-25T12:42:58.214047,12.611409187316895,1.7398035097122198,ANOMALY
2026-06-25T12:42:58.725406,12.22339153289795,1.7398035097122198,ANOMALY
2026-06-25T12:42:59.235075,12.205944061279297,1.7398035097122198,ANOMALY
2026-06-25T12:42:59.744929,12.19216537475586,1.7398035097122198,ANOMALY
2026-06-25T12:43:00.255065,12.203859329223633,1.7398035097122198,ANOMALY
2026-06-25T12:43:00.765593,12.191457748413086,1.7398035097122198,ANOMALY
2026-06-25T12:43:01.274941,12.188066482543945,1.7398035097122198,ANOMALY
2026-06-25T12:43:01.787046,12.178659439086914,1.7398035097122198,ANOMALY
2026-06-25T12:43:02.296303,12.172369956970215,1.7398035097122198,ANOMALY
2026-06-25T12:43:02.806048,12.161681175231934,1.7398035097122198,ANOMALY
2026-06-25T12:43:03.315295,12.151139259338379,1.7398035097122198,ANOMALY
2026-06-25T12:43:03.824992,12.12867259979248,1.7398035097122198,ANOMALY
2026-06-25T12:43:04.336202,12.113670349121094,1.7398035097122198,ANOMALY
2026-06-25T12:43:04.846094,12.104388236999512,1.7398035097122198,ANOMALY
2026-06-25T12:43:05.356037,12.100123405456543,1.7398035097122198,ANOMALY
2026-06-25T12:43:05.868022,12.095804214477539,1.7398035097122198,ANOMALY
2026-06-25T12:43:06.378797,12.0953950881958,1.7398035097122198,ANOMALY
2026-06-25T12:43:06.889312,12.095175743103027,1.7398035097122198,ANOMALY
2026-06-25T12:43:07.399912,12.095748901367188,1.7398035097122198,ANOMALY
2026-06-25T12:43:07.910731,12.096980094909668,1.7398035097122198,ANOMALY
2026-06-25T12:43:08.421129,12.094813346862793,1.7398035097122198,ANOMALY
2026-06-25T12:43:08.931901,12.097734451293945,1.7398035097122198,ANOMALY
2026-06-25T12:43:09.442114,12.104170799255371,1.7398035097122198,ANOMALY
2026-06-25T12:43:09.952714,12.109960556030273,1.7398035097122198,ANOMALY
2026-06-25T12:43:10.462109,12.113737106323242,1.7398035097122198,ANOMALY
2026-06-25T12:43:10.972279,12.115182876586914,1.7398035097122198,ANOMALY
2026-06-25T12:43:11.482344,12.108203887939453,1.7398035097122198,ANOMALY
2026-06-25T12:43:11.993298,12.108638763427734,1.7398035097122198,ANOMALY
2026-06-25T12:43:12.504079,12.110658645629883,1.7398035097122198,ANOMALY
2026-06-25T12:43:13.015963,12.112861633300781,1.7398035097122198,ANOMALY
2026-06-25T12:43:13.526357,12.115205764770508,1.7398035097122198,ANOMALY
2026-06-25T12:43:14.035249,12.116430282592773,1.7398035097122198,ANOMALY
2026-06-25T12:43:14.545291,12.118515968322754,1.7398035097122198,ANOMALY
2026-06-25T12:43:15.054121,12.122121810913086,1.7398035097122198,ANOMALY
2026-06-25T12:43:15.673126,12.125276565551758,1.7398035097122198,ANOMALY
2026-06-25T12:43:16.079019,12.128125190734863,1.7398035097122198,ANOMALY
2026-06-25T12:43:16.588926,12.13171100616455,1.7398035097122198,ANOMALY
2026-06-25T12:43:17.203000,12.138132095336914,1.7398035097122198,ANOMALY
2026-06-25T12:43:17.712853,12.142500877380371,1.7398035097122198,ANOMALY
2026-06-25T12:43:18.223426,12.145498275756836,1.7398035097122198,ANOMALY
2026-06-25T12:43:18.733860,12.146744728088379,1.7398035097122198,ANOMALY
2026-06-25T12:43:19.139240,12.14769172668457,1.7398035097122198,ANOMALY
2026-06-25T12:43:19.650295,12.150960922241211,1.7398035097122198,ANOMALY
2026-06-25T12:43:20.159031,12.152145385742188,1.7398035097122198,ANOMALY
2026-06-25T12:43:20.773691,12.167733192443848,1.7398035097122198,ANOMALY
2026-06-25T12:43:21.283007,12.173657417297363,1.7398035097122198,ANOMALY
2026-06-25T12:43:21.792540,12.174749374389648,1.7398035097122198,ANOMALY
2026-06-25T12:43:22.302270,12.33318042755127,1.7398035097122198,ANOMALY
2026-06-25T12:43:22.812599,12.40446949005127,1.7398035097122198,ANOMALY
2026-06-25T12:43:23.323766,12.47140121459961,1.7398035097122198,ANOMALY
2026-06-25T12:43:23.833664,12.574522972106934,1.7398035097122198,ANOMALY
2026-06-25T12:43:24.343655,12.585844039916992,1.7398035097122198,ANOMALY
2026-06-25T12:43:24.848569,12.583837509155273,1.7398035097122198,ANOMALY
2026-06-25T12:43:25.359677,12.58975887298584,1.7398035097122198,ANOMALY
2026-06-25T12:43:25.871891,12.701817512512207,1.7398035097122198,ANOMALY
2026-06-25T12:43:26.378728,13.276154518127441,1.7398035097122198,ANOMALY
2026-06-25T12:43:26.887817,13.39350700378418,1.7398035097122198,ANOMALY
2026-06-25T12:43:27.396850,13.399263381958008,1.7398035097122198,ANOMALY
2026-06-25T12:43:27.907040,13.42223834991455,1.7398035097122198,ANOMALY
2026-06-25T12:43:28.416349,13.421608924865723,1.7398035097122198,ANOMALY
2026-06-25T12:43:28.927327,13.419233322143555,1.7398035097122198,ANOMALY
2026-06-25T12:43:29.437528,13.406776428222656,1.7398035097122198,ANOMALY
2026-06-25T12:43:29.947377,13.333771705627441,1.7398035097122198,ANOMALY
2026-06-25T12:43:30.457496,13.307595252990723,1.7398035097122198,ANOMALY
2026-06-25T12:43:30.969968,13.284403800964355,1.7398035097122198,ANOMALY
2026-06-25T12:43:31.480338,13.271443367004395,1.7398035097122198,ANOMALY
2026-06-25T12:43:31.990221,13.261282920837402,1.7398035097122198,ANOMALY
2026-06-25T12:43:32.501395,13.256219863891602,1.7398035097122198,ANOMALY
2026-06-25T12:43:33.011658,13.25337028503418,1.7398035097122198,ANOMALY
2026-06-25T12:43:33.521938,13.201571464538574,1.7398035097122198,ANOMALY
2026-06-25T12:43:34.032312,13.142145156860352,1.7398035097122198,ANOMALY
2026-06-25T12:43:34.542509,13.124074935913086,1.7398035097122198,ANOMALY
2026-06-25T12:43:35.052129,13.143281936645508,1.7398035097122198,ANOMALY
2026-06-25T12:43:35.562619,13.210554122924805,1.7398035097122198,ANOMALY
2026-06-25T12:43:36.073026,13.160412788391113,1.7398035097122198,ANOMALY
2026-06-25T12:43:36.584572,13.150749206542969,1.7398035097122198,ANOMALY
2026-06-25T12:43:37.094710,13.131248474121094,1.7398035097122198,ANOMALY
2026-06-25T12:43:37.604950,13.076155662536621,1.7398035097122198,ANOMALY
2026-06-25T12:43:38.114699,13.0405855178833,1.7398035097122198,ANOMALY
2026-06-25T12:43:38.625347,13.047383308410645,1.7398035097122198,ANOMALY
2026-06-25T12:43:39.136233,13.031087875366211,1.7398035097122198,ANOMALY
2026-06-25T12:43:39.645778,12.967267990112305,1.7398035097122198,ANOMALY
2026-06-25T12:43:40.156151,12.904247283935547,1.7398035097122198,ANOMALY
2026-06-25T12:43:40.666301,12.763448715209961,1.7398035097122198,ANOMALY
2026-06-25T12:43:41.175762,12.802498817443848,1.7398035097122198,ANOMALY
2026-06-25T12:43:41.686220,12.797123908996582,1.7398035097122198,ANOMALY
2026-06-25T12:43:42.197213,12.745011329650879,1.7398035097122198,ANOMALY
2026-06-25T12:43:42.707119,12.642471313476562,1.7398035097122198,ANOMALY
2026-06-25T12:43:43.217101,12.570246696472168,1.7398035097122198,ANOMALY
2026-06-25T12:43:43.830051,12.148709297180176,1.7398035097122198,ANOMALY
2026-06-25T12:43:44.338476,12.112752914428711,1.7398035097122198,ANOMALY
2026-06-25T12:43:44.848317,12.113067626953125,1.7398035097122198,ANOMALY
2026-06-25T12:43:45.255857,12.121891975402832,1.7398035097122198,ANOMALY
2026-06-25T12:43:45.870167,12.122544288635254,1.7398035097122198,ANOMALY
2026-06-25T12:43:46.380786,12.134275436401367,1.7398035097122198,ANOMALY
2026-06-25T12:43:46.788733,12.130644798278809,1.7398035097122198,ANOMALY
2026-06-25T12:43:47.403001,12.131075859069824,1.7398035097122198,ANOMALY
2026-06-25T12:43:47.911538,12.137781143188477,1.7398035097122198,ANOMALY
2026-06-25T12:43:48.420763,12.138249397277832,1.7398035097122198,ANOMALY
2026-06-25T12:43:48.931346,12.134922981262207,1.7398035097122198,ANOMALY
2026-06-25T12:43:49.440573,12.136170387268066,1.7398035097122198,ANOMALY
2026-06-25T12:43:49.947079,12.141013145446777,1.7398035097122198,ANOMALY
2026-06-25T12:43:50.460636,12.148008346557617,1.7398035097122198,ANOMALY
2026-06-25T12:43:50.967029,12.145432472229004,1.7398035097122198,ANOMALY
2026-06-25T12:43:51.477244,12.150002479553223,1.7398035097122198,ANOMALY
2026-06-25T12:43:51.987362,12.153291702270508,1.7398035097122198,ANOMALY
2026-06-25T12:43:52.499312,12.155519485473633,1.7398035097122198,ANOMALY
2026-06-25T12:43:53.009343,12.159052848815918,1.7398035097122198,ANOMALY
2026-06-25T12:43:53.518840,12.163652420043945,1.7398035097122198,ANOMALY
2026-06-25T12:43:54.028520,12.185992240905762,1.7398035097122198,ANOMALY
2026-06-25T12:43:54.540650,12.191389083862305,1.7398035097122198,ANOMALY
2026-06-25T12:43:55.051498,12.188071250915527,1.7398035097122198,ANOMALY
2026-06-25T12:43:55.562286,12.18594741821289,1.7398035097122198,ANOMALY
2026-06-25T12:43:56.072651,12.202720642089844,1.7398035097122198,ANOMALY
2026-06-25T12:43:56.582618,12.187207221984863,1.7398035097122198,ANOMALY
2026-06-25T12:43:57.092056,12.182731628417969,1.7398035097122198,ANOMALY
2026-06-25T12:43:57.601185,12.175773620605469,1.7398035097122198,ANOMALY
2026-06-25T12:43:58.110356,12.156665802001953,1.7398035097122198,ANOMALY
2026-06-25T12:43:58.620887,12.141314506530762,1.7398035097122198,ANOMALY
2026-06-25T12:43:59.131320,12.13123893737793,1.7398035097122198,ANOMALY
2026-06-25T12:43:59.641311,12.126585006713867,1.7398035097122198,ANOMALY
2026-06-25T12:44:00.151892,12.147256851196289,1.7398035097122198,ANOMALY
2026-06-25T12:44:00.661168,12.16157054901123,1.7398035097122198,ANOMALY
2026-06-25T12:44:01.171128,12.161911964416504,1.7398035097122198,ANOMALY
2026-06-25T12:44:01.681683,12.155333518981934,1.7398035097122198,ANOMALY
2026-06-25T12:44:02.192025,12.150245666503906,1.7398035097122198,ANOMALY
2026-06-25T12:44:02.700995,12.125848770141602,1.7398035097122198,ANOMALY
2026-06-25T12:44:03.210425,12.116512298583984,1.7398035097122198,ANOMALY
2026-06-25T12:44:03.719511,12.101548194885254,1.7398035097122198,ANOMALY
2026-06-25T12:44:04.229868,12.080531120300293,1.7398035097122198,ANOMALY
2026-06-25T12:44:04.740319,12.068855285644531,1.7398035097122198,ANOMALY
2026-06-25T12:44:05.250148,12.059500694274902,1.7398035097122198,ANOMALY
2026-06-25T12:44:05.760369,12.060689926147461,1.7398035097122198,ANOMALY
2026-06-25T12:44:06.269618,12.07944393157959,1.7398035097122198,ANOMALY
2026-06-25T12:44:06.779787,12.080455780029297,1.7398035097122198,ANOMALY
2026-06-25T12:44:07.290535,12.077775001525879,1.7398035097122198,ANOMALY
2026-06-25T12:44:07.800638,12.075089454650879,1.7398035097122198,ANOMALY
2026-06-25T12:44:08.310741,12.073973655700684,1.7398035097122198,ANOMALY
2026-06-25T12:44:08.822582,12.102572441101074,1.7398035097122198,ANOMALY
2026-06-25T12:44:09.332490,12.32870864868164,1.7398035097122198,ANOMALY
2026-06-25T12:44:09.842597,12.1114501953125,1.7398035097122198,ANOMALY
2026-06-25T12:44:10.352726,12.109048843383789,1.7398035097122198,ANOMALY
2026-06-25T12:44:10.862278,12.113892555236816,1.7398035097122198,ANOMALY
2026-06-25T12:44:11.375038,12.106833457946777,1.7398035097122198,ANOMALY
2026-06-25T12:44:11.885192,12.1090669631958,1.7398035097122198,ANOMALY
2026-06-25T12:44:12.394797,12.109213829040527,1.7398035097122198,ANOMALY
2026-06-25T12:44:12.904811,12.112303733825684,1.7398035097122198,ANOMALY
2026-06-25T12:44:13.519313,12.117898941040039,1.7398035097122198,ANOMALY
2026-06-25T12:44:14.029335,12.127876281738281,1.7398035097122198,ANOMALY
2026-06-25T12:44:14.539318,12.137085914611816,1.7398035097122198,ANOMALY
2026-06-25T12:44:15.049735,12.181280136108398,1.7398035097122198,ANOMALY
2026-06-25T12:44:15.559293,12.18757152557373,1.7398035097122198,ANOMALY
2026-06-25T12:44:16.070221,12.310007095336914,1.7398035097122198,ANOMALY
2026-06-25T12:44:16.580842,12.127549171447754,1.7398035097122198,ANOMALY
2026-06-25T12:44:17.090003,12.111084938049316,1.7398035097122198,ANOMALY
2026-06-25T12:44:17.601212,12.110847473144531,1.7398035097122198,ANOMALY
2026-06-25T12:44:18.110526,12.11479663848877,1.7398035097122198,ANOMALY
2026-06-25T12:44:18.620753,12.119224548339844,1.7398035097122198,ANOMALY
2026-06-25T12:44:19.126721,12.125268936157227,1.7398035097122198,ANOMALY
2026-06-25T12:44:19.636182,12.128035545349121,1.7398035097122198,ANOMALY
2026-06-25T12:44:20.148126,12.134440422058105,1.7398035097122198,ANOMALY
2026-06-25T12:44:20.656515,12.147170066833496,1.7398035097122198,ANOMALY
2026-06-25T12:44:21.167112,12.155058860778809,1.7398035097122198,ANOMALY
2026-06-25T12:44:21.676393,12.161499977111816,1.7398035097122198,ANOMALY
2026-06-25T12:44:22.187039,12.15378475189209,1.7398035097122198,ANOMALY
2026-06-25T12:44:22.697669,12.144437789916992,1.7398035097122198,ANOMALY
2026-06-25T12:44:23.210876,12.164641380310059,1.7398035097122198,ANOMALY
2026-06-25T12:44:23.720705,12.173842430114746,1.7398035097122198,ANOMALY
2026-06-25T12:44:24.230633,12.175863265991211,1.7398035097122198,ANOMALY
2026-06-25T12:44:24.740183,12.173975944519043,1.7398035097122198,ANOMALY
2026-06-25T12:44:25.249410,12.179815292358398,1.7398035097122198,ANOMALY
2026-06-25T12:44:25.759988,12.215902328491211,1.7398035097122198,ANOMALY
2026-06-25T12:44:26.269806,12.550999641418457,1.7398035097122198,ANOMALY
2026-06-25T12:44:26.780681,12.71098804473877,1.7398035097122198,ANOMALY
2026-06-25T12:44:27.291745,13.021373748779297,1.7398035097122198,ANOMALY
2026-06-25T12:44:27.801871,13.19469928741455,1.7398035097122198,ANOMALY
2026-06-25T12:44:28.312374,13.221684455871582,1.7398035097122198,ANOMALY
2026-06-25T12:44:28.823671,13.226815223693848,1.7398035097122198,ANOMALY
2026-06-25T12:44:29.334382,13.250805854797363,1.7398035097122198,ANOMALY
2026-06-25T12:44:29.843536,13.414982795715332,1.7398035097122198,ANOMALY
2026-06-25T12:44:30.352904,13.4190034866333,1.7398035097122198,ANOMALY
2026-06-25T12:44:30.863247,13.487393379211426,1.7398035097122198,ANOMALY
2026-06-25T12:44:31.372051,13.460197448730469,1.7398035097122198,ANOMALY
2026-06-25T12:44:31.882216,13.492938995361328,1.7398035097122198,ANOMALY
2026-06-25T12:44:32.391542,13.493914604187012,1.7398035097122198,ANOMALY
2026-06-25T12:44:32.902039,13.531585693359375,1.7398035097122198,ANOMALY
2026-06-25T12:44:33.412385,13.589570045471191,1.7398035097122198,ANOMALY
2026-06-25T12:44:33.923008,13.591964721679688,1.7398035097122198,ANOMALY
2026-06-25T12:44:34.433031,13.57701587677002,1.7398035097122198,ANOMALY
2026-06-25T12:44:34.943182,13.513903617858887,1.7398035097122198,ANOMALY
2026-06-25T12:44:35.454386,13.168232917785645,1.7398035097122198,ANOMALY
2026-06-25T12:44:35.963699,13.350048065185547,1.7398035097122198,ANOMALY
2026-06-25T12:44:36.474120,13.261821746826172,1.7398035097122198,ANOMALY
2026-06-25T12:44:36.983974,13.171416282653809,1.7398035097122198,ANOMALY
2026-06-25T12:44:37.495207,13.105426788330078,1.7398035097122198,ANOMALY
2026-06-25T12:44:38.004854,13.093188285827637,1.7398035097122198,ANOMALY
2026-06-25T12:44:38.514818,13.188389778137207,1.7398035097122198,ANOMALY
2026-06-25T12:44:39.024791,13.133678436279297,1.7398035097122198,ANOMALY
2026-06-25T12:44:39.639862,13.005611419677734,1.7398035097122198,ANOMALY
2026-06-25T12:44:40.149301,12.975820541381836,1.7398035097122198,ANOMALY
2026-06-25T12:44:40.555506,12.882699966430664,1.7398035097122198,ANOMALY
2026-06-25T12:44:41.066586,12.751291275024414,1.7398035097122198,ANOMALY
2026-06-25T12:44:41.576348,12.691070556640625,1.7398035097122198,ANOMALY
2026-06-25T12:44:42.086424,12.538415908813477,1.7398035097122198,ANOMALY
2026-06-25T12:44:42.700533,12.514457702636719,1.7398035097122198,ANOMALY
2026-06-25T12:44:43.211684,12.505455017089844,1.7398035097122198,ANOMALY
2026-06-25T12:44:43.616581,12.477295875549316,1.7398035097122198,ANOMALY
2026-06-25T12:44:44.228969,12.281454086303711,1.7398035097122198,ANOMALY
2026-06-25T12:44:44.742734,12.267706871032715,1.7398035097122198,ANOMALY
2026-06-25T12:44:45.253351,12.258612632751465,1.7398035097122198,ANOMALY
2026-06-25T12:44:45.760088,12.243433952331543,1.7398035097122198,ANOMALY
2026-06-25T12:44:46.273257,12.226459503173828,1.7398035097122198,ANOMALY
2026-06-25T12:44:46.782295,12.22282886505127,1.7398035097122198,ANOMALY
2026-06-25T12:44:47.289941,12.22321891784668,1.7398035097122198,ANOMALY
2026-06-25T12:44:47.803547,12.227420806884766,1.7398035097122198,ANOMALY
2026-06-25T12:44:48.310640,12.230198860168457,1.7398035097122198,ANOMALY
2026-06-25T12:44:48.820650,12.233436584472656,1.7398035097122198,ANOMALY
2026-06-25T12:44:49.330274,12.23534870147705,1.7398035097122198,ANOMALY
2026-06-25T12:44:49.841012,12.235297203063965,1.7398035097122198,ANOMALY
2026-06-25T12:44:50.350799,12.234886169433594,1.7398035097122198,ANOMALY
2026-06-25T12:44:50.861596,12.23419189453125,1.7398035097122198,ANOMALY
2026-06-25T12:44:51.370251,12.233516693115234,1.7398035097122198,ANOMALY
2026-06-25T12:44:51.879827,12.234840393066406,1.7398035097122198,ANOMALY
2026-06-25T12:44:52.389846,12.232151985168457,1.7398035097122198,ANOMALY
2026-06-25T12:44:52.899909,12.229961395263672,1.7398035097122198,ANOMALY
2026-06-25T12:44:53.410215,12.229599952697754,1.7398035097122198,ANOMALY
2026-06-25T12:44:53.920592,12.226051330566406,1.7398035097122198,ANOMALY
2026-06-25T12:44:54.430720,12.221609115600586,1.7398035097122198,ANOMALY
2026-06-25T12:44:54.939819,12.216032981872559,1.7398035097122198,ANOMALY
2026-06-25T12:44:55.449855,12.210261344909668,1.7398035097122198,ANOMALY
2026-06-25T12:44:55.959764,12.214011192321777,1.7398035097122198,ANOMALY
2026-06-25T12:44:56.471014,12.213895797729492,1.7398035097122198,ANOMALY
2026-06-25T12:44:56.981346,12.21478271484375,1.7398035097122198,ANOMALY
2026-06-25T12:44:57.491511,12.208925247192383,1.7398035097122198,ANOMALY
2026-06-25T12:44:58.001601,12.209620475769043,1.7398035097122198,ANOMALY
2026-06-25T12:44:58.510914,12.21203899383545,1.7398035097122198,ANOMALY
2026-06-25T12:44:59.019841,12.48165512084961,1.7398035097122198,ANOMALY
2026-06-25T12:44:59.529759,12.492844581604004,1.7398035097122198,ANOMALY
2026-06-25T12:45:00.039183,12.523786544799805,1.7398035097122198,ANOMALY
2026-06-25T12:45:00.549799,12.673202514648438,1.7398035097122198,ANOMALY
2026-06-25T12:45:01.060477,12.611137390136719,1.7398035097122198,ANOMALY
2026-06-25T12:45:01.570059,12.558328628540039,1.7398035097122198,ANOMALY
2026-06-25T12:45:02.080502,12.648940086364746,1.7398035097122198,ANOMALY
2026-06-25T12:45:02.592869,12.634292602539062,1.7398035097122198,ANOMALY
2026-06-25T12:45:03.103325,12.636104583740234,1.7398035097122198,ANOMALY
2026-06-25T12:45:03.614264,12.63342571258545,1.7398035097122198,ANOMALY
2026-06-25T12:45:04.123747,12.653985023498535,1.7398035097122198,ANOMALY
2026-06-25T12:45:04.634840,12.658575057983398,1.7398035097122198,ANOMALY
2026-06-25T12:45:05.144188,12.67062759399414,1.7398035097122198,ANOMALY
2026-06-25T12:45:05.653670,12.677227973937988,1.7398035097122198,ANOMALY
2026-06-25T12:45:06.164663,12.674704551696777,1.7398035097122198,ANOMALY
2026-06-25T12:45:06.677307,12.688265800476074,1.7398035097122198,ANOMALY
2026-06-25T12:45:07.187553,12.662857055664062,1.7398035097122198,ANOMALY
2026-06-25T12:45:07.800969,12.661836624145508,1.7398035097122198,ANOMALY
2026-06-25T12:45:08.206901,12.563352584838867,1.7398035097122198,ANOMALY
2026-06-25T12:45:08.821166,12.154841423034668,1.7398035097122198,ANOMALY
2026-06-25T12:45:09.226755,12.145068168640137,1.7398035097122198,ANOMALY
2026-06-25T12:45:09.739348,12.13315200805664,1.7398035097122198,ANOMALY
2026-06-25T12:45:10.249832,12.131582260131836,1.7398035097122198,ANOMALY
2026-06-25T12:45:10.863573,12.138208389282227,1.7398035097122198,ANOMALY
2026-06-25T12:45:11.373949,12.147504806518555,1.7398035097122198,ANOMALY
2026-06-25T12:45:11.883413,12.479965209960938,1.7398035097122198,ANOMALY
2026-06-25T12:45:12.395053,12.794471740722656,1.7398035097122198,ANOMALY
2026-06-25T12:45:12.905701,12.857009887695312,1.7398035097122198,ANOMALY
2026-06-25T12:45:13.415190,12.888721466064453,1.7398035097122198,ANOMALY
2026-06-25T12:45:13.925220,12.908421516418457,1.7398035097122198,ANOMALY
2026-06-25T12:45:14.436118,12.459157943725586,1.7398035097122198,ANOMALY
2026-06-25T12:45:14.942018,12.507950782775879,1.7398035097122198,ANOMALY
2026-06-25T12:45:15.451923,12.135967254638672,1.7398035097122198,ANOMALY
2026-06-25T12:45:15.962763,12.3845796585083,1.7398035097122198,ANOMALY
2026-06-25T12:45:16.472875,12.47727108001709,1.7398035097122198,ANOMALY
2026-06-25T12:45:16.982873,12.517843246459961,1.7398035097122198,ANOMALY
2026-06-25T12:45:17.492304,12.550575256347656,1.7398035097122198,ANOMALY
2026-06-25T12:45:18.002613,12.581649780273438,1.7398035097122198,ANOMALY
2026-06-25T12:45:18.512087,12.570460319519043,1.7398035097122198,ANOMALY
2026-06-25T12:45:19.021805,12.596500396728516,1.7398035097122198,ANOMALY
2026-06-25T12:45:19.531016,12.614753723144531,1.7398035097122198,ANOMALY
2026-06-25T12:45:20.040190,12.628138542175293,1.7398035097122198,ANOMALY
2026-06-25T12:45:20.550341,12.647391319274902,1.7398035097122198,ANOMALY
2026-06-25T12:45:21.060746,12.65885066986084,1.7398035097122198,ANOMALY
2026-06-25T12:45:21.572305,12.612783432006836,1.7398035097122198,ANOMALY
2026-06-25T12:45:22.082221,12.547237396240234,1.7398035097122198,ANOMALY
2026-06-25T12:45:22.591871,12.5147123336792,1.7398035097122198,ANOMALY
2026-06-25T12:45:23.101849,12.499327659606934,1.7398035097122198,ANOMALY
2026-06-25T12:45:23.612217,12.484770774841309,1.7398035097122198,ANOMALY
2026-06-25T12:45:24.122865,12.469138145446777,1.7398035097122198,ANOMALY
2026-06-25T12:45:24.632740,12.468643188476562,1.7398035097122198,ANOMALY
2026-06-25T12:45:25.143984,12.432299613952637,1.7398035097122198,ANOMALY
2026-06-25T12:45:25.654855,12.402219772338867,1.7398035097122198,ANOMALY
2026-06-25T12:45:26.165394,12.393959999084473,1.7398035097122198,ANOMALY
2026-06-25T12:45:26.676228,12.33333969116211,1.7398035097122198,ANOMALY
2026-06-25T12:45:27.186624,12.306884765625,1.7398035097122198,ANOMALY
2026-06-25T12:45:27.697329,12.289326667785645,1.7398035097122198,ANOMALY
2026-06-25T12:45:28.208068,12.286483764648438,1.7398035097122198,ANOMALY
2026-06-25T12:45:28.718674,12.289958000183105,1.7398035097122198,ANOMALY
2026-06-25T12:45:29.230070,12.29189395904541,1.7398035097122198,ANOMALY
2026-06-25T12:45:29.739094,12.291890144348145,1.7398035097122198,ANOMALY
2026-06-25T12:45:30.249186,12.295780181884766,1.7398035097122198,ANOMALY
2026-06-25T12:45:30.759056,12.303389549255371,1.7398035097122198,ANOMALY
2026-06-25T12:45:31.269722,12.307626724243164,1.7398035097122198,ANOMALY
2026-06-25T12:45:31.779070,12.309523582458496,1.7398035097122198,ANOMALY
2026-06-25T12:45:32.291253,12.307254791259766,1.7398035097122198,ANOMALY
2026-06-25T12:45:32.801736,12.306309700012207,1.7398035097122198,ANOMALY
2026-06-25T12:45:33.311581,12.30652904510498,1.7398035097122198,ANOMALY
2026-06-25T12:45:33.822203,12.308030128479004,1.7398035097122198,ANOMALY
2026-06-25T12:45:34.333502,12.306924819946289,1.7398035097122198,ANOMALY
2026-06-25T12:45:34.844503,12.301182746887207,1.7398035097122198,ANOMALY
2026-06-25T12:45:35.355742,12.301695823669434,1.7398035097122198,ANOMALY
2026-06-25T12:45:35.865386,12.30189323425293,1.7398035097122198,ANOMALY
2026-06-25T12:45:36.374811,12.300695419311523,1.7398035097122198,ANOMALY
2026-06-25T12:45:36.884563,12.298986434936523,1.7398035097122198,ANOMALY
2026-06-25T12:45:37.395664,12.30272388458252,1.7398035097122198,ANOMALY
2026-06-25T12:45:38.008878,12.3021879196167,1.7398035097122198,ANOMALY
2026-06-25T12:45:38.517731,12.301270484924316,1.7398035097122198,ANOMALY
2026-06-25T12:45:39.026866,12.306676864624023,1.7398035097122198,ANOMALY
2026-06-25T12:45:39.537225,12.317445755004883,1.7398035097122198,ANOMALY
2026-06-25T12:45:40.046538,12.32392692565918,1.7398035097122198,ANOMALY
2026-06-25T12:45:40.557539,12.342079162597656,1.7398035097122198,ANOMALY
2026-06-25T12:45:41.067811,12.318991661071777,1.7398035097122198,ANOMALY
2026-06-25T12:45:41.577472,12.291585922241211,1.7398035097122198,ANOMALY
2026-06-25T12:45:42.087269,12.277466773986816,1.7398035097122198,ANOMALY
2026-06-25T12:45:42.597346,12.262175559997559,1.7398035097122198,ANOMALY
2026-06-25T12:45:43.107675,12.255452156066895,1.7398035097122198,ANOMALY
2026-06-25T12:45:43.617684,12.251130104064941,1.7398035097122198,ANOMALY
2026-06-25T12:45:44.127677,12.246180534362793,1.7398035097122198,ANOMALY
2026-06-25T12:45:44.636859,12.246344566345215,1.7398035097122198,ANOMALY
2026-06-25T12:45:45.147136,12.24349308013916,1.7398035097122198,ANOMALY
2026-06-25T12:45:45.654388,12.240250587463379,1.7398035097122198,ANOMALY
2026-06-25T12:45:46.163798,12.236836433410645,1.7398035097122198,ANOMALY
2026-06-25T12:45:46.675251,12.233196258544922,1.7398035097122198,ANOMALY
2026-06-25T12:45:47.185617,12.227048873901367,1.7398035097122198,ANOMALY
2026-06-25T12:45:47.695174,12.220566749572754,1.7398035097122198,ANOMALY
2026-06-25T12:45:48.206376,12.212067604064941,1.7398035097122198,ANOMALY
2026-06-25T12:45:48.716659,12.204428672790527,1.7398035097122198,ANOMALY
2026-06-25T12:45:49.226806,12.195821762084961,1.7398035097122198,ANOMALY
2026-06-25T12:45:49.736715,12.195402145385742,1.7398035097122198,ANOMALY
2026-06-25T12:45:50.247786,12.188321113586426,1.7398035097122198,ANOMALY
2026-06-25T12:45:50.757195,12.181381225585938,1.7398035097122198,ANOMALY
2026-06-25T12:45:51.267883,12.179847717285156,1.7398035097122198,ANOMALY
2026-06-25T12:45:51.778233,12.177338600158691,1.7398035097122198,ANOMALY
2026-06-25T12:45:52.287914,12.173622131347656,1.7398035097122198,ANOMALY
2026-06-25T12:45:52.799116,12.170171737670898,1.7398035097122198,ANOMALY
2026-06-25T12:45:53.310925,12.162213325500488,1.7398035097122198,ANOMALY
2026-06-25T12:45:53.820174,12.150419235229492,1.7398035097122198,ANOMALY
2026-06-25T12:45:54.330076,12.139313697814941,1.7398035097122198,ANOMALY
2026-06-25T12:45:54.840250,12.132142066955566,1.7398035097122198,ANOMALY
2026-06-25T12:45:55.350525,12.120954513549805,1.7398035097122198,ANOMALY
2026-06-25T12:45:55.860721,12.114459991455078,1.7398035097122198,ANOMALY
2026-06-25T12:45:56.370484,12.109240531921387,1.7398035097122198,ANOMALY
2026-06-25T12:45:56.880990,12.104491233825684,1.7398035097122198,ANOMALY
2026-06-25T12:45:57.394724,12.104215621948242,1.7398035097122198,ANOMALY
2026-06-25T12:45:57.904832,12.11582088470459,1.7398035097122198,ANOMALY
2026-06-25T12:45:58.413673,12.120316505432129,1.7398035097122198,ANOMALY
2026-06-25T12:45:58.924161,12.113346099853516,1.7398035097122198,ANOMALY
2026-06-25T12:45:59.433913,12.108929634094238,1.7398035097122198,ANOMALY
2026-06-25T12:45:59.944737,12.102827072143555,1.7398035097122198,ANOMALY
2026-06-25T12:46:00.454376,12.101446151733398,1.7398035097122198,ANOMALY
2026-06-25T12:46:00.963414,12.093917846679688,1.7398035097122198,ANOMALY
2026-06-25T12:46:01.472553,12.09209156036377,1.7398035097122198,ANOMALY
2026-06-25T12:46:01.983405,12.089700698852539,1.7398035097122198,ANOMALY
2026-06-25T12:46:02.493800,12.081892013549805,1.7398035097122198,ANOMALY
2026-06-25T12:46:03.003880,12.07018756866455,1.7398035097122198,ANOMALY
2026-06-25T12:46:03.514811,12.058783531188965,1.7398035097122198,ANOMALY
2026-06-25T12:46:04.024883,12.048073768615723,1.7398035097122198,ANOMALY
2026-06-25T12:46:04.534978,12.039287567138672,1.7398035097122198,ANOMALY
2026-06-25T12:46:05.046002,12.038209915161133,1.7398035097122198,ANOMALY
2026-06-25T12:46:05.660060,12.050811767578125,1.7398035097122198,ANOMALY
2026-06-25T12:46:06.170749,12.04759693145752,1.7398035097122198,ANOMALY
2026-06-25T12:46:06.679940,12.039501190185547,1.7398035097122198,ANOMALY
2026-06-25T12:46:07.085682,12.031916618347168,1.7398035097122198,ANOMALY
2026-06-25T12:46:07.596926,12.034415245056152,1.7398035097122198,ANOMALY
2026-06-25T12:46:08.210756,12.025226593017578,1.7398035097122198,ANOMALY
2026-06-25T12:46:08.616478,12.018214225769043,1.7398035097122198,ANOMALY
2026-06-25T12:46:09.232034,12.02006721496582,1.7398035097122198,ANOMALY
2026-06-25T12:46:09.637418,12.008325576782227,1.7398035097122198,ANOMALY
2026-06-25T12:46:10.248698,12.022510528564453,1.7398035097122198,ANOMALY
2026-06-25T12:46:10.758218,12.035215377807617,1.7398035097122198,ANOMALY
2026-06-25T12:46:11.267856,12.039742469787598,1.7398035097122198,ANOMALY
2026-06-25T12:46:11.778487,12.04428768157959,1.7398035097122198,ANOMALY
2026-06-25T12:46:12.287681,12.046669006347656,1.7398035097122198,ANOMALY
2026-06-25T12:46:12.798575,12.049040794372559,1.7398035097122198,ANOMALY
2026-06-25T12:46:13.308066,12.053435325622559,1.7398035097122198,ANOMALY
2026-06-25T12:46:13.818936,12.058459281921387,1.7398035097122198,ANOMALY
2026-06-25T12:46:14.331028,12.058975219726562,1.7398035097122198,ANOMALY
2026-06-25T12:46:14.842174,12.058695793151855,1.7398035097122198,ANOMALY
2026-06-25T12:46:15.356779,12.047882080078125,1.7398035097122198,ANOMALY
2026-06-25T12:46:15.867398,12.049726486206055,1.7398035097122198,ANOMALY
2026-06-25T12:46:16.373930,12.054254531860352,1.7398035097122198,ANOMALY
2026-06-25T12:46:16.884048,12.054675102233887,1.7398035097122198,ANOMALY
2026-06-25T12:46:17.395568,12.056182861328125,1.7398035097122198,ANOMALY
2026-06-25T12:46:17.907198,12.059168815612793,1.7398035097122198,ANOMALY
2026-06-25T12:46:18.416688,12.06272029876709,1.7398035097122198,ANOMALY
2026-06-25T12:46:18.926846,12.059253692626953,1.7398035097122198,ANOMALY
2026-06-25T12:46:19.436609,12.054353713989258,1.7398035097122198,ANOMALY
2026-06-25T12:46:19.947080,12.052274703979492,1.7398035097122198,ANOMALY
2026-06-25T12:46:20.456633,12.05263614654541,1.7398035097122198,ANOMALY
2026-06-25T12:46:20.967357,12.051961898803711,1.7398035097122198,ANOMALY
2026-06-25T12:46:21.478175,12.05408763885498,1.7398035097122198,ANOMALY
2026-06-25T12:46:21.987621,12.056950569152832,1.7398035097122198,ANOMALY
2026-06-25T12:46:22.497913,12.056235313415527,1.7398035097122198,ANOMALY
2026-06-25T12:46:23.007892,12.05813217163086,1.7398035097122198,ANOMALY
2026-06-25T12:46:23.518309,12.061702728271484,1.7398035097122198,ANOMALY
2026-06-25T12:46:24.030542,12.070928573608398,1.7398035097122198,ANOMALY
2026-06-25T12:46:24.541380,12.077033042907715,1.7398035097122198,ANOMALY
2026-06-25T12:46:25.051567,12.086518287658691,1.7398035097122198,ANOMALY
2026-06-25T12:46:25.562129,12.096088409423828,1.7398035097122198,ANOMALY
2026-06-25T12:46:26.071716,12.114068984985352,1.7398035097122198,ANOMALY
2026-06-25T12:46:26.580667,12.114665031433105,1.7398035097122198,ANOMALY
2026-06-25T12:46:27.090806,12.128867149353027,1.7398035097122198,ANOMALY
2026-06-25T12:46:27.601290,12.154359817504883,1.7398035097122198,ANOMALY
2026-06-25T12:46:28.111935,12.1735258102417,1.7398035097122198,ANOMALY
2026-06-25T12:46:28.623134,12.189386367797852,1.7398035097122198,ANOMALY
2026-06-25T12:46:29.133905,12.197794914245605,1.7398035097122198,ANOMALY
2026-06-25T12:46:29.644495,12.20320987701416,1.7398035097122198,ANOMALY
2026-06-25T12:46:30.154629,12.208664894104004,1.7398035097122198,ANOMALY
2026-06-25T12:46:30.665200,12.212841987609863,1.7398035097122198,ANOMALY
2026-06-25T12:46:31.173836,12.214798927307129,1.7398035097122198,ANOMALY
2026-06-25T12:46:31.684753,12.216744422912598,1.7398035097122198,ANOMALY
2026-06-25T12:46:32.195321,12.219680786132812,1.7398035097122198,ANOMALY
2026-06-25T12:46:32.705159,12.223182678222656,1.7398035097122198,ANOMALY
2026-06-25T12:46:33.216545,12.236055374145508,1.7398035097122198,ANOMALY
2026-06-25T12:46:33.727027,12.237205505371094,1.7398035097122198,ANOMALY
2026-06-25T12:46:34.237532,12.247288703918457,1.7398035097122198,ANOMALY
2026-06-25T12:46:34.748127,12.253890991210938,1.7398035097122198,ANOMALY
2026-06-25T12:46:35.259666,12.240925788879395,1.7398035097122198,ANOMALY
2026-06-25T12:46:35.769977,12.246060371398926,1.7398035097122198,ANOMALY
2026-06-25T12:46:36.279233,12.26934814453125,1.7398035097122198,ANOMALY
2026-06-25T12:46:36.893214,12.313429832458496,1.7398035097122198,ANOMALY
2026-06-25T12:46:37.300030,12.320879936218262,1.7398035097122198,ANOMALY
2026-06-25T12:46:37.810081,12.333087921142578,1.7398035097122198,ANOMALY
2026-06-25T12:46:38.320552,12.352396965026855,1.7398035097122198,ANOMALY
2026-06-25T12:46:38.934091,12.362090110778809,1.7398035097122198,ANOMALY
2026-06-25T12:46:39.339938,12.363341331481934,1.7398035097122198,ANOMALY
2026-06-25T12:46:39.955260,12.375656127929688,1.7398035097122198,ANOMALY
2026-06-25T12:46:40.465252,12.346647262573242,1.7398035097122198,ANOMALY
2026-06-25T12:46:40.972163,12.380366325378418,1.7398035097122198,ANOMALY
2026-06-25T12:46:41.484902,12.397851943969727,1.7398035097122198,ANOMALY
2026-06-25T12:46:41.994220,12.396175384521484,1.7398035097122198,ANOMALY
2026-06-25T12:46:42.506122,12.387275695800781,1.7398035097122198,ANOMALY
2026-06-25T12:46:43.014595,12.390887260437012,1.7398035097122198,ANOMALY
2026-06-25T12:46:43.523233,12.390954971313477,1.7398035097122198,ANOMALY
2026-06-25T12:46:44.029695,12.3925199508667,1.7398035097122198,ANOMALY
2026-06-25T12:46:44.539936,12.387101173400879,1.7398035097122198,ANOMALY
2026-06-25T12:46:45.050647,12.37424087524414,1.7398035097122198,ANOMALY
2026-06-25T12:46:45.560078,12.3711576461792,1.7398035097122198,ANOMALY
2026-06-25T12:46:46.070270,12.378806114196777,1.7398035097122198,ANOMALY
2026-06-25T12:46:46.579030,12.381368637084961,1.7398035097122198,ANOMALY
2026-06-25T12:46:47.088372,12.386856079101562,1.7398035097122198,ANOMALY
2026-06-25T12:46:47.598070,12.387882232666016,1.7398035097122198,ANOMALY
2026-06-25T12:46:48.108228,12.384090423583984,1.7398035097122198,ANOMALY
2026-06-25T12:46:48.619010,12.38887882232666,1.7398035097122198,ANOMALY
2026-06-25T12:46:49.128604,12.392097473144531,1.7398035097122198,ANOMALY
2026-06-25T12:46:49.639032,12.37297534942627,1.7398035097122198,ANOMALY
2026-06-25T12:46:50.149174,12.361614227294922,1.7398035097122198,ANOMALY
2026-06-25T12:46:50.659678,12.35200309753418,1.7398035097122198,ANOMALY
2026-06-25T12:46:51.170378,12.349334716796875,1.7398035097122198,ANOMALY
2026-06-25T12:46:51.679295,12.352720260620117,1.7398035097122198,ANOMALY
2026-06-25T12:46:52.189668,12.353918075561523,1.7398035097122198,ANOMALY
2026-06-25T12:46:52.700216,12.33822250366211,1.7398035097122198,ANOMALY
2026-06-25T12:46:53.211350,12.331555366516113,1.7398035097122198,ANOMALY
2026-06-25T12:46:53.721783,12.332472801208496,1.7398035097122198,ANOMALY
2026-06-25T12:46:54.232395,12.331352233886719,1.7398035097122198,ANOMALY
2026-06-25T12:46:54.742630,12.329110145568848,1.7398035097122198,ANOMALY
2026-06-25T12:46:55.252749,12.32662296295166,1.7398035097122198,ANOMALY
2026-06-25T12:46:55.763851,12.331984519958496,1.7398035097122198,ANOMALY
2026-06-25T12:46:56.273847,12.332703590393066,1.7398035097122198,ANOMALY
2026-06-25T12:46:56.783355,12.332385063171387,1.7398035097122198,ANOMALY
2026-06-25T12:46:57.292610,12.330887794494629,1.7398035097122198,ANOMALY
2026-06-25T12:46:57.801957,12.32931137084961,1.7398035097122198,ANOMALY
2026-06-25T12:46:58.311492,12.328852653503418,1.7398035097122198,ANOMALY
2026-06-25T12:46:58.822176,12.327994346618652,1.7398035097122198,ANOMALY
2026-06-25T12:46:59.331976,12.327471733093262,1.7398035097122198,ANOMALY
2026-06-25T12:46:59.841204,12.33137035369873,1.7398035097122198,ANOMALY
2026-06-25T12:47:00.350994,12.33715534210205,1.7398035097122198,ANOMALY
2026-06-25T12:47:00.860702,12.345211029052734,1.7398035097122198,ANOMALY
2026-06-25T12:47:01.371169,12.350200653076172,1.7398035097122198,ANOMALY
2026-06-25T12:47:01.985665,12.37246036529541,1.7398035097122198,ANOMALY
2026-06-25T12:47:02.496687,12.373233795166016,1.7398035097122198,ANOMALY
2026-06-25T12:47:02.902780,12.371061325073242,1.7398035097122198,ANOMALY
2026-06-25T12:47:03.412145,12.39816951751709,1.7398035097122198,ANOMALY
2026-06-25T12:47:03.922027,12.377143859863281,1.7398035097122198,ANOMALY
2026-06-25T12:47:04.433068,12.353378295898438,1.7398035097122198,ANOMALY
2026-06-25T12:47:05.046585,12.340810775756836,1.7398035097122198,ANOMALY
2026-06-25T12:47:05.555935,12.331403732299805,1.7398035097122198,ANOMALY
2026-06-25T12:47:06.065834,12.324918746948242,1.7398035097122198,ANOMALY
2026-06-25T12:47:06.576136,12.296509742736816,1.7398035097122198,ANOMALY
2026-06-25T12:47:07.086752,12.290788650512695,1.7398035097122198,ANOMALY
2026-06-25T12:47:07.598810,12.285989761352539,1.7398035097122198,ANOMALY
2026-06-25T12:47:08.107750,12.27944278717041,1.7398035097122198,ANOMALY
2026-06-25T12:47:08.614711,12.269461631774902,1.7398035097122198,ANOMALY
2026-06-25T12:47:09.124782,12.254655838012695,1.7398035097122198,ANOMALY
2026-06-25T12:47:09.635189,12.245637893676758,1.7398035097122198,ANOMALY
2026-06-25T12:47:10.145935,12.243922233581543,1.7398035097122198,ANOMALY
2026-06-25T12:47:10.655814,12.268335342407227,1.7398035097122198,ANOMALY
2026-06-25T12:47:11.166375,12.253131866455078,1.7398035097122198,ANOMALY
2026-06-25T12:47:11.676043,12.242741584777832,1.7398035097122198,ANOMALY
2026-06-25T12:47:12.186879,12.231040000915527,1.7398035097122198,ANOMALY
2026-06-25T12:47:12.696697,12.225408554077148,1.7398035097122198,ANOMALY
2026-06-25T12:47:13.208302,12.386524200439453,1.7398035097122198,ANOMALY
2026-06-25T12:47:13.718289,12.486655235290527,1.7398035097122198,ANOMALY
2026-06-25T12:47:14.227999,12.481141090393066,1.7398035097122198,ANOMALY
2026-06-25T12:47:14.739710,12.431825637817383,1.7398035097122198,ANOMALY
2026-06-25T12:47:15.249631,12.18970775604248,1.7398035097122198,ANOMALY
2026-06-25T12:47:15.759282,12.176497459411621,1.7398035097122198,ANOMALY
2026-06-25T12:47:16.269492,12.160764694213867,1.7398035097122198,ANOMALY
2026-06-25T12:47:16.780857,12.153273582458496,1.7398035097122198,ANOMALY
2026-06-25T12:47:17.290367,12.145207405090332,1.7398035097122198,ANOMALY
2026-06-25T12:47:17.801024,12.141020774841309,1.7398035097122198,ANOMALY
2026-06-25T12:47:18.311503,12.13773250579834,1.7398035097122198,ANOMALY
2026-06-25T12:47:18.822013,12.135570526123047,1.7398035097122198,ANOMALY
2026-06-25T12:47:19.333594,12.140077590942383,1.7398035097122198,ANOMALY
2026-06-25T12:47:19.843257,12.136170387268066,1.7398035097122198,ANOMALY
2026-06-25T12:47:20.353083,12.135841369628906,1.7398035097122198,ANOMALY
2026-06-25T12:47:20.863613,12.13376522064209,1.7398035097122198,ANOMALY
2026-06-25T12:47:21.373573,12.13214111328125,1.7398035097122198,ANOMALY
2026-06-25T12:47:21.883925,12.130508422851562,1.7398035097122198,ANOMALY
2026-06-25T12:47:22.393030,12.13811206817627,1.7398035097122198,ANOMALY
2026-06-25T12:47:22.903796,12.126240730285645,1.7398035097122198,ANOMALY
2026-06-25T12:47:23.415734,12.123982429504395,1.7398035097122198,ANOMALY
2026-06-25T12:47:23.926318,12.12337875366211,1.7398035097122198,ANOMALY
2026-06-25T12:47:24.435228,12.121289253234863,1.7398035097122198,ANOMALY
2026-06-25T12:47:24.945268,12.11849308013916,1.7398035097122198,ANOMALY
2026-06-25T12:47:25.456052,12.164302825927734,1.7398035097122198,ANOMALY
2026-06-25T12:47:25.965226,12.16923713684082,1.7398035097122198,ANOMALY
2026-06-25T12:47:26.475230,12.168720245361328,1.7398035097122198,ANOMALY
2026-06-25T12:47:26.984843,12.16202449798584,1.7398035097122198,ANOMALY
2026-06-25T12:47:27.495722,12.154783248901367,1.7398035097122198,ANOMALY
2026-06-25T12:47:28.005676,12.150823593139648,1.7398035097122198,ANOMALY
2026-06-25T12:47:28.515622,12.144278526306152,1.7398035097122198,ANOMALY
2026-06-25T12:47:29.027716,12.138744354248047,1.7398035097122198,ANOMALY
2026-06-25T12:47:29.538312,12.108638763427734,1.7398035097122198,ANOMALY
2026-06-25T12:47:30.049485,12.092558860778809,1.7398035097122198,ANOMALY
2026-06-25T12:47:30.558310,12.083861351013184,1.7398035097122198,ANOMALY
2026-06-25T12:47:31.068715,12.07437515258789,1.7398035097122198,ANOMALY
2026-06-25T12:47:31.577892,12.08299446105957,1.7398035097122198,ANOMALY
2026-06-25T12:47:32.088279,12.082793235778809,1.7398035097122198,ANOMALY
2026-06-25T12:47:32.703414,12.081734657287598,1.7398035097122198,ANOMALY
2026-06-25T12:47:33.213875,12.079108238220215,1.7398035097122198,ANOMALY
2026-06-25T12:47:33.723128,12.070576667785645,1.7398035097122198,ANOMALY
2026-06-25T12:47:34.234100,12.058539390563965,1.7398035097122198,ANOMALY
2026-06-25T12:47:34.640182,12.050398826599121,1.7398035097122198,ANOMALY
2026-06-25T12:47:35.256604,12.04591178894043,1.7398035097122198,ANOMALY
2026-06-25T12:47:35.662682,12.011996269226074,1.7398035097122198,ANOMALY
2026-06-25T12:47:36.276873,12.021149635314941,1.7398035097122198,ANOMALY
2026-06-25T12:47:36.785974,12.019625663757324,1.7398035097122198,ANOMALY
2026-06-25T12:47:37.192773,12.019331932067871,1.7398035097122198,ANOMALY
2026-06-25T12:47:37.806019,12.013809204101562,1.7398035097122198,ANOMALY
2026-06-25T12:47:38.315924,12.005667686462402,1.7398035097122198,ANOMALY
2026-06-25T12:47:38.826199,11.978271484375,1.7398035097122198,ANOMALY
2026-06-25T12:47:39.333059,11.973387718200684,1.7398035097122198,ANOMALY
2026-06-25T12:47:39.847811,11.964849472045898,1.7398035097122198,ANOMALY
2026-06-25T12:47:40.354394,11.966246604919434,1.7398035097122198,ANOMALY
2026-06-25T12:47:40.867645,11.968710899353027,1.7398035097122198,ANOMALY
2026-06-25T12:47:41.373127,11.99493408203125,1.7398035097122198,ANOMALY
2026-06-25T12:47:41.885579,11.96469783782959,1.7398035097122198,ANOMALY
2026-06-25T12:47:42.395926,11.957111358642578,1.7398035097122198,ANOMALY
2026-06-25T12:47:42.904848,11.958894729614258,1.7398035097122198,ANOMALY
2026-06-25T12:47:43.415407,11.966751098632812,1.7398035097122198,ANOMALY
2026-06-25T12:47:43.925346,11.978605270385742,1.7398035097122198,ANOMALY
2026-06-25T12:47:44.436276,11.996744155883789,1.7398035097122198,ANOMALY
2026-06-25T12:47:44.946999,12.012301445007324,1.7398035097122198,ANOMALY
2026-06-25T12:47:45.457230,12.029142379760742,1.7398035097122198,ANOMALY
2026-06-25T12:47:45.966788,12.063599586486816,1.7398035097122198,ANOMALY
2026-06-25T12:47:46.476297,12.075176239013672,1.7398035097122198,ANOMALY
2026-06-25T12:47:46.986081,12.079249382019043,1.7398035097122198,ANOMALY
2026-06-25T12:47:47.495479,12.086921691894531,1.7398035097122198,ANOMALY
2026-06-25T12:47:48.005116,12.064465522766113,1.7398035097122198,ANOMALY
2026-06-25T12:47:48.515502,12.05879020690918,1.7398035097122198,ANOMALY
2026-06-25T12:47:49.026093,12.061797142028809,1.7398035097122198,ANOMALY
2026-06-25T12:47:49.536585,12.08997917175293,1.7398035097122198,ANOMALY
2026-06-25T12:47:50.046709,12.167327880859375,1.7398035097122198,ANOMALY
2026-06-25T12:47:50.556877,12.182084083557129,1.7398035097122198,ANOMALY
2026-06-25T12:47:51.066824,12.192747116088867,1.7398035097122198,ANOMALY
2026-06-25T12:47:51.576532,12.206243515014648,1.7398035097122198,ANOMALY
2026-06-25T12:47:52.085900,12.253544807434082,1.7398035097122198,ANOMALY
2026-06-25T12:47:52.596667,12.234299659729004,1.7398035097122198,ANOMALY
2026-06-25T12:47:53.105942,12.1832857131958,1.7398035097122198,ANOMALY
2026-06-25T12:47:53.616576,12.164901733398438,1.7398035097122198,ANOMALY
2026-06-25T12:47:54.127211,12.160099983215332,1.7398035097122198,ANOMALY
2026-06-25T12:47:54.637884,12.162522315979004,1.7398035097122198,ANOMALY
2026-06-25T12:47:55.148766,12.17345905303955,1.7398035097122198,ANOMALY
2026-06-25T12:47:55.658340,12.165608406066895,1.7398035097122198,ANOMALY
2026-06-25T12:47:56.169376,12.174942970275879,1.7398035097122198,ANOMALY
2026-06-25T12:47:56.680197,12.186814308166504,1.7398035097122198,ANOMALY
2026-06-25T12:47:57.191610,12.195869445800781,1.7398035097122198,ANOMALY
2026-06-25T12:47:57.700930,12.195292472839355,1.7398035097122198,ANOMALY
2026-06-25T12:47:58.211290,12.204910278320312,1.7398035097122198,ANOMALY
2026-06-25T12:47:58.721088,12.221570014953613,1.7398035097122198,ANOMALY
2026-06-25T12:47:59.231335,12.228724479675293,1.7398035097122198,ANOMALY
2026-06-25T12:47:59.741071,12.239534378051758,1.7398035097122198,ANOMALY
2026-06-25T12:48:00.252150,12.249320983886719,1.7398035097122198,ANOMALY
2026-06-25T12:48:00.866807,12.254244804382324,1.7398035097122198,ANOMALY
2026-06-25T12:48:01.376541,12.255414962768555,1.7398035097122198,ANOMALY
2026-06-25T12:48:01.783102,12.258872032165527,1.7398035097122198,ANOMALY
2026-06-25T12:48:02.398489,12.266731262207031,1.7398035097122198,ANOMALY
2026-06-25T12:48:02.907817,12.271871566772461,1.7398035097122198,ANOMALY
2026-06-25T12:48:03.313093,12.286205291748047,1.7398035097122198,ANOMALY
2026-06-25T12:48:03.824007,12.296462059020996,1.7398035097122198,ANOMALY
2026-06-25T12:48:04.336632,12.320289611816406,1.7398035097122198,ANOMALY
2026-06-25T12:48:04.950502,12.337586402893066,1.7398035097122198,ANOMALY
2026-06-25T12:48:05.460425,12.34272575378418,1.7398035097122198,ANOMALY
2026-06-25T12:48:05.969499,12.350443840026855,1.7398035097122198,ANOMALY
2026-06-25T12:48:06.475238,12.345352172851562,1.7398035097122198,ANOMALY
2026-06-25T12:48:06.989853,12.354719161987305,1.7398035097122198,ANOMALY
2026-06-25T12:48:07.495731,12.361833572387695,1.7398035097122198,ANOMALY
2026-06-25T12:48:08.006647,12.364145278930664,1.7398035097122198,ANOMALY
2026-06-25T12:48:08.516969,12.371086120605469,1.7398035097122198,ANOMALY
2026-06-25T12:48:09.026389,12.376712799072266,1.7398035097122198,ANOMALY
2026-06-25T12:48:09.536607,12.411535263061523,1.7398035097122198,ANOMALY
2026-06-25T12:48:10.045784,12.438949584960938,1.7398035097122198,ANOMALY
2026-06-25T12:48:10.556839,12.465675354003906,1.7398035097122198,ANOMALY
2026-06-25T12:48:11.065948,12.484835624694824,1.7398035097122198,ANOMALY
2026-06-25T12:48:11.576021,12.485143661499023,1.7398035097122198,ANOMALY
2026-06-25T12:48:12.085835,12.510045051574707,1.7398035097122198,ANOMALY
2026-06-25T12:48:12.597501,12.51535701751709,1.7398035097122198,ANOMALY
2026-06-25T12:48:13.109092,12.521621704101562,1.7398035097122198,ANOMALY
2026-06-25T12:48:13.619984,12.526551246643066,1.7398035097122198,ANOMALY
2026-06-25T12:48:14.130012,12.532586097717285,1.7398035097122198,ANOMALY
2026-06-25T12:48:14.640028,12.538394927978516,1.7398035097122198,ANOMALY
2026-06-25T12:48:15.151200,12.550067901611328,1.7398035097122198,ANOMALY
2026-06-25T12:48:15.660889,12.610660552978516,1.7398035097122198,ANOMALY
2026-06-25T12:48:16.170984,12.632492065429688,1.7398035097122198,ANOMALY
2026-06-25T12:48:16.681368,12.65369987487793,1.7398035097122198,ANOMALY
2026-06-25T12:48:17.191152,12.644782066345215,1.7398035097122198,ANOMALY
2026-06-25T12:48:17.700838,12.688660621643066,1.7398035097122198,ANOMALY
2026-06-25T12:48:18.210275,12.794776916503906,1.7398035097122198,ANOMALY
2026-06-25T12:48:18.721413,12.54053020477295,1.7398035097122198,ANOMALY
2026-06-25T12:48:19.230748,12.50485610961914,1.7398035097122198,ANOMALY
2026-06-25T12:48:19.741140,12.490734100341797,1.7398035097122198,ANOMALY
2026-06-25T12:48:20.251084,12.460302352905273,1.7398035097122198,ANOMALY
2026-06-25T12:48:20.762226,12.436399459838867,1.7398035097122198,ANOMALY
2026-06-25T12:48:21.272102,12.418072700500488,1.7398035097122198,ANOMALY
2026-06-25T12:48:21.781366,12.413498878479004,1.7398035097122198,ANOMALY
2026-06-25T12:48:22.290769,12.411789894104004,1.7398035097122198,ANOMALY
2026-06-25T12:48:22.800297,12.382406234741211,1.7398035097122198,ANOMALY
2026-06-25T12:48:23.311014,12.364953994750977,1.7398035097122198,ANOMALY
2026-06-25T12:48:23.820263,12.356080055236816,1.7398035097122198,ANOMALY
2026-06-25T12:48:24.329516,12.3471040725708,1.7398035097122198,ANOMALY
2026-06-25T12:48:24.840612,12.330403327941895,1.7398035097122198,ANOMALY
2026-06-25T12:48:25.350598,12.322700500488281,1.7398035097122198,ANOMALY
2026-06-25T12:48:25.859865,12.312033653259277,1.7398035097122198,ANOMALY
2026-06-25T12:48:26.369004,12.295730590820312,1.7398035097122198,ANOMALY
2026-06-25T12:48:26.879677,12.278368949890137,1.7398035097122198,ANOMALY
2026-06-25T12:48:27.388501,12.258610725402832,1.7398035097122198,ANOMALY
2026-06-25T12:48:27.899061,12.24675178527832,1.7398035097122198,ANOMALY
2026-06-25T12:48:28.408873,12.239977836608887,1.7398035097122198,ANOMALY
2026-06-25T12:48:28.920055,12.23961353302002,1.7398035097122198,ANOMALY
2026-06-25T12:48:29.534915,12.2355318069458,1.7398035097122198,ANOMALY
2026-06-25T12:48:30.045874,12.231940269470215,1.7398035097122198,ANOMALY
2026-06-25T12:48:30.556804,12.227296829223633,1.7398035097122198,ANOMALY
2026-06-25T12:48:31.066783,12.226025581359863,1.7398035097122198,ANOMALY
2026-06-25T12:48:31.576802,12.22370433807373,1.7398035097122198,ANOMALY
2026-06-25T12:48:32.087216,12.218015670776367,1.7398035097122198,ANOMALY
2026-06-25T12:48:32.597028,12.222064018249512,1.7398035097122198,ANOMALY
2026-06-25T12:48:33.107384,12.223137855529785,1.7398035097122198,ANOMALY
2026-06-25T12:48:33.616843,12.225264549255371,1.7398035097122198,ANOMALY
2026-06-25T12:48:34.126306,12.227007865905762,1.7398035097122198,ANOMALY
2026-06-25T12:48:34.636302,12.229276657104492,1.7398035097122198,ANOMALY
2026-06-25T12:48:35.145819,12.23582935333252,1.7398035097122198,ANOMALY
2026-06-25T12:48:35.656603,12.239312171936035,1.7398035097122198,ANOMALY
2026-06-25T12:48:36.163742,12.240340232849121,1.7398035097122198,ANOMALY
2026-06-25T12:48:36.672847,12.241070747375488,1.7398035097122198,ANOMALY
2026-06-25T12:48:37.182087,12.244321823120117,1.7398035097122198,ANOMALY
2026-06-25T12:48:37.692861,12.239201545715332,1.7398035097122198,ANOMALY
2026-06-25T12:48:38.202403,12.212592124938965,1.7398035097122198,ANOMALY
2026-06-25T12:48:38.712556,12.211252212524414,1.7398035097122198,ANOMALY
2026-06-25T12:48:39.222783,12.208829879760742,1.7398035097122198,ANOMALY
2026-06-25T12:48:39.732770,12.200730323791504,1.7398035097122198,ANOMALY
2026-06-25T12:48:40.241777,12.195114135742188,1.7398035097122198,ANOMALY
2026-06-25T12:48:40.751760,12.19575309753418,1.7398035097122198,ANOMALY
2026-06-25T12:48:41.262744,12.199586868286133,1.7398035097122198,ANOMALY
2026-06-25T12:48:41.774815,12.206094741821289,1.7398035097122198,ANOMALY
2026-06-25T12:48:42.285594,12.209989547729492,1.7398035097122198,ANOMALY
2026-06-25T12:48:42.795221,12.216314315795898,1.7398035097122198,ANOMALY
2026-06-25T12:48:43.305045,12.219944953918457,1.7398035097122198,ANOMALY
2026-06-25T12:48:43.814603,12.223621368408203,1.7398035097122198,ANOMALY
2026-06-25T12:48:44.325315,12.23167610168457,1.7398035097122198,ANOMALY
2026-06-25T12:48:44.835913,12.239848136901855,1.7398035097122198,ANOMALY
2026-06-25T12:48:45.347246,12.238645553588867,1.7398035097122198,ANOMALY
2026-06-25T12:48:45.857403,12.24233341217041,1.7398035097122198,ANOMALY
2026-06-25T12:48:46.367421,12.244126319885254,1.7398035097122198,ANOMALY
2026-06-25T12:48:46.877850,12.24751091003418,1.7398035097122198,ANOMALY
2026-06-25T12:48:47.388590,12.251472473144531,1.7398035097122198,ANOMALY
2026-06-25T12:48:47.898863,12.249698638916016,1.7398035097122198,ANOMALY
2026-06-25T12:48:48.409860,12.25654411315918,1.7398035097122198,ANOMALY
2026-06-25T12:48:48.920152,12.260634422302246,1.7398035097122198,ANOMALY
2026-06-25T12:48:49.431200,12.264836311340332,1.7398035097122198,ANOMALY
2026-06-25T12:48:49.941073,12.271184921264648,1.7398035097122198,ANOMALY
2026-06-25T12:48:50.451531,12.275108337402344,1.7398035097122198,ANOMALY
2026-06-25T12:48:50.961484,12.279500007629395,1.7398035097122198,ANOMALY
2026-06-25T12:48:51.471265,12.294687271118164,1.7398035097122198,ANOMALY
2026-06-25T12:48:51.981855,12.310400009155273,1.7398035097122198,ANOMALY
2026-06-25T12:48:52.492358,12.317917823791504,1.7398035097122198,ANOMALY
2026-06-25T12:48:53.002290,12.34153938293457,1.7398035097122198,ANOMALY
2026-06-25T12:48:53.512942,12.361268043518066,1.7398035097122198,ANOMALY
2026-06-25T12:48:54.023263,12.39608097076416,1.7398035097122198,ANOMALY
2026-06-25T12:48:54.532149,12.404311180114746,1.7398035097122198,ANOMALY
2026-06-25T12:48:55.146342,12.367947578430176,1.7398035097122198,ANOMALY
2026-06-25T12:48:55.655992,12.386086463928223,1.7398035097122198,ANOMALY
2026-06-25T12:48:56.166007,12.408143997192383,1.7398035097122198,ANOMALY
2026-06-25T12:48:56.675163,12.426413536071777,1.7398035097122198,ANOMALY
2026-06-25T12:48:57.185346,12.441523551940918,1.7398035097122198,ANOMALY
2026-06-25T12:48:57.590910,12.419771194458008,1.7398035097122198,ANOMALY
2026-06-25T12:48:58.201141,12.420175552368164,1.7398035097122198,ANOMALY
2026-06-25T12:48:58.713941,12.436402320861816,1.7398035097122198,ANOMALY
2026-06-25T12:48:59.220841,12.430724143981934,1.7398035097122198,ANOMALY
2026-06-25T12:48:59.730052,12.431831359863281,1.7398035097122198,ANOMALY
2026-06-25T12:49:00.241375,12.432964324951172,1.7398035097122198,ANOMALY
2026-06-25T12:49:00.750697,12.427448272705078,1.7398035097122198,ANOMALY
2026-06-25T12:49:01.261232,12.423184394836426,1.7398035097122198,ANOMALY
2026-06-25T12:49:01.774904,12.431707382202148,1.7398035097122198,ANOMALY
2026-06-25T12:49:02.281684,12.440004348754883,1.7398035097122198,ANOMALY
2026-06-25T12:49:02.795330,12.44522476196289,1.7398035097122198,ANOMALY
2026-06-25T12:49:03.301308,12.450206756591797,1.7398035097122198,ANOMALY
2026-06-25T12:49:03.812392,12.466080665588379,1.7398035097122198,ANOMALY
2026-06-25T12:49:04.322815,12.467218399047852,1.7398035097122198,ANOMALY
2026-06-25T12:49:04.832104,12.467670440673828,1.7398035097122198,ANOMALY
2026-06-25T12:49:05.343075,12.462644577026367,1.7398035097122198,ANOMALY
2026-06-25T12:49:05.854045,12.460070610046387,1.7398035097122198,ANOMALY
2026-06-25T12:49:06.365537,12.460254669189453,1.7398035097122198,ANOMALY
2026-06-25T12:49:06.874057,12.45402717590332,1.7398035097122198,ANOMALY
2026-06-25T12:49:07.383900,12.448379516601562,1.7398035097122198,ANOMALY
2026-06-25T12:49:07.894381,12.448856353759766,1.7398035097122198,ANOMALY
2026-06-25T12:49:08.404819,12.438824653625488,1.7398035097122198,ANOMALY
2026-06-25T12:49:08.913953,12.436481475830078,1.7398035097122198,ANOMALY
2026-06-25T12:49:09.426506,12.426858901977539,1.7398035097122198,ANOMALY
2026-06-25T12:49:09.937784,12.404131889343262,1.7398035097122198,ANOMALY
2026-06-25T12:49:10.447391,12.410253524780273,1.7398035097122198,ANOMALY
2026-06-25T12:49:10.956649,12.6268892288208,1.7398035097122198,ANOMALY
2026-06-25T12:49:11.466048,12.81108283996582,1.7398035097122198,ANOMALY
2026-06-25T12:49:11.975950,12.852096557617188,1.7398035097122198,ANOMALY
2026-06-25T12:49:12.486761,12.844423294067383,1.7398035097122198,ANOMALY
2026-06-25T12:49:12.996724,12.82029914855957,1.7398035097122198,ANOMALY
2026-06-25T12:49:13.506737,12.79396915435791,1.7398035097122198,ANOMALY
2026-06-25T12:49:14.016833,12.779942512512207,1.7398035097122198,ANOMALY
2026-06-25T12:49:14.528063,12.59374713897705,1.7398035097122198,ANOMALY
2026-06-25T12:49:15.039264,12.315383911132812,1.7398035097122198,ANOMALY
2026-06-25T12:49:15.549488,12.302801132202148,1.7398035097122198,ANOMALY
2026-06-25T12:49:16.059807,12.2944917678833,1.7398035097122198,ANOMALY
2026-06-25T12:49:16.569965,12.286100387573242,1.7398035097122198,ANOMALY
2026-06-25T12:49:17.079410,12.309687614440918,1.7398035097122198,ANOMALY
2026-06-25T12:49:17.589063,12.85543441772461,1.7398035097122198,ANOMALY
2026-06-25T12:49:18.099978,12.862003326416016,1.7398035097122198,ANOMALY
2026-06-25T12:49:18.610197,12.828295707702637,1.7398035097122198,ANOMALY
2026-06-25T12:49:19.120633,12.738450050354004,1.7398035097122198,ANOMALY
2026-06-25T12:49:19.630906,12.69694995880127,1.7398035097122198,ANOMALY
2026-06-25T12:49:20.142315,12.54616928100586,1.7398035097122198,ANOMALY
2026-06-25T12:49:20.653692,12.546138763427734,1.7398035097122198,ANOMALY
2026-06-25T12:49:21.165277,12.513849258422852,1.7398035097122198,ANOMALY
2026-06-25T12:49:21.675940,12.485921859741211,1.7398035097122198,ANOMALY
2026-06-25T12:49:22.187045,12.39730167388916,1.7398035097122198,ANOMALY
2026-06-25T12:49:22.800413,12.394522666931152,1.7398035097122198,ANOMALY
2026-06-25T12:49:23.205391,12.414693832397461,1.7398035097122198,ANOMALY
2026-06-25T12:49:23.819224,12.408260345458984,1.7398035097122198,ANOMALY
2026-06-25T12:49:24.330320,12.415597915649414,1.7398035097122198,ANOMALY
2026-06-25T12:49:24.840719,12.415027618408203,1.7398035097122198,ANOMALY
2026-06-25T12:49:25.247013,12.411367416381836,1.7398035097122198,ANOMALY
2026-06-25T12:49:25.757856,12.404013633728027,1.7398035097122198,ANOMALY
2026-06-25T12:49:26.268094,12.399604797363281,1.7398035097122198,ANOMALY
2026-06-25T12:49:26.777379,12.42065143585205,1.7398035097122198,ANOMALY
2026-06-25T12:49:27.287503,12.428986549377441,1.7398035097122198,ANOMALY
2026-06-25T12:49:27.796922,12.423149108886719,1.7398035097122198,ANOMALY
2026-06-25T12:49:28.411256,12.433187484741211,1.7398035097122198,ANOMALY
2026-06-25T12:49:28.917960,12.429011344909668,1.7398035097122198,ANOMALY
2026-06-25T12:49:29.428302,12.427109718322754,1.7398035097122198,ANOMALY
2026-06-25T12:49:29.937891,12.424726486206055,1.7398035097122198,ANOMALY
2026-06-25T12:49:30.448009,12.406009674072266,1.7398035097122198,ANOMALY
2026-06-25T12:49:30.957817,12.406806945800781,1.7398035097122198,ANOMALY
2026-06-25T12:49:31.467398,12.358335494995117,1.7398035097122198,ANOMALY
2026-06-25T12:49:31.978855,12.34231185913086,1.7398035097122198,ANOMALY
2026-06-25T12:49:32.488368,12.334054946899414,1.7398035097122198,ANOMALY
2026-06-25T12:49:32.998126,12.32652759552002,1.7398035097122198,ANOMALY
2026-06-25T12:49:33.509002,12.321414947509766,1.7398035097122198,ANOMALY
2026-06-25T12:49:34.018319,12.308287620544434,1.7398035097122198,ANOMALY
2026-06-25T12:49:34.529270,12.307047843933105,1.7398035097122198,ANOMALY
2026-06-25T12:49:35.039641,12.302474975585938,1.7398035097122198,ANOMALY
2026-06-25T12:49:35.551127,12.309054374694824,1.7398035097122198,ANOMALY
2026-06-25T12:49:36.060926,12.313863754272461,1.7398035097122198,ANOMALY
2026-06-25T12:49:36.571101,12.316610336303711,1.7398035097122198,ANOMALY
2026-06-25T12:49:37.079774,12.321105003356934,1.7398035097122198,ANOMALY
2026-06-25T12:49:37.590001,12.303762435913086,1.7398035097122198,ANOMALY
2026-06-25T12:49:38.099660,12.298285484313965,1.7398035097122198,ANOMALY
2026-06-25T12:49:38.609692,12.297577857971191,1.7398035097122198,ANOMALY
2026-06-25T12:49:39.118606,12.281789779663086,1.7398035097122198,ANOMALY
2026-06-25T12:49:39.628034,12.272256851196289,1.7398035097122198,ANOMALY
2026-06-25T12:49:40.137626,12.266446113586426,1.7398035097122198,ANOMALY
2026-06-25T12:49:40.649149,12.239140510559082,1.7398035097122198,ANOMALY
2026-06-25T12:49:41.159798,12.22251033782959,1.7398035097122198,ANOMALY
2026-06-25T12:49:41.670405,12.206128120422363,1.7398035097122198,ANOMALY
2026-06-25T12:49:42.180351,12.202337265014648,1.7398035097122198,ANOMALY
2026-06-25T12:49:42.690003,12.21712589263916,1.7398035097122198,ANOMALY
2026-06-25T12:49:43.199265,12.212202072143555,1.7398035097122198,ANOMALY
2026-06-25T12:49:43.708425,12.18314266204834,1.7398035097122198,ANOMALY
2026-06-25T12:49:44.218486,12.202933311462402,1.7398035097122198,ANOMALY
2026-06-25T12:49:44.728386,12.17148208618164,1.7398035097122198,ANOMALY
2026-06-25T12:49:45.243606,12.17016887664795,1.7398035097122198,ANOMALY
2026-06-25T12:49:45.747332,12.166182518005371,1.7398035097122198,ANOMALY
2026-06-25T12:49:46.256364,12.16016960144043,1.7398035097122198,ANOMALY
2026-06-25T12:49:46.766108,12.144094467163086,1.7398035097122198,ANOMALY
2026-06-25T12:49:47.277566,12.136963844299316,1.7398035097122198,ANOMALY
2026-06-25T12:49:47.787325,12.136858940124512,1.7398035097122198,ANOMALY
2026-06-25T12:49:48.297627,12.139554977416992,1.7398035097122198,ANOMALY
2026-06-25T12:49:48.807146,12.143160820007324,1.7398035097122198,ANOMALY
2026-06-25T12:49:49.317402,12.147509574890137,1.7398035097122198,ANOMALY
2026-06-25T12:49:49.827103,12.144731521606445,1.7398035097122198,ANOMALY
2026-06-25T12:49:50.338071,12.150360107421875,1.7398035097122198,ANOMALY
2026-06-25T12:49:50.953643,12.15228271484375,1.7398035097122198,ANOMALY
2026-06-25T12:49:51.464846,12.153050422668457,1.7398035097122198,ANOMALY
2026-06-25T12:49:51.974872,12.151229858398438,1.7398035097122198,ANOMALY
2026-06-25T12:49:52.484096,12.150735855102539,1.7398035097122198,ANOMALY
2026-06-25T12:49:52.993638,12.151154518127441,1.7398035097122198,ANOMALY
2026-06-25T12:49:53.500577,12.155314445495605,1.7398035097122198,ANOMALY
2026-06-25T12:49:54.014926,12.160426139831543,1.7398035097122198,ANOMALY
2026-06-25T12:49:54.524785,12.16591739654541,1.7398035097122198,ANOMALY
2026-06-25T12:49:55.035067,12.182974815368652,1.7398035097122198,ANOMALY
2026-06-25T12:49:55.545121,12.180792808532715,1.7398035097122198,ANOMALY
2026-06-25T12:49:56.051478,12.183599472045898,1.7398035097122198,ANOMALY
2026-06-25T12:49:56.561146,12.186165809631348,1.7398035097122198,ANOMALY
2026-06-25T12:49:57.071470,12.19342041015625,1.7398035097122198,ANOMALY
2026-06-25T12:49:57.582178,12.196824073791504,1.7398035097122198,ANOMALY
2026-06-25T12:49:58.091972,12.202422142028809,1.7398035097122198,ANOMALY
2026-06-25T12:49:58.601708,12.20590877532959,1.7398035097122198,ANOMALY
2026-06-25T12:49:59.111584,12.201640129089355,1.7398035097122198,ANOMALY
2026-06-25T12:49:59.621698,12.205971717834473,1.7398035097122198,ANOMALY
2026-06-25T12:50:00.131923,12.22375202178955,1.7398035097122198,ANOMALY
2026-06-25T12:50:00.642906,12.207074165344238,1.7398035097122198,ANOMALY
2026-06-25T12:50:01.151789,12.206999778747559,1.7398035097122198,ANOMALY
2026-06-25T12:50:01.661956,12.208723068237305,1.7398035097122198,ANOMALY
2026-06-25T12:50:02.171762,12.211155891418457,1.7398035097122198,ANOMALY
2026-06-25T12:50:02.680216,12.211947441101074,1.7398035097122198,ANOMALY
2026-06-25T12:50:03.191008,12.246140480041504,1.7398035097122198,ANOMALY
2026-06-25T12:50:03.701235,12.453481674194336,1.7398035097122198,ANOMALY
2026-06-25T12:50:04.211942,12.251086235046387,1.7398035097122198,ANOMALY
2026-06-25T12:50:04.721791,12.510430335998535,1.7398035097122198,ANOMALY
2026-06-25T12:50:05.232404,12.540533065795898,1.7398035097122198,ANOMALY
2026-06-25T12:50:05.742797,12.53917407989502,1.7398035097122198,ANOMALY
2026-06-25T12:50:06.251917,12.59192943572998,1.7398035097122198,ANOMALY
2026-06-25T12:50:06.762302,12.631011009216309,1.7398035097122198,ANOMALY
2026-06-25T12:50:07.271670,12.71341609954834,1.7398035097122198,ANOMALY
2026-06-25T12:50:07.782132,12.811460494995117,1.7398035097122198,ANOMALY
2026-06-25T12:50:08.292303,13.876143455505371,1.7398035097122198,ANOMALY
2026-06-25T12:50:08.803307,13.904903411865234,1.7398035097122198,ANOMALY
2026-06-25T12:50:09.314784,13.933216094970703,1.7398035097122198,ANOMALY
2026-06-25T12:50:09.825415,13.910715103149414,1.7398035097122198,ANOMALY
2026-06-25T12:50:10.337317,13.892998695373535,1.7398035097122198,ANOMALY
2026-06-25T12:50:10.848018,13.89240837097168,1.7398035097122198,ANOMALY
2026-06-25T12:50:11.358497,13.89534854888916,1.7398035097122198,ANOMALY
2026-06-25T12:50:11.868811,13.897955894470215,1.7398035097122198,ANOMALY
2026-06-25T12:50:12.379194,13.90645694732666,1.7398035097122198,ANOMALY
2026-06-25T12:50:12.889532,13.922415733337402,1.7398035097122198,ANOMALY
2026-06-25T12:50:13.399671,13.9224853515625,1.7398035097122198,ANOMALY
2026-06-25T12:50:13.910610,13.920600891113281,1.7398035097122198,ANOMALY
2026-06-25T12:50:14.419798,13.92089557647705,1.7398035097122198,ANOMALY
2026-06-25T12:50:14.930390,13.928902626037598,1.7398035097122198,ANOMALY
2026-06-25T12:50:15.440183,13.933012962341309,1.7398035097122198,ANOMALY
2026-06-25T12:50:15.951286,13.932086944580078,1.7398035097122198,ANOMALY
2026-06-25T12:50:16.460823,13.933695793151855,1.7398035097122198,ANOMALY
2026-06-25T12:50:16.973147,13.938980102539062,1.7398035097122198,ANOMALY
2026-06-25T12:50:17.483100,13.9431734085083,1.7398035097122198,ANOMALY
2026-06-25T12:50:17.993308,13.940980911254883,1.7398035097122198,ANOMALY
2026-06-25T12:50:18.608511,13.945440292358398,1.7398035097122198,ANOMALY
2026-06-25T12:50:19.117303,13.95263957977295,1.7398035097122198,ANOMALY
2026-06-25T12:50:19.627763,13.961756706237793,1.7398035097122198,ANOMALY
2026-06-25T12:50:20.034643,13.971224784851074,1.7398035097122198,ANOMALY
2026-06-25T12:50:20.648206,13.976578712463379,1.7398035097122198,ANOMALY
2026-06-25T12:50:21.156888,13.975617408752441,1.7398035097122198,ANOMALY
2026-06-25T12:50:21.665908,13.980847358703613,1.7398035097122198,ANOMALY
2026-06-25T12:50:22.175828,13.993772506713867,1.7398035097122198,ANOMALY
2026-06-25T12:50:22.684362,14.006158828735352,1.7398035097122198,ANOMALY
2026-06-25T12:50:23.198678,14.001011848449707,1.7398035097122198,ANOMALY
2026-06-25T12:50:23.708001,14.002395629882812,1.7398035097122198,ANOMALY
2026-06-25T12:50:24.218541,14.007920265197754,1.7398035097122198,ANOMALY
2026-06-25T12:50:24.723922,14.014585494995117,1.7398035097122198,ANOMALY
2026-06-25T12:50:25.237522,14.017005920410156,1.7398035097122198,ANOMALY
2026-06-25T12:50:25.743977,14.036409378051758,1.7398035097122198,ANOMALY
2026-06-25T12:50:26.253352,14.044651985168457,1.7398035097122198,ANOMALY
2026-06-25T12:50:26.763194,14.049284934997559,1.7398035097122198,ANOMALY
2026-06-25T12:50:27.273251,14.058754920959473,1.7398035097122198,ANOMALY
2026-06-25T12:50:27.783676,14.066848754882812,1.7398035097122198,ANOMALY
2026-06-25T12:50:28.294308,14.296841621398926,1.7398035097122198,ANOMALY
2026-06-25T12:50:28.804113,14.35457706451416,1.7398035097122198,ANOMALY
2026-06-25T12:50:29.315026,14.355429649353027,1.7398035097122198,ANOMALY
2026-06-25T12:50:29.824522,14.355247497558594,1.7398035097122198,ANOMALY
2026-06-25T12:50:30.336607,14.346020698547363,1.7398035097122198,ANOMALY
2026-06-25T12:50:30.845818,14.337897300720215,1.7398035097122198,ANOMALY
2026-06-25T12:50:31.355321,14.333520889282227,1.7398035097122198,ANOMALY
2026-06-25T12:50:31.864835,14.294280052185059,1.7398035097122198,ANOMALY
2026-06-25T12:50:32.373841,14.286275863647461,1.7398035097122198,ANOMALY
2026-06-25T12:50:32.882772,14.148585319519043,1.7398035097122198,ANOMALY
2026-06-25T12:50:33.392714,14.290614128112793,1.7398035097122198,ANOMALY
2026-06-25T12:50:33.903099,14.331632614135742,1.7398035097122198,ANOMALY
2026-06-25T12:50:34.413769,14.217880249023438,1.7398035097122198,ANOMALY
2026-06-25T12:50:34.922935,14.19089126586914,1.7398035097122198,ANOMALY
2026-06-25T12:50:35.433415,14.184773445129395,1.7398035097122198,ANOMALY
2026-06-25T12:50:35.943310,14.148004531860352,1.7398035097122198,ANOMALY
2026-06-25T12:50:36.453821,14.152756690979004,1.7398035097122198,ANOMALY
2026-06-25T12:50:36.964651,14.157699584960938,1.7398035097122198,ANOMALY
2026-06-25T12:50:37.475373,14.161872863769531,1.7398035097122198,ANOMALY
2026-06-25T12:50:37.986567,14.166232109069824,1.7398035097122198,ANOMALY
2026-06-25T12:50:38.496116,14.163586616516113,1.7398035097122198,ANOMALY
2026-06-25T12:50:39.006594,12.44258975982666,1.7398035097122198,ANOMALY
2026-06-25T12:50:39.517984,12.409856796264648,1.7398035097122198,ANOMALY
2026-06-25T12:50:40.028669,12.404150009155273,1.7398035097122198,ANOMALY
2026-06-25T12:50:40.538371,12.403006553649902,1.7398035097122198,ANOMALY
2026-06-25T12:50:41.048301,12.39763355255127,1.7398035097122198,ANOMALY
2026-06-25T12:50:41.559083,12.391374588012695,1.7398035097122198,ANOMALY
2026-06-25T12:50:42.069229,12.371269226074219,1.7398035097122198,ANOMALY
2026-06-25T12:50:42.578026,12.36434268951416,1.7398035097122198,ANOMALY
2026-06-25T12:50:43.087698,12.360169410705566,1.7398035097122198,ANOMALY
2026-06-25T12:50:43.598393,12.354425430297852,1.7398035097122198,ANOMALY
2026-06-25T12:50:44.108595,12.349837303161621,1.7398035097122198,ANOMALY
2026-06-25T12:50:44.619757,12.344250679016113,1.7398035097122198,ANOMALY
2026-06-25T12:50:45.129324,12.338897705078125,1.7398035097122198,ANOMALY
2026-06-25T12:50:45.743078,12.334386825561523,1.7398035097122198,ANOMALY
2026-06-25T12:50:46.149576,12.332465171813965,1.7398035097122198,ANOMALY
2026-06-25T12:50:46.660186,12.327089309692383,1.7398035097122198,ANOMALY
2026-06-25T12:50:47.169937,12.3239164352417,1.7398035097122198,ANOMALY
2026-06-25T12:50:47.783220,12.327022552490234,1.7398035097122198,ANOMALY
2026-06-25T12:50:48.190109,12.321343421936035,1.7398035097122198,ANOMALY
2026-06-25T12:50:48.802936,12.308867454528809,1.7398035097122198,ANOMALY
2026-06-25T12:50:49.313016,12.302995681762695,1.7398035097122198,ANOMALY
2026-06-25T12:50:49.822203,12.292255401611328,1.7398035097122198,ANOMALY
2026-06-25T12:50:50.332493,12.281538963317871,1.7398035097122198,ANOMALY
2026-06-25T12:50:50.840284,12.278975486755371,1.7398035097122198,ANOMALY
2026-06-25T12:50:51.349950,12.272472381591797,1.7398035097122198,ANOMALY
2026-06-25T12:50:51.860220,12.261959075927734,1.7398035097122198,ANOMALY
2026-06-25T12:50:52.370897,12.255697250366211,1.7398035097122198,ANOMALY
2026-06-25T12:50:52.880469,12.226723670959473,1.7398035097122198,ANOMALY
2026-06-25T12:50:53.389499,12.205975532531738,1.7398035097122198,ANOMALY
2026-06-25T12:50:53.899031,12.18952751159668,1.7398035097122198,ANOMALY
2026-06-25T12:50:54.410176,12.173530578613281,1.7398035097122198,ANOMALY
2026-06-25T12:50:54.920678,12.159200668334961,1.7398035097122198,ANOMALY
2026-06-25T12:50:55.431321,12.157922744750977,1.7398035097122198,ANOMALY
2026-06-25T12:50:55.941647,12.14880657196045,1.7398035097122198,ANOMALY
2026-06-25T12:50:56.451818,12.116117477416992,1.7398035097122198,ANOMALY
2026-06-25T12:50:56.962338,12.099763870239258,1.7398035097122198,ANOMALY
2026-06-25T12:50:57.473168,12.089673042297363,1.7398035097122198,ANOMALY
2026-06-25T12:50:57.983491,12.081198692321777,1.7398035097122198,ANOMALY
2026-06-25T12:50:58.493550,12.071650505065918,1.7398035097122198,ANOMALY
2026-06-25T12:50:59.005547,12.066862106323242,1.7398035097122198,ANOMALY
2026-06-25T12:50:59.514974,12.064298629760742,1.7398035097122198,ANOMALY
2026-06-25T12:51:00.025781,12.061509132385254,1.7398035097122198,ANOMALY
2026-06-25T12:51:00.536774,12.057668685913086,1.7398035097122198,ANOMALY
2026-06-25T12:51:01.047255,12.055882453918457,1.7398035097122198,ANOMALY
2026-06-25T12:51:01.556507,12.059181213378906,1.7398035097122198,ANOMALY
2026-06-25T12:51:02.066975,12.054795265197754,1.7398035097122198,ANOMALY
2026-06-25T12:51:02.579135,12.050199508666992,1.7398035097122198,ANOMALY
2026-06-25T12:51:03.089148,12.04716968536377,1.7398035097122198,ANOMALY
2026-06-25T12:51:03.601066,12.042230606079102,1.7398035097122198,ANOMALY
2026-06-25T12:51:04.111007,12.033377647399902,1.7398035097122198,ANOMALY
2026-06-25T12:51:04.620918,12.021244049072266,1.7398035097122198,ANOMALY
2026-06-25T12:51:05.130181,12.018930435180664,1.7398035097122198,ANOMALY
2026-06-25T12:51:05.642591,12.017417907714844,1.7398035097122198,ANOMALY
2026-06-25T12:51:06.153357,12.016080856323242,1.7398035097122198,ANOMALY
2026-06-25T12:51:06.662925,12.007353782653809,1.7398035097122198,ANOMALY
2026-06-25T12:51:07.173215,11.997479438781738,1.7398035097122198,ANOMALY
2026-06-25T12:51:07.682944,12.001401901245117,1.7398035097122198,ANOMALY
2026-06-25T12:51:08.194833,12.013943672180176,1.7398035097122198,ANOMALY
2026-06-25T12:51:08.704894,12.020193099975586,1.7398035097122198,ANOMALY
2026-06-25T12:51:09.215205,12.032000541687012,1.7398035097122198,ANOMALY
2026-06-25T12:51:09.724194,12.039633750915527,1.7398035097122198,ANOMALY
2026-06-25T12:51:10.234137,12.044646263122559,1.7398035097122198,ANOMALY
2026-06-25T12:51:10.745311,12.050634384155273,1.7398035097122198,ANOMALY
2026-06-25T12:51:11.255048,12.055726051330566,1.7398035097122198,ANOMALY
2026-06-25T12:51:11.765318,12.059197425842285,1.7398035097122198,ANOMALY
2026-06-25T12:51:12.275963,12.070027351379395,1.7398035097122198,ANOMALY
2026-06-25T12:51:12.785569,12.085290908813477,1.7398035097122198,ANOMALY
2026-06-25T12:51:13.296211,12.094632148742676,1.7398035097122198,ANOMALY
2026-06-25T12:51:13.808362,12.101985931396484,1.7398035097122198,ANOMALY
2026-06-25T12:51:14.319215,12.109013557434082,1.7398035097122198,ANOMALY
2026-06-25T12:51:14.830409,12.118935585021973,1.7398035097122198,ANOMALY
2026-06-25T12:51:15.339896,12.124163627624512,1.7398035097122198,ANOMALY
2026-06-25T12:51:15.954076,12.131056785583496,1.7398035097122198,ANOMALY
2026-06-25T12:51:16.360651,12.138047218322754,1.7398035097122198,ANOMALY
2026-06-25T12:51:16.974814,12.143589973449707,1.7398035097122198,ANOMALY
2026-06-25T12:51:17.380835,12.148353576660156,1.7398035097122198,ANOMALY
2026-06-25T12:51:17.891081,12.153376579284668,1.7398035097122198,ANOMALY
2026-06-25T12:51:18.504556,12.159348487854004,1.7398035097122198,ANOMALY
2026-06-25T12:51:19.015269,12.163810729980469,1.7398035097122198,ANOMALY
2026-06-25T12:51:19.525417,12.167614936828613,1.7398035097122198,ANOMALY
2026-06-25T12:51:20.035070,12.170647621154785,1.7398035097122198,ANOMALY
2026-06-25T12:51:20.544693,12.174946784973145,1.7398035097122198,ANOMALY
2026-06-25T12:51:21.049824,12.181476593017578,1.7398035097122198,ANOMALY
2026-06-25T12:51:21.563529,12.19030475616455,1.7398035097122198,ANOMALY
2026-06-25T12:51:22.072708,12.197429656982422,1.7398035097122198,ANOMALY
2026-06-25T12:51:22.582389,12.204957008361816,1.7398035097122198,ANOMALY
2026-06-25T12:51:23.091961,12.216808319091797,1.7398035097122198,ANOMALY
2026-06-25T12:51:23.599299,12.229121208190918,1.7398035097122198,ANOMALY
2026-06-25T12:51:24.109484,12.238578796386719,1.7398035097122198,ANOMALY
2026-06-25T12:51:24.618872,12.237787246704102,1.7398035097122198,ANOMALY
2026-06-25T12:51:25.128849,12.236251831054688,1.7398035097122198,ANOMALY
2026-06-25T12:51:25.638874,12.23726749420166,1.7398035097122198,ANOMALY
2026-06-25T12:51:26.148648,12.238265991210938,1.7398035097122198,ANOMALY
2026-06-25T12:51:26.660601,12.24043083190918,1.7398035097122198,ANOMALY
2026-06-25T12:51:27.170398,12.241902351379395,1.7398035097122198,ANOMALY
2026-06-25T12:51:27.680889,12.24246597290039,1.7398035097122198,ANOMALY
2026-06-25T12:51:28.189752,12.242568016052246,1.7398035097122198,ANOMALY
2026-06-25T12:51:28.700256,12.251703262329102,1.7398035097122198,ANOMALY
2026-06-25T12:51:29.210302,12.274341583251953,1.7398035097122198,ANOMALY
2026-06-25T12:51:29.720946,12.289787292480469,1.7398035097122198,ANOMALY
2026-06-25T12:51:30.230511,12.303969383239746,1.7398035097122198,ANOMALY
2026-06-25T12:51:30.740974,12.312769889831543,1.7398035097122198,ANOMALY
2026-06-25T12:51:31.251196,12.30176830291748,1.7398035097122198,ANOMALY
2026-06-25T12:51:31.762773,12.307031631469727,1.7398035097122198,ANOMALY
2026-06-25T12:51:32.272897,12.318869590759277,1.7398035097122198,ANOMALY
2026-06-25T12:51:32.782294,12.321844100952148,1.7398035097122198,ANOMALY
2026-06-25T12:51:33.293253,12.323518753051758,1.7398035097122198,ANOMALY
2026-06-25T12:51:33.804025,12.328179359436035,1.7398035097122198,ANOMALY
2026-06-25T12:51:34.313423,12.329914093017578,1.7398035097122198,ANOMALY
2026-06-25T12:51:34.822897,12.33411979675293,1.7398035097122198,ANOMALY
2026-06-25T12:51:35.333082,12.35758113861084,1.7398035097122198,ANOMALY
2026-06-25T12:51:35.843568,12.3937349319458,1.7398035097122198,ANOMALY
2026-06-25T12:51:36.353852,12.407700538635254,1.7398035097122198,ANOMALY
2026-06-25T12:51:36.864238,12.434563636779785,1.7398035097122198,ANOMALY
2026-06-25T12:51:37.374136,12.393878936767578,1.7398035097122198,ANOMALY
2026-06-25T12:51:37.885599,12.374974250793457,1.7398035097122198,ANOMALY
2026-06-25T12:51:38.394855,12.370019912719727,1.7398035097122198,ANOMALY
2026-06-25T12:51:38.906382,12.389153480529785,1.7398035097122198,ANOMALY
2026-06-25T12:51:39.417558,12.408119201660156,1.7398035097122198,ANOMALY
2026-06-25T12:51:39.926610,12.4072265625,1.7398035097122198,ANOMALY
2026-06-25T12:51:40.436945,12.396056175231934,1.7398035097122198,ANOMALY
2026-06-25T12:51:40.948236,12.38218879699707,1.7398035097122198,ANOMALY
2026-06-25T12:51:41.458301,12.371533393859863,1.7398035097122198,ANOMALY
2026-06-25T12:51:42.072010,12.342339515686035,1.7398035097122198,ANOMALY
2026-06-25T12:51:42.477211,12.274083137512207,1.7398035097122198,ANOMALY
2026-06-25T12:51:42.986780,12.266670227050781,1.7398035097122198,ANOMALY
2026-06-25T12:51:43.599951,12.262370109558105,1.7398035097122198,ANOMALY
2026-06-25T12:51:44.007089,12.258415222167969,1.7398035097122198,ANOMALY
2026-06-25T12:51:44.515986,12.258622169494629,1.7398035097122198,ANOMALY
2026-06-25T12:51:45.027725,12.284491539001465,1.7398035097122198,ANOMALY
2026-06-25T12:51:45.642372,12.253377914428711,1.7398035097122198,ANOMALY
2026-06-25T12:51:46.152766,12.241239547729492,1.7398035097122198,ANOMALY
2026-06-25T12:51:46.663775,12.238457679748535,1.7398035097122198,ANOMALY
2026-06-25T12:51:47.069913,12.237603187561035,1.7398035097122198,ANOMALY
2026-06-25T12:51:47.685327,12.238425254821777,1.7398035097122198,ANOMALY
2026-06-25T12:51:48.195903,12.231430053710938,1.7398035097122198,ANOMALY
2026-06-25T12:51:48.702744,12.2219877243042,1.7398035097122198,ANOMALY
2026-06-25T12:51:49.212779,12.214544296264648,1.7398035097122198,ANOMALY
2026-06-25T12:51:49.722842,12.208233833312988,1.7398035097122198,ANOMALY
2026-06-25T12:51:50.232781,12.2061128616333,1.7398035097122198,ANOMALY
2026-06-25T12:51:50.742412,12.203587532043457,1.7398035097122198,ANOMALY
2026-06-25T12:51:51.254055,12.19968032836914,1.7398035097122198,ANOMALY
2026-06-25T12:51:51.763180,12.185856819152832,1.7398035097122198,ANOMALY
2026-06-25T12:51:52.273841,12.178451538085938,1.7398035097122198,ANOMALY
2026-06-25T12:51:52.784170,12.175030708312988,1.7398035097122198,ANOMALY
2026-06-25T12:51:53.294676,12.167852401733398,1.7398035097122198,ANOMALY
2026-06-25T12:51:53.806857,12.16495418548584,1.7398035097122198,ANOMALY
2026-06-25T12:51:54.315752,12.159358024597168,1.7398035097122198,ANOMALY
2026-06-25T12:51:54.824820,12.156270027160645,1.7398035097122198,ANOMALY
2026-06-25T12:51:55.334151,12.161195755004883,1.7398035097122198,ANOMALY
2026-06-25T12:51:55.844562,12.162764549255371,1.7398035097122198,ANOMALY
2026-06-25T12:51:56.355127,12.16519832611084,1.7398035097122198,ANOMALY
2026-06-25T12:51:56.864482,12.165962219238281,1.7398035097122198,ANOMALY
2026-06-25T12:51:57.374640,12.182369232177734,1.7398035097122198,ANOMALY
2026-06-25T12:51:57.882783,12.19829273223877,1.7398035097122198,ANOMALY
2026-06-25T12:51:58.395505,12.218911170959473,1.7398035097122198,ANOMALY
2026-06-25T12:51:58.905306,12.243803024291992,1.7398035097122198,ANOMALY
2026-06-25T12:51:59.415901,12.257377624511719,1.7398035097122198,ANOMALY
2026-06-25T12:51:59.927276,12.267658233642578,1.7398035097122198,ANOMALY
2026-06-25T12:52:00.437723,12.275976181030273,1.7398035097122198,ANOMALY
2026-06-25T12:52:00.949456,12.282361030578613,1.7398035097122198,ANOMALY
2026-06-25T12:52:01.460381,12.289827346801758,1.7398035097122198,ANOMALY
2026-06-25T12:52:01.969982,12.293628692626953,1.7398035097122198,ANOMALY
2026-06-25T12:52:02.479984,12.298162460327148,1.7398035097122198,ANOMALY
2026-06-25T12:52:02.989743,12.304988861083984,1.7398035097122198,ANOMALY
2026-06-25T12:52:03.500210,12.310840606689453,1.7398035097122198,ANOMALY
2026-06-25T12:52:04.010975,12.318086624145508,1.7398035097122198,ANOMALY
2026-06-25T12:52:04.523837,12.330926895141602,1.7398035097122198,ANOMALY
2026-06-25T12:52:05.033504,12.345329284667969,1.7398035097122198,ANOMALY
2026-06-25T12:52:05.544280,12.357230186462402,1.7398035097122198,ANOMALY
2026-06-25T12:52:06.052949,12.370007514953613,1.7398035097122198,ANOMALY
2026-06-25T12:52:06.562846,12.383026123046875,1.7398035097122198,ANOMALY
2026-06-25T12:52:07.072523,12.391968727111816,1.7398035097122198,ANOMALY
2026-06-25T12:52:07.583231,12.400819778442383,1.7398035097122198,ANOMALY
2026-06-25T12:52:08.098382,12.421380996704102,1.7398035097122198,ANOMALY
2026-06-25T12:52:08.607849,12.425825119018555,1.7398035097122198,ANOMALY
2026-06-25T12:52:09.119923,12.432622909545898,1.7398035097122198,ANOMALY
2026-06-25T12:52:09.630373,12.445329666137695,1.7398035097122198,ANOMALY
2026-06-25T12:52:10.139322,12.462361335754395,1.7398035097122198,ANOMALY
2026-06-25T12:52:10.651750,12.49716854095459,1.7398035097122198,ANOMALY
2026-06-25T12:52:11.161409,12.515563011169434,1.7398035097122198,ANOMALY
2026-06-25T12:52:11.674331,12.531150817871094,1.7398035097122198,ANOMALY
2026-06-25T12:52:12.184039,12.56015396118164,1.7398035097122198,ANOMALY
2026-06-25T12:52:12.694710,12.579262733459473,1.7398035097122198,ANOMALY
2026-06-25T12:52:13.202957,12.587844848632812,1.7398035097122198,ANOMALY
2026-06-25T12:52:13.712998,12.589922904968262,1.7398035097122198,ANOMALY
2026-06-25T12:52:14.222497,12.560750961303711,1.7398035097122198,ANOMALY
2026-06-25T12:52:14.837745,12.538098335266113,1.7398035097122198,ANOMALY
2026-06-25T12:52:15.242774,12.535983085632324,1.7398035097122198,ANOMALY
2026-06-25T12:52:15.856401,12.544684410095215,1.7398035097122198,ANOMALY
2026-06-25T12:52:16.367567,12.545199394226074,1.7398035097122198,ANOMALY
2026-06-25T12:52:16.877622,12.544145584106445,1.7398035097122198,ANOMALY
2026-06-25T12:52:17.383475,12.524138450622559,1.7398035097122198,ANOMALY
2026-06-25T12:52:17.897548,12.50604248046875,1.7398035097122198,ANOMALY
2026-06-25T12:52:18.407474,12.491971015930176,1.7398035097122198,ANOMALY
2026-06-25T12:52:18.917835,12.471014022827148,1.7398035097122198,ANOMALY
2026-06-25T12:52:19.426826,12.493358612060547,1.7398035097122198,ANOMALY
2026-06-25T12:52:19.932284,12.495752334594727,1.7398035097122198,ANOMALY
2026-06-25T12:52:20.445798,12.496639251708984,1.7398035097122198,ANOMALY
2026-06-25T12:52:20.956319,12.50123119354248,1.7398035097122198,ANOMALY
2026-06-25T12:52:21.463882,12.502105712890625,1.7398035097122198,ANOMALY
2026-06-25T12:52:21.973408,12.50210189819336,1.7398035097122198,ANOMALY
2026-06-25T12:52:22.484663,12.502543449401855,1.7398035097122198,ANOMALY
2026-06-25T12:52:22.994832,12.497193336486816,1.7398035097122198,ANOMALY
2026-06-25T12:52:23.505282,12.48574447631836,1.7398035097122198,ANOMALY
2026-06-25T12:52:24.014657,12.478205680847168,1.7398035097122198,ANOMALY
2026-06-25T12:52:24.525729,12.47249984741211,1.7398035097122198,ANOMALY
2026-06-25T12:52:25.035482,12.475569725036621,1.7398035097122198,ANOMALY
2026-06-25T12:52:25.545405,12.476110458374023,1.7398035097122198,ANOMALY
2026-06-25T12:52:26.058627,12.477690696716309,1.7398035097122198,ANOMALY
2026-06-25T12:52:26.569245,12.474916458129883,1.7398035097122198,ANOMALY
2026-06-25T12:52:27.078980,12.471059799194336,1.7398035097122198,ANOMALY
2026-06-25T12:52:27.588369,12.469488143920898,1.7398035097122198,ANOMALY
2026-06-25T12:52:28.099162,12.456817626953125,1.7398035097122198,ANOMALY
2026-06-25T12:52:28.608721,12.448888778686523,1.7398035097122198,ANOMALY
2026-06-25T12:52:29.118887,12.439833641052246,1.7398035097122198,ANOMALY
2026-06-25T12:52:29.629811,12.438041687011719,1.7398035097122198,ANOMALY
2026-06-25T12:52:30.139668,12.433104515075684,1.7398035097122198,ANOMALY
2026-06-25T12:52:30.649966,12.428199768066406,1.7398035097122198,ANOMALY
2026-06-25T12:52:31.160049,12.423175811767578,1.7398035097122198,ANOMALY
2026-06-25T12:52:31.670492,12.423683166503906,1.7398035097122198,ANOMALY
2026-06-25T12:52:32.180854,12.422873497009277,1.7398035097122198,ANOMALY
2026-06-25T12:52:32.691218,12.418876647949219,1.7398035097122198,ANOMALY
2026-06-25T12:52:33.202003,12.413986206054688,1.7398035097122198,ANOMALY
2026-06-25T12:52:33.711273,12.409224510192871,1.7398035097122198,ANOMALY
2026-06-25T12:52:34.221297,12.408025741577148,1.7398035097122198,ANOMALY
2026-06-25T12:52:34.732135,12.4178466796875,1.7398035097122198,ANOMALY
2026-06-25T12:52:35.243314,12.417030334472656,1.7398035097122198,ANOMALY
2026-06-25T12:52:35.751699,12.415130615234375,1.7398035097122198,ANOMALY
2026-06-25T12:52:36.261605,12.413362503051758,1.7398035097122198,ANOMALY
2026-06-25T12:52:36.773034,12.410928726196289,1.7398035097122198,ANOMALY
2026-06-25T12:52:37.282516,12.397846221923828,1.7398035097122198,ANOMALY
2026-06-25T12:52:37.792776,12.39892864227295,1.7398035097122198,ANOMALY
2026-06-25T12:52:38.303191,12.394604682922363,1.7398035097122198,ANOMALY
2026-06-25T12:52:38.812590,12.389275550842285,1.7398035097122198,ANOMALY
2026-06-25T12:52:39.321991,12.361979484558105,1.7398035097122198,ANOMALY
2026-06-25T12:52:39.832279,12.344771385192871,1.7398035097122198,ANOMALY
2026-06-25T12:52:40.343276,12.330842018127441,1.7398035097122198,ANOMALY
2026-06-25T12:52:40.853239,12.310392379760742,1.7398035097122198,ANOMALY
2026-06-25T12:52:41.364304,12.2968111038208,1.7398035097122198,ANOMALY
2026-06-25T12:52:41.874212,12.286338806152344,1.7398035097122198,ANOMALY
2026-06-25T12:52:42.385117,12.275797843933105,1.7398035097122198,ANOMALY
2026-06-25T12:52:42.894588,12.272255897521973,1.7398035097122198,ANOMALY
2026-06-25T12:52:43.404148,12.254539489746094,1.7398035097122198,ANOMALY
2026-06-25T12:52:43.912790,12.23965835571289,1.7398035097122198,ANOMALY
2026-06-25T12:52:44.422421,12.258736610412598,1.7398035097122198,ANOMALY
2026-06-25T12:52:44.932300,12.26374340057373,1.7398035097122198,ANOMALY
2026-06-25T12:52:45.545951,12.253195762634277,1.7398035097122198,ANOMALY
2026-06-25T12:52:46.055484,12.248244285583496,1.7398035097122198,ANOMALY
2026-06-25T12:52:46.562250,12.24583911895752,1.7398035097122198,ANOMALY
2026-06-25T12:52:47.072196,12.244869232177734,1.7398035097122198,ANOMALY
2026-06-25T12:52:47.583149,12.255731582641602,1.7398035097122198,ANOMALY
2026-06-25T12:52:48.093476,12.252898216247559,1.7398035097122198,ANOMALY
2026-06-25T12:52:48.603355,12.25961685180664,1.7398035097122198,ANOMALY
2026-06-25T12:52:49.112874,12.25924015045166,1.7398035097122198,ANOMALY
2026-06-25T12:52:49.623814,12.260540008544922,1.7398035097122198,ANOMALY
2026-06-25T12:52:50.133084,12.262207984924316,1.7398035097122198,ANOMALY
2026-06-25T12:52:50.641913,12.226079940795898,1.7398035097122198,ANOMALY
2026-06-25T12:52:51.153089,12.197690963745117,1.7398035097122198,ANOMALY
2026-06-25T12:52:51.663797,12.190213203430176,1.7398035097122198,ANOMALY
2026-06-25T12:52:52.173579,12.178181648254395,1.7398035097122198,ANOMALY
2026-06-25T12:52:52.683925,12.167036056518555,1.7398035097122198,ANOMALY
2026-06-25T12:52:53.194885,12.158647537231445,1.7398035097122198,ANOMALY
2026-06-25T12:52:53.704624,12.15124225616455,1.7398035097122198,ANOMALY
2026-06-25T12:52:54.215555,12.145842552185059,1.7398035097122198,ANOMALY
2026-06-25T12:52:54.724706,12.145176887512207,1.7398035097122198,ANOMALY
2026-06-25T12:52:55.235129,12.144593238830566,1.7398035097122198,ANOMALY
2026-06-25T12:52:55.744849,12.143924713134766,1.7398035097122198,ANOMALY
2026-06-25T12:52:56.254522,12.14465045928955,1.7398035097122198,ANOMALY
2026-06-25T12:52:56.763830,12.141500473022461,1.7398035097122198,ANOMALY
2026-06-25T12:52:57.273656,12.138171195983887,1.7398035097122198,ANOMALY
2026-06-25T12:52:57.785024,12.133758544921875,1.7398035097122198,ANOMALY
2026-06-25T12:52:58.293774,12.129348754882812,1.7398035097122198,ANOMALY
2026-06-25T12:52:58.805094,12.119608879089355,1.7398035097122198,ANOMALY
2026-06-25T12:52:59.315577,12.097983360290527,1.7398035097122198,ANOMALY
2026-06-25T12:52:59.825235,12.100744247436523,1.7398035097122198,ANOMALY
2026-06-25T12:53:00.336653,12.09980297088623,1.7398035097122198,ANOMALY
2026-06-25T12:53:00.847175,12.09510326385498,1.7398035097122198,ANOMALY
2026-06-25T12:53:01.357086,12.094268798828125,1.7398035097122198,ANOMALY
2026-06-25T12:53:01.867167,12.09563159942627,1.7398035097122198,ANOMALY
2026-06-25T12:53:02.378567,12.098609924316406,1.7398035097122198,ANOMALY
2026-06-25T12:53:02.888294,12.101577758789062,1.7398035097122198,ANOMALY
2026-06-25T12:53:03.397872,12.104232788085938,1.7398035097122198,ANOMALY
2026-06-25T12:53:03.908294,12.103277206420898,1.7398035097122198,ANOMALY
2026-06-25T12:53:04.418541,12.105537414550781,1.7398035097122198,ANOMALY
2026-06-25T12:53:04.928135,12.106053352355957,1.7398035097122198,ANOMALY
2026-06-25T12:53:05.437419,12.10614013671875,1.7398035097122198,ANOMALY
2026-06-25T12:53:05.946606,12.105573654174805,1.7398035097122198,ANOMALY
2026-06-25T12:53:06.456683,12.105032920837402,1.7398035097122198,ANOMALY
2026-06-25T12:53:06.967333,12.109070777893066,1.7398035097122198,ANOMALY
2026-06-25T12:53:07.480268,12.120990753173828,1.7398035097122198,ANOMALY
2026-06-25T12:53:07.989627,12.125967025756836,1.7398035097122198,ANOMALY
2026-06-25T12:53:08.499938,12.12846851348877,1.7398035097122198,ANOMALY
2026-06-25T12:53:09.010563,12.130036354064941,1.7398035097122198,ANOMALY
2026-06-25T12:53:09.521002,12.131813049316406,1.7398035097122198,ANOMALY
2026-06-25T12:53:10.030612,12.143190383911133,1.7398035097122198,ANOMALY
2026-06-25T12:53:10.644918,12.152264595031738,1.7398035097122198,ANOMALY
2026-06-25T12:53:11.154410,12.142580032348633,1.7398035097122198,ANOMALY
2026-06-25T12:53:11.663276,12.143569946289062,1.7398035097122198,ANOMALY
2026-06-25T12:53:12.173669,12.133256912231445,1.7398035097122198,ANOMALY
2026-06-25T12:53:12.679690,12.138477325439453,1.7398035097122198,ANOMALY
2026-06-25T12:53:13.193232,12.145943641662598,1.7398035097122198,ANOMALY
2026-06-25T12:53:13.700214,12.152259826660156,1.7398035097122198,ANOMALY
2026-06-25T12:53:14.214686,12.15803337097168,1.7398035097122198,ANOMALY
2026-06-25T12:53:14.721367,12.167298316955566,1.7398035097122198,ANOMALY
2026-06-25T12:53:15.230789,12.18001651763916,1.7398035097122198,ANOMALY
2026-06-25T12:53:15.739678,12.193431854248047,1.7398035097122198,ANOMALY
2026-06-25T12:53:16.249493,12.1920747756958,1.7398035097122198,ANOMALY
2026-06-25T12:53:16.758529,12.204729080200195,1.7398035097122198,ANOMALY
2026-06-25T12:53:17.269524,12.231006622314453,1.7398035097122198,ANOMALY
2026-06-25T12:53:17.779394,12.23934268951416,1.7398035097122198,ANOMALY
2026-06-25T12:53:18.288767,12.224247932434082,1.7398035097122198,ANOMALY
2026-06-25T12:53:18.798877,12.213187217712402,1.7398035097122198,ANOMALY
2026-06-25T12:53:19.310024,12.215408325195312,1.7398035097122198,ANOMALY
2026-06-25T12:53:19.819865,12.210625648498535,1.7398035097122198,ANOMALY
2026-06-25T12:53:20.329695,12.197208404541016,1.7398035097122198,ANOMALY
2026-06-25T12:53:20.839860,12.195398330688477,1.7398035097122198,ANOMALY
2026-06-25T12:53:21.350036,12.359251976013184,1.7398035097122198,ANOMALY
2026-06-25T12:53:21.861305,12.37266731262207,1.7398035097122198,ANOMALY
2026-06-25T12:53:22.370908,12.371097564697266,1.7398035097122198,ANOMALY
2026-06-25T12:53:22.880860,12.20329761505127,1.7398035097122198,ANOMALY
2026-06-25T12:53:23.390696,12.205723762512207,1.7398035097122198,ANOMALY
2026-06-25T12:53:23.902661,12.21212387084961,1.7398035097122198,ANOMALY
2026-06-25T12:53:24.413580,12.3687162399292,1.7398035097122198,ANOMALY
2026-06-25T12:53:24.923379,12.205708503723145,1.7398035097122198,ANOMALY
2026-06-25T12:53:25.438601,12.20761489868164,1.7398035097122198,ANOMALY
2026-06-25T12:53:25.943621,12.205180168151855,1.7398035097122198,ANOMALY
2026-06-25T12:53:26.453665,12.211161613464355,1.7398035097122198,ANOMALY
2026-06-25T12:53:26.964293,12.214888572692871,1.7398035097122198,ANOMALY
2026-06-25T12:53:27.475476,12.213517189025879,1.7398035097122198,ANOMALY
2026-06-25T12:53:27.984724,12.215622901916504,1.7398035097122198,ANOMALY
2026-06-25T12:53:28.494230,12.220643043518066,1.7398035097122198,ANOMALY
2026-06-25T12:53:29.004090,12.225685119628906,1.7398035097122198,ANOMALY
2026-06-25T12:53:29.514705,12.232865333557129,1.7398035097122198,ANOMALY
2026-06-25T12:53:30.024032,12.23636245727539,1.7398035097122198,ANOMALY
2026-06-25T12:53:30.534384,12.241233825683594,1.7398035097122198,ANOMALY
2026-06-25T12:53:31.045613,12.25240421295166,1.7398035097122198,ANOMALY
2026-06-25T12:53:31.554833,12.270594596862793,1.7398035097122198,ANOMALY
2026-06-25T12:53:32.065319,12.288639068603516,1.7398035097122198,ANOMALY
2026-06-25T12:53:32.575346,12.306913375854492,1.7398035097122198,ANOMALY
2026-06-25T12:53:33.085015,12.321271896362305,1.7398035097122198,ANOMALY
2026-06-25T12:53:33.595302,12.324627876281738,1.7398035097122198,ANOMALY
2026-06-25T12:53:34.106564,12.335982322692871,1.7398035097122198,ANOMALY
2026-06-25T12:53:34.616883,12.343223571777344,1.7398035097122198,ANOMALY
2026-06-25T12:53:35.126638,12.346047401428223,1.7398035097122198,ANOMALY
2026-06-25T12:53:35.741733,12.35507583618164,1.7398035097122198,ANOMALY
2026-06-25T12:53:36.149834,12.363064765930176,1.7398035097122198,ANOMALY
2026-06-25T12:53:36.658837,12.36934757232666,1.7398035097122198,ANOMALY
2026-06-25T12:53:37.170291,12.376728057861328,1.7398035097122198,ANOMALY
2026-06-25T12:53:37.681058,12.383515357971191,1.7398035097122198,ANOMALY
2026-06-25T12:53:38.295832,12.388659477233887,1.7398035097122198,ANOMALY
2026-06-25T12:53:38.806774,12.387421607971191,1.7398035097122198,ANOMALY
2026-06-25T12:53:39.316666,12.402106285095215,1.7398035097122198,ANOMALY
2026-06-25T12:53:39.722029,12.384333610534668,1.7398035097122198,ANOMALY
2026-06-25T12:53:40.334411,12.384099006652832,1.7398035097122198,ANOMALY
2026-06-25T12:53:40.740779,12.384588241577148,1.7398035097122198,ANOMALY
2026-06-25T12:53:41.355601,12.38513469696045,1.7398035097122198,ANOMALY
2026-06-25T12:53:41.865969,12.393223762512207,1.7398035097122198,ANOMALY
2026-06-25T12:53:42.372718,12.394388198852539,1.7398035097122198,ANOMALY
2026-06-25T12:53:42.886735,12.373894691467285,1.7398035097122198,ANOMALY
2026-06-25T12:53:43.396807,12.439970016479492,1.7398035097122198,ANOMALY
2026-06-25T12:53:43.901984,12.488697052001953,1.7398035097122198,ANOMALY
2026-06-25T12:53:44.412606,12.522893905639648,1.7398035097122198,ANOMALY
2026-06-25T12:53:44.922740,12.451754570007324,1.7398035097122198,ANOMALY
2026-06-25T12:53:45.432386,12.398554801940918,1.7398035097122198,ANOMALY
2026-06-25T12:53:45.942660,12.394726753234863,1.7398035097122198,ANOMALY
2026-06-25T12:53:46.453380,12.398905754089355,1.7398035097122198,ANOMALY
2026-06-25T12:53:46.964725,12.381147384643555,1.7398035097122198,ANOMALY
2026-06-25T12:53:47.474874,12.382818222045898,1.7398035097122198,ANOMALY
2026-06-25T12:53:47.984582,12.371068000793457,1.7398035097122198,ANOMALY
2026-06-25T12:53:48.493890,12.355843544006348,1.7398035097122198,ANOMALY
2026-06-25T12:53:49.003369,12.333507537841797,1.7398035097122198,ANOMALY
2026-06-25T12:53:49.512718,12.314682960510254,1.7398035097122198,ANOMALY
2026-06-25T12:53:50.023497,12.312135696411133,1.7398035097122198,ANOMALY
2026-06-25T12:53:50.533200,12.303641319274902,1.7398035097122198,ANOMALY
2026-06-25T12:53:51.044737,12.293877601623535,1.7398035097122198,ANOMALY
2026-06-25T12:53:51.555964,12.301078796386719,1.7398035097122198,ANOMALY
2026-06-25T12:53:52.066770,12.296775817871094,1.7398035097122198,ANOMALY
2026-06-25T12:53:52.578223,12.325813293457031,1.7398035097122198,ANOMALY
2026-06-25T12:53:53.087404,12.41985034942627,1.7398035097122198,ANOMALY
2026-06-25T12:53:53.597823,12.575639724731445,1.7398035097122198,ANOMALY
2026-06-25T12:53:54.107254,12.64907455444336,1.7398035097122198,ANOMALY
2026-06-25T12:53:54.617335,12.700641632080078,1.7398035097122198,ANOMALY
2026-06-25T12:53:55.128157,12.947176933288574,1.7398035097122198,ANOMALY
2026-06-25T12:53:55.639082,12.409929275512695,1.7398035097122198,ANOMALY
2026-06-25T12:53:56.149060,13.016691207885742,1.7398035097122198,ANOMALY
2026-06-25T12:53:56.659651,13.076059341430664,1.7398035097122198,ANOMALY
2026-06-25T12:53:57.170414,13.100912094116211,1.7398035097122198,ANOMALY
2026-06-25T12:53:57.679870,13.089076042175293,1.7398035097122198,ANOMALY
2026-06-25T12:53:58.190203,12.981274604797363,1.7398035097122198,ANOMALY
2026-06-25T12:53:58.699641,12.32325553894043,1.7398035097122198,ANOMALY
2026-06-25T12:53:59.209287,12.297892570495605,1.7398035097122198,ANOMALY
2026-06-25T12:53:59.718414,12.284790992736816,1.7398035097122198,ANOMALY
2026-06-25T12:54:00.229272,12.299654960632324,1.7398035097122198,ANOMALY
2026-06-25T12:54:00.738914,12.387031555175781,1.7398035097122198,ANOMALY
2026-06-25T12:54:01.352501,12.387816429138184,1.7398035097122198,ANOMALY
2026-06-25T12:54:01.862410,12.410552978515625,1.7398035097122198,ANOMALY
2026-06-25T12:54:02.268847,12.424495697021484,1.7398035097122198,ANOMALY
2026-06-25T12:54:02.780198,12.349689483642578,1.7398035097122198,ANOMALY
2026-06-25T12:54:03.394744,12.3369722366333,1.7398035097122198,ANOMALY
2026-06-25T12:54:03.801643,12.304415702819824,1.7398035097122198,ANOMALY
2026-06-25T12:54:04.312252,12.305113792419434,1.7398035097122198,ANOMALY
2026-06-25T12:54:04.821404,12.41388988494873,1.7398035097122198,ANOMALY
2026-06-25T12:54:05.331794,12.64168930053711,1.7398035097122198,ANOMALY
2026-06-25T12:54:05.841526,12.660969734191895,1.7398035097122198,ANOMALY
2026-06-25T12:54:06.351705,12.642535209655762,1.7398035097122198,ANOMALY
2026-06-25T12:54:06.862400,12.717473983764648,1.7398035097122198,ANOMALY
2026-06-25T12:54:07.372312,12.74660587310791,1.7398035097122198,ANOMALY
2026-06-25T12:54:07.882198,12.757625579833984,1.7398035097122198,ANOMALY
2026-06-25T12:54:08.495196,12.698473930358887,1.7398035097122198,ANOMALY
2026-06-25T12:54:09.001944,12.55762004852295,1.7398035097122198,ANOMALY
2026-06-25T12:54:09.511905,12.375835418701172,1.7398035097122198,ANOMALY
2026-06-25T12:54:10.021002,12.360285758972168,1.7398035097122198,ANOMALY
2026-06-25T12:54:10.531731,12.349903106689453,1.7398035097122198,ANOMALY
2026-06-25T12:54:11.042584,12.346904754638672,1.7398035097122198,ANOMALY
2026-06-25T12:54:11.552704,12.359322547912598,1.7398035097122198,ANOMALY
2026-06-25T12:54:12.062661,12.422615051269531,1.7398035097122198,ANOMALY
2026-06-25T12:54:12.572982,12.368685722351074,1.7398035097122198,ANOMALY
2026-06-25T12:54:13.082729,12.325740814208984,1.7398035097122198,ANOMALY
2026-06-25T12:54:13.593121,12.293752670288086,1.7398035097122198,ANOMALY
2026-06-25T12:54:14.103547,12.291202545166016,1.7398035097122198,ANOMALY
2026-06-25T12:54:14.612715,12.322324752807617,1.7398035097122198,ANOMALY
2026-06-25T12:54:15.123663,12.400463104248047,1.7398035097122198,ANOMALY
2026-06-25T12:54:15.633390,12.365606307983398,1.7398035097122198,ANOMALY
2026-06-25T12:54:16.143917,12.30281925201416,1.7398035097122198,ANOMALY
2026-06-25T12:54:16.653412,12.224413871765137,1.7398035097122198,ANOMALY
2026-06-25T12:54:17.162983,12.112815856933594,1.7398035097122198,ANOMALY
2026-06-25T12:54:17.674394,12.197288513183594,1.7398035097122198,ANOMALY
2026-06-25T12:54:18.185088,12.191862106323242,1.7398035097122198,ANOMALY
2026-06-25T12:54:18.694820,11.955652236938477,1.7398035097122198,ANOMALY
2026-06-25T12:54:19.204745,11.934035301208496,1.7398035097122198,ANOMALY
2026-06-25T12:54:19.714582,11.915066719055176,1.7398035097122198,ANOMALY
2026-06-25T12:54:20.223687,11.896405220031738,1.7398035097122198,ANOMALY
2026-06-25T12:54:20.733193,11.884624481201172,1.7398035097122198,ANOMALY
2026-06-25T12:54:21.243356,11.870190620422363,1.7398035097122198,ANOMALY
2026-06-25T12:54:21.753903,11.868036270141602,1.7398035097122198,ANOMALY
2026-06-25T12:54:22.264258,11.870221138000488,1.7398035097122198,ANOMALY
2026-06-25T12:54:22.774251,11.872886657714844,1.7398035097122198,ANOMALY
2026-06-25T12:54:23.283639,11.875811576843262,1.7398035097122198,ANOMALY
2026-06-25T12:54:23.793803,11.877602577209473,1.7398035097122198,ANOMALY
2026-06-25T12:54:24.304557,11.880213737487793,1.7398035097122198,ANOMALY
2026-06-25T12:54:24.815111,11.89024829864502,1.7398035097122198,ANOMALY
2026-06-25T12:54:25.325723,11.899904251098633,1.7398035097122198,ANOMALY
2026-06-25T12:54:25.836114,11.90915584564209,1.7398035097122198,ANOMALY
2026-06-25T12:54:26.346086,11.9110107421875,1.7398035097122198,ANOMALY
2026-06-25T12:54:26.855308,11.921064376831055,1.7398035097122198,ANOMALY
2026-06-25T12:54:27.365506,11.928380966186523,1.7398035097122198,ANOMALY
2026-06-25T12:54:27.877306,11.933223724365234,1.7398035097122198,ANOMALY
2026-06-25T12:54:28.388353,11.929773330688477,1.7398035097122198,ANOMALY
2026-06-25T12:54:28.897796,11.945780754089355,1.7398035097122198,ANOMALY
2026-06-25T12:54:29.406681,11.959060668945312,1.7398035097122198,ANOMALY
2026-06-25T12:54:29.916621,11.964128494262695,1.7398035097122198,ANOMALY
2026-06-25T12:54:30.427758,11.968280792236328,1.7398035097122198,ANOMALY
2026-06-25T12:54:30.937634,11.971858024597168,1.7398035097122198,ANOMALY
2026-06-25T12:54:31.448768,11.951653480529785,1.7398035097122198,ANOMALY
2026-06-25T12:54:31.960299,11.94436264038086,1.7398035097122198,ANOMALY
2026-06-25T12:54:32.470636,11.940943717956543,1.7398035097122198,ANOMALY
2026-06-25T12:54:32.981905,11.94105339050293,1.7398035097122198,ANOMALY
2026-06-25T12:54:33.492778,11.941522598266602,1.7398035097122198,ANOMALY
2026-06-25T12:54:34.107304,11.94610595703125,1.7398035097122198,ANOMALY
2026-06-25T12:54:34.617618,11.947827339172363,1.7398035097122198,ANOMALY
2026-06-25T12:54:35.025279,11.947965621948242,1.7398035097122198,ANOMALY
2026-06-25T12:54:35.639135,11.947253227233887,1.7398035097122198,ANOMALY
2026-06-25T12:54:36.044801,11.951176643371582,1.7398035097122198,ANOMALY
2026-06-25T12:54:36.658638,11.95845890045166,1.7398035097122198,ANOMALY
2026-06-25T12:54:37.169378,11.960345268249512,1.7398035097122198,ANOMALY
2026-06-25T12:54:37.678699,11.973512649536133,1.7398035097122198,ANOMALY
2026-06-25T12:54:38.187259,11.96980094909668,1.7398035097122198,ANOMALY
2026-06-25T12:54:38.697061,11.963109016418457,1.7398035097122198,ANOMALY
2026-06-25T12:54:39.207691,11.977417945861816,1.7398035097122198,ANOMALY
2026-06-25T12:54:39.716755,11.977168083190918,1.7398035097122198,ANOMALY
2026-06-25T12:54:40.227663,11.977775573730469,1.7398035097122198,ANOMALY
2026-06-25T12:54:40.738060,11.973270416259766,1.7398035097122198,ANOMALY
2026-06-25T12:54:41.248826,11.965261459350586,1.7398035097122198,ANOMALY
2026-06-25T12:54:41.755832,11.966215133666992,1.7398035097122198,ANOMALY
2026-06-25T12:54:42.265659,11.972648620605469,1.7398035097122198,ANOMALY
2026-06-25T12:54:42.776487,11.976125717163086,1.7398035097122198,ANOMALY
2026-06-25T12:54:43.289163,11.969574928283691,1.7398035097122198,ANOMALY
2026-06-25T12:54:43.798634,11.972306251525879,1.7398035097122198,ANOMALY
2026-06-25T12:54:44.308820,11.975586891174316,1.7398035097122198,ANOMALY
2026-06-25T12:54:44.819040,11.981225967407227,1.7398035097122198,ANOMALY
2026-06-25T12:54:45.329387,11.984244346618652,1.7398035097122198,ANOMALY
2026-06-25T12:54:45.842912,11.984060287475586,1.7398035097122198,ANOMALY
2026-06-25T12:54:46.352623,11.983014106750488,1.7398035097122198,ANOMALY
2026-06-25T12:54:46.862118,11.985322952270508,1.7398035097122198,ANOMALY
2026-06-25T12:54:47.372103,11.988567352294922,1.7398035097122198,ANOMALY
2026-06-25T12:54:47.883193,11.993185997009277,1.7398035097122198,ANOMALY
2026-06-25T12:54:48.392838,12.001420021057129,1.7398035097122198,ANOMALY
2026-06-25T12:54:48.903783,12.012349128723145,1.7398035097122198,ANOMALY
2026-06-25T12:54:49.415485,12.018425941467285,1.7398035097122198,ANOMALY
2026-06-25T12:54:49.925230,12.023576736450195,1.7398035097122198,ANOMALY
2026-06-25T12:54:50.435240,12.01842212677002,1.7398035097122198,ANOMALY
2026-06-25T12:54:50.945055,12.021453857421875,1.7398035097122198,ANOMALY
2026-06-25T12:54:51.454847,12.030423164367676,1.7398035097122198,ANOMALY
2026-06-25T12:54:51.966277,12.038506507873535,1.7398035097122198,ANOMALY
2026-06-25T12:54:52.476090,12.050475120544434,1.7398035097122198,ANOMALY
2026-06-25T12:54:52.985372,12.066821098327637,1.7398035097122198,ANOMALY
2026-06-25T12:54:53.495123,12.081859588623047,1.7398035097122198,ANOMALY
2026-06-25T12:54:54.005100,12.096138000488281,1.7398035097122198,ANOMALY
2026-06-25T12:54:54.516186,12.116209983825684,1.7398035097122198,ANOMALY
2026-06-25T12:54:55.025651,12.130105972290039,1.7398035097122198,ANOMALY
2026-06-25T12:54:55.536117,12.1453218460083,1.7398035097122198,ANOMALY
2026-06-25T12:54:56.046557,12.161758422851562,1.7398035097122198,ANOMALY
2026-06-25T12:54:56.557761,12.173053741455078,1.7398035097122198,ANOMALY
2026-06-25T12:54:57.067669,12.18229866027832,1.7398035097122198,ANOMALY
2026-06-25T12:54:57.577913,12.18968677520752,1.7398035097122198,ANOMALY
2026-06-25T12:54:58.088247,12.197977066040039,1.7398035097122198,ANOMALY
2026-06-25T12:54:58.597965,12.19900894165039,1.7398035097122198,ANOMALY
2026-06-25T12:54:59.107717,12.200584411621094,1.7398035097122198,ANOMALY
2026-06-25T12:54:59.618140,12.198942184448242,1.7398035097122198,ANOMALY
2026-06-25T12:55:00.127991,12.200654029846191,1.7398035097122198,ANOMALY
2026-06-25T12:55:00.636830,12.208218574523926,1.7398035097122198,ANOMALY
2026-06-25T12:55:01.146274,12.213560104370117,1.7398035097122198,ANOMALY
2026-06-25T12:55:01.658262,12.213242530822754,1.7398035097122198,ANOMALY
2026-06-25T12:55:02.168631,12.21618366241455,1.7398035097122198,ANOMALY
2026-06-25T12:55:02.679261,12.221517562866211,1.7398035097122198,ANOMALY
2026-06-25T12:55:03.189309,12.228354454040527,1.7398035097122198,ANOMALY
2026-06-25T12:55:03.803053,12.234963417053223,1.7398035097122198,ANOMALY
2026-06-25T12:55:04.210409,12.241353034973145,1.7398035097122198,ANOMALY
2026-06-25T12:55:04.721024,12.241731643676758,1.7398035097122198,ANOMALY
2026-06-25T12:55:05.231386,12.243680000305176,1.7398035097122198,ANOMALY
2026-06-25T12:55:05.845338,12.254595756530762,1.7398035097122198,ANOMALY
2026-06-25T12:55:06.352737,12.262374877929688,1.7398035097122198,ANOMALY
2026-06-25T12:55:06.867861,12.258688926696777,1.7398035097122198,ANOMALY
2026-06-25T12:55:07.377189,12.259379386901855,1.7398035097122198,ANOMALY
2026-06-25T12:55:07.904922,12.258601188659668,1.7398035097122198,ANOMALY
2026-06-25T12:55:08.351140,12.247245788574219,1.7398035097122198,ANOMALY
2026-06-25T12:55:08.918980,12.243104934692383,1.7398035097122198,ANOMALY
2026-06-25T12:55:09.342693,12.243448257446289,1.7398035097122198,ANOMALY
2026-06-25T12:55:09.872124,12.242774963378906,1.7398035097122198,ANOMALY
2026-06-25T12:55:10.398067,12.22286605834961,1.7398035097122198,ANOMALY
2026-06-25T12:55:10.926712,12.215009689331055,1.7398035097122198,ANOMALY
2026-06-25T12:55:11.455630,12.208966255187988,1.7398035097122198,ANOMALY
2026-06-25T12:55:11.983415,12.20472526550293,1.7398035097122198,ANOMALY
2026-06-25T12:55:12.409997,12.201608657836914,1.7398035097122198,ANOMALY
2026-06-25T12:55:12.937930,12.204228401184082,1.7398035097122198,ANOMALY
2026-06-25T12:55:13.464163,12.209519386291504,1.7398035097122198,ANOMALY
2026-06-25T12:55:13.993791,12.211682319641113,1.7398035097122198,ANOMALY
2026-06-25T12:55:14.526973,12.218852043151855,1.7398035097122198,ANOMALY
2026-06-25T12:55:15.053919,12.223454475402832,1.7398035097122198,ANOMALY
2026-06-25T12:55:15.584718,12.218609809875488,1.7398035097122198,ANOMALY
2026-06-25T12:55:16.009052,12.210050582885742,1.7398035097122198,ANOMALY
2026-06-25T12:55:16.541002,12.20768928527832,1.7398035097122198,ANOMALY
2026-06-25T12:55:17.079825,12.207291603088379,1.7398035097122198,ANOMALY
2026-06-25T12:55:17.621890,12.208318710327148,1.7398035097122198,ANOMALY
2026-06-25T12:55:18.067253,12.243061065673828,1.7398035097122198,ANOMALY
2026-06-25T12:55:18.550148,12.262563705444336,1.7398035097122198,ANOMALY
2026-06-25T12:55:19.148098,12.270098686218262,1.7398035097122198,ANOMALY
2026-06-25T12:55:19.857812,12.27373218536377,1.7398035097122198,ANOMALY
2026-06-25T12:55:20.543903,12.275517463684082,1.7398035097122198,ANOMALY
2026-06-25T12:55:21.221626,12.2576904296875,1.7398035097122198,ANOMALY
2026-06-25T12:55:21.896776,12.24583911895752,1.7398035097122198,ANOMALY
2026-06-25T12:55:22.574792,12.235175132751465,1.7398035097122198,ANOMALY
2026-06-25T12:55:23.252355,12.224133491516113,1.7398035097122198,ANOMALY
2026-06-25T12:55:23.928577,12.216939926147461,1.7398035097122198,ANOMALY
2026-06-25T12:55:24.606172,12.206174850463867,1.7398035097122198,ANOMALY
2026-06-25T12:55:25.289843,12.192916870117188,1.7398035097122198,ANOMALY
2026-06-25T12:55:25.957679,12.183265686035156,1.7398035097122198,ANOMALY
2026-06-25T12:55:26.635405,12.173590660095215,1.7398035097122198,ANOMALY
2026-06-25T12:55:27.310290,12.167277336120605,1.7398035097122198,ANOMALY
2026-06-25T12:55:27.985080,12.160719871520996,1.7398035097122198,ANOMALY
2026-06-25T12:55:28.659261,12.154847145080566,1.7398035097122198,ANOMALY
2026-06-25T12:55:29.342182,12.1497163772583,1.7398035097122198,ANOMALY
2026-06-25T12:55:30.027417,12.143766403198242,1.7398035097122198,ANOMALY
2026-06-25T12:55:30.721993,12.138232231140137,1.7398035097122198,ANOMALY
2026-06-25T12:55:30.880853,12.13331413269043,1.7398035097122198,ANOMALY
2026-06-25T12:55:32.117691,12.134641647338867,1.7398035097122198,ANOMALY
2026-06-25T12:55:32.454013,12.13238525390625,1.7398035097122198,ANOMALY
2026-06-25T12:55:33.491067,12.12856388092041,1.7398035097122198,ANOMALY
2026-06-25T12:55:33.927233,12.12650203704834,1.7398035097122198,ANOMALY
2026-06-25T12:55:34.886800,12.121085166931152,1.7398035097122198,ANOMALY
2026-06-25T12:55:35.023806,12.110616683959961,1.7398035097122198,ANOMALY
2026-06-25T12:55:36.270142,12.106823921203613,1.7398035097122198,ANOMALY
2026-06-25T12:55:36.509680,12.103084564208984,1.7398035097122198,ANOMALY
2026-06-25T12:55:37.652577,12.10116958618164,1.7398035097122198,ANOMALY
2026-06-25T12:55:38.090933,12.10132884979248,1.7398035097122198,ANOMALY
2026-06-25T12:55:39.049909,12.106209754943848,1.7398035097122198,ANOMALY
2026-06-25T12:55:40.469142,12.108813285827637,1.7398035097122198,ANOMALY
2026-06-25T12:55:40.605632,12.104205131530762,1.7398035097122198,ANOMALY
2026-06-25T12:55:41.144943,12.10588264465332,1.7398035097122198,ANOMALY
2026-06-25T12:55:42.250197,12.10024356842041,1.7398035097122198,ANOMALY
2026-06-25T12:55:42.687918,12.099177360534668,1.7398035097122198,ANOMALY
2026-06-25T12:55:43.666003,12.087464332580566,1.7398035097122198,ANOMALY
2026-06-25T12:55:45.052644,12.100610733032227,1.7398035097122198,ANOMALY
2026-06-25T12:55:45.195044,12.097084999084473,1.7398035097122198,ANOMALY
2026-06-25T12:55:45.725870,12.091129302978516,1.7398035097122198,ANOMALY
2026-06-25T12:55:46.792139,12.07711124420166,1.7398035097122198,ANOMALY
2026-06-25T12:55:47.232229,12.18466567993164,1.7398035097122198,ANOMALY
2026-06-25T12:55:48.235402,12.119060516357422,1.7398035097122198,ANOMALY
2026-06-25T12:55:48.372372,12.113020896911621,1.7398035097122198,ANOMALY
2026-06-25T12:55:48.942825,12.115790367126465,1.7398035097122198,ANOMALY
2026-06-25T12:55:49.641937,12.124347686767578,1.7398035097122198,ANOMALY
2026-06-25T12:55:51.029997,12.084566116333008,1.7398035097122198,ANOMALY
2026-06-25T12:55:51.366695,12.088668823242188,1.7398035097122198,ANOMALY
2026-06-25T12:55:51.831938,12.092198371887207,1.7398035097122198,ANOMALY
2026-06-25T12:55:52.431556,12.107587814331055,1.7398035097122198,ANOMALY
2026-06-25T12:55:53.125517,12.115086555480957,1.7398035097122198,ANOMALY
2026-06-25T12:55:53.834315,12.121223449707031,1.7398035097122198,ANOMALY
2026-06-25T12:55:54.534836,12.115262985229492,1.7398035097122198,ANOMALY
2026-06-25T12:55:55.239641,12.111010551452637,1.7398035097122198,ANOMALY
2026-06-25T12:55:55.946842,12.116084098815918,1.7398035097122198,ANOMALY
2026-06-25T12:55:56.642626,12.123502731323242,1.7398035097122198,ANOMALY
2026-06-25T12:55:57.350895,12.132134437561035,1.7398035097122198,ANOMALY
2026-06-25T12:55:58.050833,12.138556480407715,1.7398035097122198,ANOMALY
2026-06-25T12:55:58.748018,12.146235466003418,1.7398035097122198,ANOMALY
2026-06-25T12:55:59.467700,12.15297794342041,1.7398035097122198,ANOMALY
2026-06-25T12:56:00.176684,12.161243438720703,1.7398035097122198,ANOMALY
2026-06-25T12:56:00.889842,12.170211791992188,1.7398035097122198,ANOMALY
2026-06-25T12:56:01.592181,12.179764747619629,1.7398035097122198,ANOMALY
2026-06-25T12:56:02.294469,12.18966007232666,1.7398035097122198,ANOMALY
2026-06-25T12:56:02.990155,12.200185775756836,1.7398035097122198,ANOMALY
2026-06-25T12:56:03.688984,12.209856986999512,1.7398035097122198,ANOMALY
2026-06-25T12:56:04.394993,12.216202735900879,1.7398035097122198,ANOMALY
2026-06-25T12:56:05.103965,12.226533889770508,1.7398035097122198,ANOMALY
2026-06-25T12:56:05.826904,12.23572063446045,1.7398035097122198,ANOMALY
2026-06-25T12:56:06.521704,12.24338436126709,1.7398035097122198,ANOMALY
2026-06-25T12:56:07.255727,12.251137733459473,1.7398035097122198,ANOMALY
2026-06-25T12:56:07.958159,12.266623497009277,1.7398035097122198,ANOMALY
2026-06-25T12:56:08.651108,12.28145694732666,1.7398035097122198,ANOMALY
2026-06-25T12:56:09.350611,12.291657447814941,1.7398035097122198,ANOMALY
2026-06-25T12:56:10.091039,12.30441665649414,1.7398035097122198,ANOMALY
2026-06-25T12:56:10.785396,12.31845760345459,1.7398035097122198,ANOMALY
2026-06-25T12:56:11.482014,12.334278106689453,1.7398035097122198,ANOMALY
2026-06-25T12:56:12.180664,12.34567642211914,1.7398035097122198,ANOMALY
2026-06-25T12:56:12.874025,12.361160278320312,1.7398035097122198,ANOMALY
2026-06-25T12:56:13.562530,12.373202323913574,1.7398035097122198,ANOMALY
2026-06-25T12:56:14.256649,12.386507987976074,1.7398035097122198,ANOMALY
2026-06-25T12:56:14.948501,12.410088539123535,1.7398035097122198,ANOMALY
2026-06-25T12:56:15.649677,12.425989151000977,1.7398035097122198,ANOMALY
2026-06-25T12:56:16.327747,12.436454772949219,1.7398035097122198,ANOMALY
2026-06-25T12:56:17.355037,12.440983772277832,1.7398035097122198,ANOMALY
2026-06-25T12:56:17.501487,12.466893196105957,1.7398035097122198,ANOMALY
2026-06-25T12:56:18.036888,12.504549026489258,1.7398035097122198,ANOMALY
2026-06-25T12:56:18.710763,12.501405715942383,1.7398035097122198,ANOMALY
2026-06-25T12:56:19.386288,12.501323699951172,1.7398035097122198,ANOMALY
2026-06-25T12:56:20.070355,12.502694129943848,1.7398035097122198,ANOMALY
2026-06-25T12:56:20.740249,12.52227783203125,1.7398035097122198,ANOMALY
2026-06-25T12:56:21.411662,12.550310134887695,1.7398035097122198,ANOMALY
2026-06-25T12:56:22.099420,12.555274963378906,1.7398035097122198,ANOMALY
2026-06-25T12:56:23.471011,12.570772171020508,1.7398035097122198,ANOMALY
2026-06-25T12:56:23.618023,12.580456733703613,1.7398035097122198,ANOMALY
2026-06-25T12:56:24.136994,12.573802947998047,1.7398035097122198,ANOMALY
2026-06-25T12:56:24.626513,12.570697784423828,1.7398035097122198,ANOMALY
2026-06-25T12:56:25.219218,12.567306518554688,1.7398035097122198,ANOMALY
2026-06-25T12:56:25.916105,12.564225196838379,1.7398035097122198,ANOMALY
2026-06-25T12:56:26.606394,12.620565414428711,1.7398035097122198,ANOMALY
2026-06-25T12:56:27.311587,12.752952575683594,1.7398035097122198,ANOMALY
2026-06-25T12:56:28.006642,12.916654586791992,1.7398035097122198,ANOMALY
2026-06-25T12:56:28.711603,12.632773399353027,1.7398035097122198,ANOMALY
2026-06-25T12:56:29.405587,12.608352661132812,1.7398035097122198,ANOMALY
2026-06-25T12:56:30.112246,12.605181694030762,1.7398035097122198,ANOMALY
2026-06-25T12:56:30.827172,12.575319290161133,1.7398035097122198,ANOMALY
2026-06-25T12:56:31.532677,12.559612274169922,1.7398035097122198,ANOMALY
2026-06-25T12:56:32.233809,12.551437377929688,1.7398035097122198,ANOMALY
2026-06-25T12:56:32.957061,12.542960166931152,1.7398035097122198,ANOMALY
2026-06-25T12:56:33.675547,12.54814338684082,1.7398035097122198,ANOMALY
2026-06-25T12:56:34.391787,12.566336631774902,1.7398035097122198,ANOMALY
2026-06-25T12:56:35.095248,12.56007194519043,1.7398035097122198,ANOMALY
2026-06-25T12:56:35.803997,12.557235717773438,1.7398035097122198,ANOMALY
2026-06-25T12:56:36.516863,12.56047534942627,1.7398035097122198,ANOMALY
2026-06-25T12:56:37.218552,12.563289642333984,1.7398035097122198,ANOMALY
2026-06-25T12:56:37.925470,12.553563117980957,1.7398035097122198,ANOMALY
2026-06-25T12:56:38.634099,12.543249130249023,1.7398035097122198,ANOMALY
2026-06-25T12:56:39.334225,12.533731460571289,1.7398035097122198,ANOMALY
2026-06-25T12:56:40.042058,12.50714111328125,1.7398035097122198,ANOMALY
2026-06-25T12:56:40.755505,12.500524520874023,1.7398035097122198,ANOMALY
2026-06-25T12:56:41.451494,12.490439414978027,1.7398035097122198,ANOMALY
2026-06-25T12:56:42.161142,12.486420631408691,1.7398035097122198,ANOMALY
2026-06-25T12:56:42.856869,12.466506958007812,1.7398035097122198,ANOMALY
2026-06-25T12:56:43.076099,12.456560134887695,1.7398035097122198,ANOMALY
2026-06-25T12:56:43.615880,12.45222282409668,1.7398035097122198,ANOMALY
2026-06-25T12:56:44.053380,12.444655418395996,1.7398035097122198,ANOMALY
2026-06-25T12:56:44.593876,12.44106388092041,1.7398035097122198,ANOMALY
2026-06-25T12:56:45.131541,12.440460205078125,1.7398035097122198,ANOMALY
2026-06-25T12:56:45.670933,12.438484191894531,1.7398035097122198,ANOMALY
2026-06-25T12:56:46.108151,12.434770584106445,1.7398035097122198,ANOMALY
2026-06-25T12:56:46.630948,12.431242942810059,1.7398035097122198,ANOMALY
2026-06-25T12:56:47.154201,12.419157028198242,1.7398035097122198,ANOMALY
2026-06-25T12:56:47.677150,12.401068687438965,1.7398035097122198,ANOMALY
2026-06-25T12:56:48.200279,12.386303901672363,1.7398035097122198,ANOMALY
2026-06-25T12:56:48.724545,12.370392799377441,1.7398035097122198,ANOMALY
2026-06-25T12:56:49.248546,12.358473777770996,1.7398035097122198,ANOMALY
2026-06-25T12:56:49.772396,12.34738540649414,1.7398035097122198,ANOMALY
2026-06-25T12:56:50.300633,12.334129333496094,1.7398035097122198,ANOMALY
2026-06-25T12:56:50.720645,12.32003116607666,1.7398035097122198,ANOMALY
2026-06-25T12:56:51.230405,12.305499076843262,1.7398035097122198,ANOMALY
2026-06-25T12:56:51.739928,12.29153823852539,1.7398035097122198,ANOMALY
2026-06-25T12:56:52.250192,12.279054641723633,1.7398035097122198,ANOMALY
2026-06-25T12:56:52.760247,12.267759323120117,1.7398035097122198,ANOMALY
2026-06-25T12:56:53.270582,12.258037567138672,1.7398035097122198,ANOMALY
2026-06-25T12:56:53.780838,12.247845649719238,1.7398035097122198,ANOMALY
2026-06-25T12:56:54.397220,12.237293243408203,1.7398035097122198,ANOMALY
2026-06-25T12:56:54.802678,12.226622581481934,1.7398035097122198,ANOMALY
2026-06-25T12:56:55.414773,12.216065406799316,1.7398035097122198,ANOMALY
2026-06-25T12:56:55.823752,12.20559024810791,1.7398035097122198,ANOMALY
2026-06-25T12:56:56.434635,12.203387260437012,1.7398035097122198,ANOMALY
2026-06-25T12:56:56.945243,12.207464218139648,1.7398035097122198,ANOMALY
2026-06-25T12:56:57.455884,12.20453929901123,1.7398035097122198,ANOMALY
2026-06-25T12:56:57.968766,12.196560859680176,1.7398035097122198,ANOMALY
2026-06-25T12:56:58.476041,12.183470726013184,1.7398035097122198,ANOMALY
2026-06-25T12:56:58.985849,12.170767784118652,1.7398035097122198,ANOMALY
2026-06-25T12:56:59.496614,12.166742324829102,1.7398035097122198,ANOMALY
2026-06-25T12:57:00.010486,12.166292190551758,1.7398035097122198,ANOMALY
2026-06-25T12:57:00.516170,12.166107177734375,1.7398035097122198,ANOMALY
2026-06-25T12:57:01.030320,12.165664672851562,1.7398035097122198,ANOMALY
2026-06-25T12:57:01.536991,12.168801307678223,1.7398035097122198,ANOMALY
2026-06-25T12:57:02.046723,12.173846244812012,1.7398035097122198,ANOMALY
2026-06-25T12:57:02.556030,12.179240226745605,1.7398035097122198,ANOMALY
2026-06-25T12:57:03.066692,12.205147743225098,1.7398035097122198,ANOMALY
2026-06-25T12:57:03.575909,12.502644538879395,1.7398035097122198,ANOMALY
2026-06-25T12:57:04.086156,12.45302963256836,1.7398035097122198,ANOMALY
2026-06-25T12:57:04.596244,12.194026947021484,1.7398035097122198,ANOMALY
2026-06-25T12:57:05.106168,12.1961088180542,1.7398035097122198,ANOMALY
2026-06-25T12:57:05.616413,12.202709197998047,1.7398035097122198,ANOMALY
2026-06-25T12:57:06.127879,12.211674690246582,1.7398035097122198,ANOMALY
2026-06-25T12:57:06.637328,12.60910701751709,1.7398035097122198,ANOMALY
2026-06-25T12:57:07.147277,12.585624694824219,1.7398035097122198,ANOMALY
2026-06-25T12:57:07.657253,12.24637222290039,1.7398035097122198,ANOMALY
2026-06-25T12:57:08.167348,12.242828369140625,1.7398035097122198,ANOMALY
2026-06-25T12:57:08.677423,12.242297172546387,1.7398035097122198,ANOMALY
2026-06-25T12:57:09.187657,12.22327995300293,1.7398035097122198,ANOMALY
2026-06-25T12:57:09.700246,12.212977409362793,1.7398035097122198,ANOMALY
2026-06-25T12:57:10.210257,12.207269668579102,1.7398035097122198,ANOMALY
2026-06-25T12:57:10.722272,12.19458293914795,1.7398035097122198,ANOMALY
2026-06-25T12:57:11.233623,12.193290710449219,1.7398035097122198,ANOMALY
2026-06-25T12:57:11.747918,12.195436477661133,1.7398035097122198,ANOMALY
2026-06-25T12:57:12.260724,12.213751792907715,1.7398035097122198,ANOMALY
2026-06-25T12:57:12.770787,12.194746971130371,1.7398035097122198,ANOMALY
2026-06-25T12:57:13.280657,12.201156616210938,1.7398035097122198,ANOMALY
2026-06-25T12:57:13.792916,12.206804275512695,1.7398035097122198,ANOMALY
2026-06-25T12:57:14.304489,12.203389167785645,1.7398035097122198,ANOMALY
2026-06-25T12:57:14.814011,12.202836990356445,1.7398035097122198,ANOMALY
2026-06-25T12:57:15.324880,12.203338623046875,1.7398035097122198,ANOMALY
2026-06-25T12:57:15.835531,12.207881927490234,1.7398035097122198,ANOMALY
2026-06-25T12:57:16.347097,12.224167823791504,1.7398035097122198,ANOMALY
2026-06-25T12:57:16.856869,12.229151725769043,1.7398035097122198,ANOMALY
2026-06-25T12:57:17.367747,12.230206489562988,1.7398035097122198,ANOMALY
2026-06-25T12:57:17.878353,12.24439525604248,1.7398035097122198,ANOMALY
2026-06-25T12:57:18.388582,12.250625610351562,1.7398035097122198,ANOMALY
2026-06-25T12:57:18.899364,12.258204460144043,1.7398035097122198,ANOMALY
2026-06-25T12:57:19.411047,12.27664852142334,1.7398035097122198,ANOMALY
2026-06-25T12:57:19.922150,12.283613204956055,1.7398035097122198,ANOMALY
2026-06-25T12:57:20.434567,12.285527229309082,1.7398035097122198,ANOMALY
2026-06-25T12:57:20.945140,12.286590576171875,1.7398035097122198,ANOMALY
2026-06-25T12:57:21.456058,12.277460098266602,1.7398035097122198,ANOMALY
2026-06-25T12:57:21.965962,12.256641387939453,1.7398035097122198,ANOMALY
2026-06-25T12:57:22.474358,12.251723289489746,1.7398035097122198,ANOMALY
2026-06-25T12:57:22.984807,12.247191429138184,1.7398035097122198,ANOMALY
2026-06-25T12:57:23.495530,12.243391990661621,1.7398035097122198,ANOMALY
2026-06-25T12:57:24.007146,12.243050575256348,1.7398035097122198,ANOMALY
2026-06-25T12:57:24.516745,12.233243942260742,1.7398035097122198,ANOMALY
2026-06-25T12:57:25.026733,12.227079391479492,1.7398035097122198,ANOMALY
2026-06-25T12:57:25.640812,12.223368644714355,1.7398035097122198,ANOMALY
2026-06-25T12:57:26.046611,12.22120475769043,1.7398035097122198,ANOMALY
2026-06-25T12:57:26.555218,12.223520278930664,1.7398035097122198,ANOMALY
2026-06-25T12:57:27.168824,12.218328475952148,1.7398035097122198,ANOMALY
2026-06-25T12:57:27.679339,12.215230941772461,1.7398035097122198,ANOMALY
2026-06-25T12:57:28.189018,12.212217330932617,1.7398035097122198,ANOMALY
2026-06-25T12:57:28.698382,12.198724746704102,1.7398035097122198,ANOMALY
2026-06-25T12:57:29.205093,12.185467720031738,1.7398035097122198,ANOMALY
2026-06-25T12:57:29.718825,12.18779468536377,1.7398035097122198,ANOMALY
2026-06-25T12:57:30.230066,12.19044017791748,1.7398035097122198,ANOMALY
2026-06-25T12:57:30.736784,12.197037696838379,1.7398035097122198,ANOMALY
2026-06-25T12:57:31.250654,12.188002586364746,1.7398035097122198,ANOMALY
2026-06-25T12:57:31.756719,12.17385196685791,1.7398035097122198,ANOMALY
2026-06-25T12:57:32.266864,12.17480182647705,1.7398035097122198,ANOMALY
2026-06-25T12:57:32.776996,12.176572799682617,1.7398035097122198,ANOMALY
2026-06-25T12:57:33.287238,12.184935569763184,1.7398035097122198,ANOMALY
2026-06-25T12:57:33.799200,12.189541816711426,1.7398035097122198,ANOMALY
2026-06-25T12:57:34.309398,12.191405296325684,1.7398035097122198,ANOMALY
2026-06-25T12:57:34.819595,12.19416618347168,1.7398035097122198,ANOMALY
2026-06-25T12:57:35.330658,12.195507049560547,1.7398035097122198,ANOMALY
2026-06-25T12:57:35.840087,12.201345443725586,1.7398035097122198,ANOMALY
2026-06-25T12:57:36.350348,12.205523490905762,1.7398035097122198,ANOMALY
2026-06-25T12:57:36.859918,12.209342956542969,1.7398035097122198,ANOMALY
2026-06-25T12:57:37.368708,12.210853576660156,1.7398035097122198,ANOMALY
2026-06-25T12:57:37.878803,12.21705436706543,1.7398035097122198,ANOMALY
2026-06-25T12:57:38.389314,12.223297119140625,1.7398035097122198,ANOMALY
2026-06-25T12:57:38.898850,12.229839324951172,1.7398035097122198,ANOMALY
2026-06-25T12:57:39.409542,12.239184379577637,1.7398035097122198,ANOMALY
2026-06-25T12:57:39.919322,12.25524616241455,1.7398035097122198,ANOMALY
2026-06-25T12:57:40.429073,12.267101287841797,1.7398035097122198,ANOMALY
2026-06-25T12:57:40.937754,12.273632049560547,1.7398035097122198,ANOMALY
2026-06-25T12:57:41.448636,12.2782564163208,1.7398035097122198,ANOMALY
2026-06-25T12:57:41.958819,12.280138969421387,1.7398035097122198,ANOMALY
2026-06-25T12:57:42.470950,12.279420852661133,1.7398035097122198,ANOMALY
2026-06-25T12:57:42.980801,12.282479286193848,1.7398035097122198,ANOMALY
2026-06-25T12:57:43.489913,12.285472869873047,1.7398035097122198,ANOMALY
2026-06-25T12:57:44.000967,12.285898208618164,1.7398035097122198,ANOMALY
2026-06-25T12:57:44.510594,12.286571502685547,1.7398035097122198,ANOMALY
2026-06-25T12:57:45.020588,12.28603458404541,1.7398035097122198,ANOMALY
2026-06-25T12:57:45.530854,12.287708282470703,1.7398035097122198,ANOMALY
2026-06-25T12:57:46.040762,12.284856796264648,1.7398035097122198,ANOMALY
2026-06-25T12:57:46.552261,12.283385276794434,1.7398035097122198,ANOMALY
2026-06-25T12:57:47.061343,12.280069351196289,1.7398035097122198,ANOMALY
2026-06-25T12:57:47.572956,12.279651641845703,1.7398035097122198,ANOMALY
2026-06-25T12:57:48.083756,12.286145210266113,1.7398035097122198,ANOMALY
2026-06-25T12:57:48.594818,12.289566993713379,1.7398035097122198,ANOMALY
2026-06-25T12:57:49.105410,12.314169883728027,1.7398035097122198,ANOMALY
2026-06-25T12:57:49.615286,12.306795120239258,1.7398035097122198,ANOMALY
2026-06-25T12:57:50.126151,12.30429458618164,1.7398035097122198,ANOMALY
2026-06-25T12:57:50.636571,12.361480712890625,1.7398035097122198,ANOMALY
2026-06-25T12:57:51.146859,12.46002197265625,1.7398035097122198,ANOMALY
2026-06-25T12:57:51.657059,12.492813110351562,1.7398035097122198,ANOMALY
2026-06-25T12:57:52.168411,12.593767166137695,1.7398035097122198,ANOMALY
2026-06-25T12:57:52.678617,12.631698608398438,1.7398035097122198,ANOMALY
2026-06-25T12:57:53.188814,12.6448392868042,1.7398035097122198,ANOMALY
2026-06-25T12:57:53.699644,12.668339729309082,1.7398035097122198,ANOMALY
2026-06-25T12:57:54.209275,12.653569221496582,1.7398035097122198,ANOMALY
2026-06-25T12:57:54.823347,12.634559631347656,1.7398035097122198,ANOMALY
2026-06-25T12:57:55.228822,12.388152122497559,1.7398035097122198,ANOMALY
2026-06-25T12:57:55.843153,12.72193717956543,1.7398035097122198,ANOMALY
2026-06-25T12:57:56.353612,12.70849323272705,1.7398035097122198,ANOMALY
2026-06-25T12:57:56.863823,12.688024520874023,1.7398035097122198,ANOMALY
2026-06-25T12:57:57.269866,12.727200508117676,1.7398035097122198,ANOMALY
2026-06-25T12:57:57.883142,12.90709114074707,1.7398035097122198,ANOMALY
2026-06-25T12:57:58.393645,13.171745300292969,1.7398035097122198,ANOMALY
2026-06-25T12:57:58.899947,13.213095664978027,1.7398035097122198,ANOMALY
2026-06-25T12:57:59.410493,13.221150398254395,1.7398035097122198,ANOMALY
2026-06-25T12:57:59.920318,13.244441032409668,1.7398035097122198,ANOMALY
2026-06-25T12:58:00.430866,13.240236282348633,1.7398035097122198,ANOMALY
2026-06-25T12:58:00.941164,13.189634323120117,1.7398035097122198,ANOMALY
2026-06-25T12:58:01.452300,12.604532241821289,1.7398035097122198,ANOMALY
2026-06-25T12:58:01.961338,12.594345092773438,1.7398035097122198,ANOMALY
2026-06-25T12:58:02.471275,12.796343803405762,1.7398035097122198,ANOMALY
2026-06-25T12:58:02.980830,13.175322532653809,1.7398035097122198,ANOMALY
2026-06-25T12:58:03.490930,13.15318489074707,1.7398035097122198,ANOMALY
2026-06-25T12:58:03.999954,13.147120475769043,1.7398035097122198,ANOMALY
2026-06-25T12:58:04.510661,13.150206565856934,1.7398035097122198,ANOMALY
2026-06-25T12:58:05.020609,13.138567924499512,1.7398035097122198,ANOMALY
2026-06-25T12:58:05.530619,13.143426895141602,1.7398035097122198,ANOMALY
2026-06-25T12:58:06.040152,13.253718376159668,1.7398035097122198,ANOMALY
2026-06-25T12:58:06.551653,13.259089469909668,1.7398035097122198,ANOMALY
2026-06-25T12:58:07.062964,13.067327499389648,1.7398035097122198,ANOMALY
2026-06-25T12:58:07.573560,12.999617576599121,1.7398035097122198,ANOMALY
2026-06-25T12:58:08.085484,12.992033004760742,1.7398035097122198,ANOMALY
2026-06-25T12:58:08.595633,12.687689781188965,1.7398035097122198,ANOMALY
2026-06-25T12:58:09.105751,12.35718059539795,1.7398035097122198,ANOMALY
2026-06-25T12:58:09.615008,12.337932586669922,1.7398035097122198,ANOMALY
2026-06-25T12:58:10.123765,12.295324325561523,1.7398035097122198,ANOMALY
2026-06-25T12:58:10.634972,12.340246200561523,1.7398035097122198,ANOMALY
2026-06-25T12:58:11.144657,12.299333572387695,1.7398035097122198,ANOMALY
2026-06-25T12:58:11.655810,12.290011405944824,1.7398035097122198,ANOMALY
2026-06-25T12:58:12.165885,12.269135475158691,1.7398035097122198,ANOMALY
2026-06-25T12:58:12.677231,12.267098426818848,1.7398035097122198,ANOMALY
2026-06-25T12:58:13.187016,12.259438514709473,1.7398035097122198,ANOMALY
2026-06-25T12:58:13.697754,12.253748893737793,1.7398035097122198,ANOMALY
2026-06-25T12:58:14.208507,12.247830390930176,1.7398035097122198,ANOMALY
2026-06-25T12:58:14.718590,12.257047653198242,1.7398035097122198,ANOMALY
2026-06-25T12:58:15.229052,12.251836776733398,1.7398035097122198,ANOMALY
2026-06-25T12:58:15.738287,12.247456550598145,1.7398035097122198,ANOMALY
2026-06-25T12:58:16.248523,12.248189926147461,1.7398035097122198,ANOMALY
2026-06-25T12:58:16.759238,12.22548770904541,1.7398035097122198,ANOMALY
2026-06-25T12:58:17.269266,12.233627319335938,1.7398035097122198,ANOMALY
2026-06-25T12:58:17.778970,12.240901947021484,1.7398035097122198,ANOMALY
2026-06-25T12:58:18.393550,12.246062278747559,1.7398035097122198,ANOMALY
2026-06-25T12:58:18.800558,12.244582176208496,1.7398035097122198,ANOMALY
2026-06-25T12:58:19.415731,12.245697021484375,1.7398035097122198,ANOMALY
2026-06-25T12:58:19.822068,12.256295204162598,1.7398035097122198,ANOMALY
2026-06-25T12:58:20.332783,12.418635368347168,1.7398035097122198,ANOMALY
2026-06-25T12:58:20.843328,12.401995658874512,1.7398035097122198,ANOMALY
2026-06-25T12:58:21.354041,12.378653526306152,1.7398035097122198,ANOMALY
2026-06-25T12:58:21.863742,12.349105834960938,1.7398035097122198,ANOMALY
2026-06-25T12:58:22.373064,12.260724067687988,1.7398035097122198,ANOMALY
2026-06-25T12:58:22.883530,12.255146980285645,1.7398035097122198,ANOMALY
2026-06-25T12:58:23.497897,12.254356384277344,1.7398035097122198,ANOMALY
2026-06-25T12:58:24.007272,12.254873275756836,1.7398035097122198,ANOMALY
2026-06-25T12:58:24.517852,12.25665283203125,1.7398035097122198,ANOMALY
2026-06-25T12:58:25.023633,12.259787559509277,1.7398035097122198,ANOMALY
2026-06-25T12:58:25.533015,12.256521224975586,1.7398035097122198,ANOMALY
2026-06-25T12:58:26.043983,12.256152153015137,1.7398035097122198,ANOMALY
2026-06-25T12:58:26.554140,12.252717971801758,1.7398035097122198,ANOMALY
2026-06-25T12:58:27.064354,12.246404647827148,1.7398035097122198,ANOMALY
2026-06-25T12:58:27.575197,12.238283157348633,1.7398035097122198,ANOMALY
2026-06-25T12:58:28.085296,12.238883018493652,1.7398035097122198,ANOMALY
2026-06-25T12:58:28.594799,12.240741729736328,1.7398035097122198,ANOMALY
2026-06-25T12:58:29.104115,12.241942405700684,1.7398035097122198,ANOMALY
2026-06-25T12:58:29.613661,12.243539810180664,1.7398035097122198,ANOMALY
2026-06-25T12:58:30.122891,12.244589805603027,1.7398035097122198,ANOMALY
2026-06-25T12:58:30.633662,12.24457836151123,1.7398035097122198,ANOMALY
2026-06-25T12:58:31.142500,12.240692138671875,1.7398035097122198,ANOMALY
2026-06-25T12:58:31.652343,12.240215301513672,1.7398035097122198,ANOMALY
2026-06-25T12:58:32.162107,12.23817253112793,1.7398035097122198,ANOMALY
2026-06-25T12:58:32.671757,12.235258102416992,1.7398035097122198,ANOMALY
2026-06-25T12:58:33.181643,12.232666015625,1.7398035097122198,ANOMALY
2026-06-25T12:58:33.690914,12.230755805969238,1.7398035097122198,ANOMALY
2026-06-25T12:58:34.201317,12.228531837463379,1.7398035097122198,ANOMALY
2026-06-25T12:58:34.710412,12.239812850952148,1.7398035097122198,ANOMALY
2026-06-25T12:58:35.221336,12.241312980651855,1.7398035097122198,ANOMALY
2026-06-25T12:58:35.731856,12.241172790527344,1.7398035097122198,ANOMALY
2026-06-25T12:58:36.242292,12.241626739501953,1.7398035097122198,ANOMALY
2026-06-25T12:58:36.751654,12.243051528930664,1.7398035097122198,ANOMALY
2026-06-25T12:58:37.262161,12.246517181396484,1.7398035097122198,ANOMALY
2026-06-25T12:58:37.775417,12.247289657592773,1.7398035097122198,ANOMALY
2026-06-25T12:58:38.285657,12.238815307617188,1.7398035097122198,ANOMALY
2026-06-25T12:58:38.800169,12.237814903259277,1.7398035097122198,ANOMALY
2026-06-25T12:58:39.312767,12.239825248718262,1.7398035097122198,ANOMALY
2026-06-25T12:58:39.826905,12.248241424560547,1.7398035097122198,ANOMALY
2026-06-25T12:58:40.335293,12.25299072265625,1.7398035097122198,ANOMALY
2026-06-25T12:58:40.848083,12.258391380310059,1.7398035097122198,ANOMALY
2026-06-25T12:58:41.358256,12.274724960327148,1.7398035097122198,ANOMALY
2026-06-25T12:58:41.867913,12.296278953552246,1.7398035097122198,ANOMALY
2026-06-25T12:58:42.378914,12.311375617980957,1.7398035097122198,ANOMALY
2026-06-25T12:58:42.887626,12.320073127746582,1.7398035097122198,ANOMALY
2026-06-25T12:58:43.397723,12.315376281738281,1.7398035097122198,ANOMALY
2026-06-25T12:58:43.907080,12.310431480407715,1.7398035097122198,ANOMALY
2026-06-25T12:58:44.416996,12.318596839904785,1.7398035097122198,ANOMALY
2026-06-25T12:58:44.927044,12.336830139160156,1.7398035097122198,ANOMALY
2026-06-25T12:58:45.436082,12.3328218460083,1.7398035097122198,ANOMALY
2026-06-25T12:58:45.947618,12.321431159973145,1.7398035097122198,ANOMALY
2026-06-25T12:58:46.457805,12.312732696533203,1.7398035097122198,ANOMALY
2026-06-25T12:58:46.968199,12.30142879486084,1.7398035097122198,ANOMALY
2026-06-25T12:58:47.476985,12.290470123291016,1.7398035097122198,ANOMALY
2026-06-25T12:58:47.986410,12.280573844909668,1.7398035097122198,ANOMALY
2026-06-25T12:58:48.496844,12.272417068481445,1.7398035097122198,ANOMALY
2026-06-25T12:58:49.006692,12.259024620056152,1.7398035097122198,ANOMALY
2026-06-25T12:58:49.517479,12.25143814086914,1.7398035097122198,ANOMALY
2026-06-25T12:58:50.132060,12.2446870803833,1.7398035097122198,ANOMALY
2026-06-25T12:58:50.537813,12.230648040771484,1.7398035097122198,ANOMALY
2026-06-25T12:58:51.059073,12.223675727844238,1.7398035097122198,ANOMALY
2026-06-25T12:58:51.663332,12.211479187011719,1.7398035097122198,ANOMALY
2026-06-25T12:58:52.174723,12.19493579864502,1.7398035097122198,ANOMALY
2026-06-25T12:58:52.683535,12.182111740112305,1.7398035097122198,ANOMALY
2026-06-25T12:58:53.193882,12.172525405883789,1.7398035097122198,ANOMALY
2026-06-25T12:58:53.704265,12.161548614501953,1.7398035097122198,ANOMALY
2026-06-25T12:58:54.215147,12.149309158325195,1.7398035097122198,ANOMALY
2026-06-25T12:58:54.720606,12.144559860229492,1.7398035097122198,ANOMALY
2026-06-25T12:58:55.231856,12.117779731750488,1.7398035097122198,ANOMALY
2026-06-25T12:58:55.745970,12.103046417236328,1.7398035097122198,ANOMALY
2026-06-25T12:58:56.152002,12.082754135131836,1.7398035097122198,ANOMALY
2026-06-25T12:58:56.762587,12.064895629882812,1.7398035097122198,ANOMALY
2026-06-25T12:58:57.275356,12.051551818847656,1.7398035097122198,ANOMALY
2026-06-25T12:58:57.789328,12.038796424865723,1.7398035097122198,ANOMALY
2026-06-25T12:58:58.299556,12.020328521728516,1.7398035097122198,ANOMALY
2026-06-25T12:58:58.808826,12.004858016967773,1.7398035097122198,ANOMALY
2026-06-25T12:58:59.318237,11.980786323547363,1.7398035097122198,ANOMALY
2026-06-25T12:58:59.827691,11.942787170410156,1.7398035097122198,ANOMALY
2026-06-25T12:59:00.338371,11.929215431213379,1.7398035097122198,ANOMALY
2026-06-25T12:59:00.847658,11.922183990478516,1.7398035097122198,ANOMALY
2026-06-25T12:59:01.358628,11.915266990661621,1.7398035097122198,ANOMALY
2026-06-25T12:59:01.868998,11.910069465637207,1.7398035097122198,ANOMALY
2026-06-25T12:59:02.378225,11.905820846557617,1.7398035097122198,ANOMALY
2026-06-25T12:59:02.889297,11.901172637939453,1.7398035097122198,ANOMALY
2026-06-25T12:59:03.399310,11.901403427124023,1.7398035097122198,ANOMALY
2026-06-25T12:59:03.909291,11.90245246887207,1.7398035097122198,ANOMALY
2026-06-25T12:59:04.418177,11.903397560119629,1.7398035097122198,ANOMALY
2026-06-25T12:59:04.927886,11.90330982208252,1.7398035097122198,ANOMALY
2026-06-25T12:59:05.438828,11.907028198242188,1.7398035097122198,ANOMALY
2026-06-25T12:59:05.948933,11.910944938659668,1.7398035097122198,ANOMALY
2026-06-25T12:59:06.459953,11.913347244262695,1.7398035097122198,ANOMALY
2026-06-25T12:59:06.971034,11.91533088684082,1.7398035097122198,ANOMALY
2026-06-25T12:59:07.482625,11.91856575012207,1.7398035097122198,ANOMALY
2026-06-25T12:59:07.993266,11.923426628112793,1.7398035097122198,ANOMALY
2026-06-25T12:59:08.503816,11.925972938537598,1.7398035097122198,ANOMALY
2026-06-25T12:59:09.015225,11.925603866577148,1.7398035097122198,ANOMALY
2026-06-25T12:59:09.525182,11.927074432373047,1.7398035097122198,ANOMALY
2026-06-25T12:59:10.033854,11.927597045898438,1.7398035097122198,ANOMALY
2026-06-25T12:59:10.544104,11.929238319396973,1.7398035097122198,ANOMALY
2026-06-25T12:59:11.054821,11.931727409362793,1.7398035097122198,ANOMALY
2026-06-25T12:59:11.563628,11.933891296386719,1.7398035097122198,ANOMALY
2026-06-25T12:59:12.073306,11.93484115600586,1.7398035097122198,ANOMALY
2026-06-25T12:59:12.583062,11.937893867492676,1.7398035097122198,ANOMALY
2026-06-25T12:59:13.094112,11.941941261291504,1.7398035097122198,ANOMALY
2026-06-25T12:59:13.603038,11.944738388061523,1.7398035097122198,ANOMALY
2026-06-25T12:59:14.112996,11.948031425476074,1.7398035097122198,ANOMALY
2026-06-25T12:59:14.622526,11.968101501464844,1.7398035097122198,ANOMALY
2026-06-25T12:59:15.132699,11.974416732788086,1.7398035097122198,ANOMALY
2026-06-25T12:59:15.642885,11.982561111450195,1.7398035097122198,ANOMALY
2026-06-25T12:59:16.153378,11.988521575927734,1.7398035097122198,ANOMALY
2026-06-25T12:59:16.663522,11.995763778686523,1.7398035097122198,ANOMALY
2026-06-25T12:59:17.174500,12.003098487854004,1.7398035097122198,ANOMALY
2026-06-25T12:59:17.683909,12.0142183303833,1.7398035097122198,ANOMALY
2026-06-25T12:59:18.193291,12.022059440612793,1.7398035097122198,ANOMALY
2026-06-25T12:59:18.703542,12.025264739990234,1.7398035097122198,ANOMALY
2026-06-25T12:59:19.214516,12.034682273864746,1.7398035097122198,ANOMALY
2026-06-25T12:59:19.725789,12.051002502441406,1.7398035097122198,ANOMALY
2026-06-25T12:59:20.234701,12.074419021606445,1.7398035097122198,ANOMALY
2026-06-25T12:59:20.744766,12.090373992919922,1.7398035097122198,ANOMALY
2026-06-25T12:59:21.254697,12.106795310974121,1.7398035097122198,ANOMALY
2026-06-25T12:59:21.763977,12.119847297668457,1.7398035097122198,ANOMALY
2026-06-25T12:59:22.275627,12.13470458984375,1.7398035097122198,ANOMALY
2026-06-25T12:59:22.890116,12.149084091186523,1.7398035097122198,ANOMALY
2026-06-25T12:59:23.315422,12.162687301635742,1.7398035097122198,ANOMALY
2026-06-25T12:59:23.841188,12.176398277282715,1.7398035097122198,ANOMALY
2026-06-25T12:59:24.366836,12.190696716308594,1.7398035097122198,ANOMALY
2026-06-25T12:59:24.891065,12.205133438110352,1.7398035097122198,ANOMALY
2026-06-25T12:59:25.415911,12.219629287719727,1.7398035097122198,ANOMALY
2026-06-25T12:59:25.942671,12.229907035827637,1.7398035097122198,ANOMALY
2026-06-25T12:59:26.471923,12.243770599365234,1.7398035097122198,ANOMALY
2026-06-25T12:59:26.893264,12.25157642364502,1.7398035097122198,ANOMALY
2026-06-25T12:59:27.418056,12.263373374938965,1.7398035097122198,ANOMALY
2026-06-25T12:59:27.943386,12.273161888122559,1.7398035097122198,ANOMALY
2026-06-25T12:59:28.469713,12.286466598510742,1.7398035097122198,ANOMALY
2026-06-25T12:59:28.995296,12.30851936340332,1.7398035097122198,ANOMALY
2026-06-25T12:59:29.520589,12.325324058532715,1.7398035097122198,ANOMALY
2026-06-25T12:59:30.045157,12.343199729919434,1.7398035097122198,ANOMALY
2026-06-25T12:59:30.573990,12.368538856506348,1.7398035097122198,ANOMALY
2026-06-25T12:59:30.995637,12.617783546447754,1.7398035097122198,ANOMALY
2026-06-25T12:59:31.520735,12.778044700622559,1.7398035097122198,ANOMALY
2026-06-25T12:59:32.045825,12.86564826965332,1.7398035097122198,ANOMALY
2026-06-25T12:59:32.570625,13.010420799255371,1.7398035097122198,ANOMALY
2026-06-25T12:59:33.096496,13.01909351348877,1.7398035097122198,ANOMALY
2026-06-25T12:59:33.642231,13.210857391357422,1.7398035097122198,ANOMALY
2026-06-25T12:59:34.105802,13.227669715881348,1.7398035097122198,ANOMALY
2026-06-25T12:59:34.582518,13.123191833496094,1.7398035097122198,ANOMALY
2026-06-25T12:59:35.263771,13.107867240905762,1.7398035097122198,ANOMALY
2026-06-25T12:59:35.941930,13.113628387451172,1.7398035097122198,ANOMALY
2026-06-25T12:59:36.620322,13.136141777038574,1.7398035097122198,ANOMALY
2026-06-25T12:59:37.317190,12.99522876739502,1.7398035097122198,ANOMALY
2026-06-25T12:59:38.008304,12.998842239379883,1.7398035097122198,ANOMALY
2026-06-25T12:59:38.701538,13.005635261535645,1.7398035097122198,ANOMALY
2026-06-25T12:59:39.388144,13.012336730957031,1.7398035097122198,ANOMALY
2026-06-25T12:59:40.074614,13.00383472442627,1.7398035097122198,ANOMALY
2026-06-25T12:59:40.771688,13.038003921508789,1.7398035097122198,ANOMALY
2026-06-25T12:59:41.460294,13.047356605529785,1.7398035097122198,ANOMALY
2026-06-25T12:59:42.150142,13.072632789611816,1.7398035097122198,ANOMALY
2026-06-25T12:59:42.841959,13.140861511230469,1.7398035097122198,ANOMALY
2026-06-25T12:59:43.538345,13.131109237670898,1.7398035097122198,ANOMALY
2026-06-25T12:59:44.217229,13.12159538269043,1.7398035097122198,ANOMALY
2026-06-25T12:59:44.901904,13.11283016204834,1.7398035097122198,ANOMALY
2026-06-25T12:59:45.580315,13.07455825805664,1.7398035097122198,ANOMALY
2026-06-25T12:59:46.261064,13.063539505004883,1.7398035097122198,ANOMALY
2026-06-25T12:59:46.944721,13.06589412689209,1.7398035097122198,ANOMALY
2026-06-25T12:59:47.655608,12.938705444335938,1.7398035097122198,ANOMALY
2026-06-25T12:59:48.357509,13.101030349731445,1.7398035097122198,ANOMALY
2026-06-25T12:59:49.091105,12.917108535766602,1.7398035097122198,ANOMALY
2026-06-25T12:59:49.797711,12.748503684997559,1.7398035097122198,ANOMALY
2026-06-25T12:59:50.536354,12.683614730834961,1.7398035097122198,ANOMALY
2026-06-25T12:59:51.234916,12.431840896606445,1.7398035097122198,ANOMALY
2026-06-25T12:59:51.957166,12.420243263244629,1.7398035097122198,ANOMALY
2026-06-25T12:59:52.666214,12.416739463806152,1.7398035097122198,ANOMALY
2026-06-25T12:59:53.370042,12.410455703735352,1.7398035097122198,ANOMALY
2026-06-25T12:59:54.069260,12.387837409973145,1.7398035097122198,ANOMALY
2026-06-25T12:59:54.781592,12.367588996887207,1.7398035097122198,ANOMALY
2026-06-25T12:59:55.116345,12.356742858886719,1.7398035097122198,ANOMALY
2026-06-25T12:59:56.186536,12.339988708496094,1.7398035097122198,ANOMALY
2026-06-25T12:59:56.621698,12.317837715148926,1.7398035097122198,ANOMALY
2026-06-25T12:59:57.615300,12.301064491271973,1.7398035097122198,ANOMALY
2026-06-25T12:59:59.041537,12.286900520324707,1.7398035097122198,ANOMALY
2026-06-25T12:59:59.210648,12.273000717163086,1.7398035097122198,ANOMALY
2026-06-25T12:59:59.716690,12.261427879333496,1.7398035097122198,ANOMALY
2026-06-25T13:00:00.821348,12.249550819396973,1.7398035097122198,ANOMALY
2026-06-25T13:00:01.258297,12.238242149353027,1.7398035097122198,ANOMALY
2026-06-25T13:00:02.225541,12.224854469299316,1.7398035097122198,ANOMALY
2026-06-25T13:00:03.629860,12.215173721313477,1.7398035097122198,ANOMALY
2026-06-25T13:00:03.796648,12.206396102905273,1.7398035097122198,ANOMALY
2026-06-25T13:00:04.304851,12.1976957321167,1.7398035097122198,ANOMALY
2026-06-25T13:00:04.857746,12.189602851867676,1.7398035097122198,ANOMALY
2026-06-25T13:00:05.507248,12.185673713684082,1.7398035097122198,ANOMALY
2026-06-25T13:00:06.222629,12.182371139526367,1.7398035097122198,ANOMALY
2026-06-25T13:00:06.956089,12.17972469329834,1.7398035097122198,ANOMALY
2026-06-25T13:00:07.639980,12.175577163696289,1.7398035097122198,ANOMALY
2026-06-25T13:00:08.347954,12.170660972595215,1.7398035097122198,ANOMALY
2026-06-25T13:00:09.049818,12.166730880737305,1.7398035097122198,ANOMALY
2026-06-25T13:00:09.747812,12.162044525146484,1.7398035097122198,ANOMALY
2026-06-25T13:00:10.454748,12.160099983215332,1.7398035097122198,ANOMALY
2026-06-25T13:00:11.156098,12.159119606018066,1.7398035097122198,ANOMALY
2026-06-25T13:00:11.864903,12.159161567687988,1.7398035097122198,ANOMALY
2026-06-25T13:00:12.570960,12.159614562988281,1.7398035097122198,ANOMALY
2026-06-25T13:00:13.277857,12.160480499267578,1.7398035097122198,ANOMALY
2026-06-25T13:00:13.994685,12.179719924926758,1.7398035097122198,ANOMALY
2026-06-25T13:00:14.708104,12.17089557647705,1.7398035097122198,ANOMALY
2026-06-25T13:00:15.414718,12.177380561828613,1.7398035097122198,ANOMALY
2026-06-25T13:00:16.143757,12.183972358703613,1.7398035097122198,ANOMALY
2026-06-25T13:00:16.855666,12.18671989440918,1.7398035097122198,ANOMALY
2026-06-25T13:00:17.573764,12.191994667053223,1.7398035097122198,ANOMALY
2026-06-25T13:00:18.292492,12.181700706481934,1.7398035097122198,ANOMALY
2026-06-25T13:00:19.019561,12.185129165649414,1.7398035097122198,ANOMALY
2026-06-25T13:00:19.721419,12.18793773651123,1.7398035097122198,ANOMALY
2026-06-25T13:00:20.431691,12.192770004272461,1.7398035097122198,ANOMALY
2026-06-25T13:00:21.155537,12.203482627868652,1.7398035097122198,ANOMALY
2026-06-25T13:00:21.865695,12.210124969482422,1.7398035097122198,ANOMALY
2026-06-25T13:00:22.577102,12.215710639953613,1.7398035097122198,ANOMALY
2026-06-25T13:00:23.300555,12.215289115905762,1.7398035097122198,ANOMALY
2026-06-25T13:00:24.012282,12.20859146118164,1.7398035097122198,ANOMALY
2026-06-25T13:00:24.723044,12.219388961791992,1.7398035097122198,ANOMALY
2026-06-25T13:00:25.442980,12.236395835876465,1.7398035097122198,ANOMALY
2026-06-25T13:00:26.148909,12.25027084350586,1.7398035097122198,ANOMALY
2026-06-25T13:00:26.849056,12.263602256774902,1.7398035097122198,ANOMALY
2026-06-25T13:00:27.551650,12.273159980773926,1.7398035097122198,ANOMALY
2026-06-25T13:00:28.264601,12.281417846679688,1.7398035097122198,ANOMALY
2026-06-25T13:00:28.999511,12.286974906921387,1.7398035097122198,ANOMALY
2026-06-25T13:00:29.729686,12.286199569702148,1.7398035097122198,ANOMALY
2026-06-25T13:00:30.430315,12.287952423095703,1.7398035097122198,ANOMALY
2026-06-25T13:00:31.159076,12.29074764251709,1.7398035097122198,ANOMALY
2026-06-25T13:00:31.915581,12.29320240020752,1.7398035097122198,ANOMALY
2026-06-25T13:00:32.629173,12.295913696289062,1.7398035097122198,ANOMALY
2026-06-25T13:00:33.365804,12.299901008605957,1.7398035097122198,ANOMALY
2026-06-25T13:00:34.102337,12.30327033996582,1.7398035097122198,ANOMALY
2026-06-25T13:00:34.821170,12.484370231628418,1.7398035097122198,ANOMALY
2026-06-25T13:00:35.542347,12.672024726867676,1.7398035097122198,ANOMALY
2026-06-25T13:00:36.239867,12.767203330993652,1.7398035097122198,ANOMALY
2026-06-25T13:00:36.949621,12.856139183044434,1.7398035097122198,ANOMALY
2026-06-25T13:00:37.677841,12.901084899902344,1.7398035097122198,ANOMALY
2026-06-25T13:00:38.393193,13.010025024414062,1.7398035097122198,ANOMALY
2026-06-25T13:00:39.107741,13.1005220413208,1.7398035097122198,ANOMALY
2026-06-25T13:00:39.839389,13.086181640625,1.7398035097122198,ANOMALY
2026-06-25T13:00:40.546752,13.091452598571777,1.7398035097122198,ANOMALY
2026-06-25T13:00:41.261100,13.028975486755371,1.7398035097122198,ANOMALY
2026-06-25T13:00:41.977907,12.989370346069336,1.7398035097122198,ANOMALY
2026-06-25T13:00:42.688421,12.941010475158691,1.7398035097122198,ANOMALY
2026-06-25T13:00:43.415858,12.852479934692383,1.7398035097122198,ANOMALY
2026-06-25T13:00:44.131148,12.683280944824219,1.7398035097122198,ANOMALY
2026-06-25T13:00:44.836728,12.495284080505371,1.7398035097122198,ANOMALY
2026-06-25T13:00:45.561978,12.50443172454834,1.7398035097122198,ANOMALY
2026-06-25T13:00:46.269188,12.486563682556152,1.7398035097122198,ANOMALY
2026-06-25T13:00:46.988268,12.496408462524414,1.7398035097122198,ANOMALY
2026-06-25T13:00:47.697239,12.500027656555176,1.7398035097122198,ANOMALY
2026-06-25T13:00:48.416575,12.56919002532959,1.7398035097122198,ANOMALY
2026-06-25T13:00:49.145561,12.828027725219727,1.7398035097122198,ANOMALY
2026-06-25T13:00:49.857234,12.63504409790039,1.7398035097122198,ANOMALY
2026-06-25T13:00:50.568665,12.75607967376709,1.7398035097122198,ANOMALY
2026-06-25T13:00:51.275520,12.813474655151367,1.7398035097122198,ANOMALY
2026-06-25T13:00:52.005406,12.721373558044434,1.7398035097122198,ANOMALY
2026-06-25T13:00:52.709179,12.527776718139648,1.7398035097122198,ANOMALY
2026-06-25T13:00:52.943141,12.511720657348633,1.7398035097122198,ANOMALY
2026-06-25T13:00:53.481012,12.506930351257324,1.7398035097122198,ANOMALY
2026-06-25T13:00:53.930758,12.511962890625,1.7398035097122198,ANOMALY
2026-06-25T13:00:54.468590,12.550456047058105,1.7398035097122198,ANOMALY
2026-06-25T13:00:54.991934,12.61131763458252,1.7398035097122198,ANOMALY
2026-06-25T13:00:55.515334,12.629327774047852,1.7398035097122198,ANOMALY
2026-06-25T13:00:56.039661,12.63306999206543,1.7398035097122198,ANOMALY
2026-06-25T13:00:56.565735,12.647472381591797,1.7398035097122198,ANOMALY
2026-06-25T13:00:57.088916,12.643296241760254,1.7398035097122198,ANOMALY
2026-06-25T13:00:57.511276,12.642127990722656,1.7398035097122198,ANOMALY
2026-06-25T13:00:58.140836,12.640646934509277,1.7398035097122198,ANOMALY
2026-06-25T13:00:58.563069,12.64098834991455,1.7398035097122198,ANOMALY
2026-06-25T13:00:59.087742,12.63880443572998,1.7398035097122198,ANOMALY
2026-06-25T13:00:59.597064,12.636719703674316,1.7398035097122198,ANOMALY
2026-06-25T13:01:00.107225,12.629197120666504,1.7398035097122198,ANOMALY
2026-06-25T13:01:00.617595,12.621801376342773,1.7398035097122198,ANOMALY
2026-06-25T13:01:01.128019,12.61764144897461,1.7398035097122198,ANOMALY
2026-06-25T13:01:01.636882,12.617738723754883,1.7398035097122198,ANOMALY
2026-06-25T13:01:02.146787,12.63451862335205,1.7398035097122198,ANOMALY
2026-06-25T13:01:02.657482,12.642245292663574,1.7398035097122198,ANOMALY
2026-06-25T13:01:03.169016,12.644787788391113,1.7398035097122198,ANOMALY
2026-06-25T13:01:03.677885,12.647337913513184,1.7398035097122198,ANOMALY
2026-06-25T13:01:04.188310,12.65049934387207,1.7398035097122198,ANOMALY
2026-06-25T13:01:04.698655,12.61579418182373,1.7398035097122198,ANOMALY
2026-06-25T13:01:05.208260,12.609240531921387,1.7398035097122198,ANOMALY
2026-06-25T13:01:05.719537,12.581021308898926,1.7398035097122198,ANOMALY
2026-06-25T13:01:06.230190,12.584189414978027,1.7398035097122198,ANOMALY
2026-06-25T13:01:06.739422,12.596861839294434,1.7398035097122198,ANOMALY
2026-06-25T13:01:07.249648,12.610872268676758,1.7398035097122198,ANOMALY
2026-06-25T13:01:07.761156,12.631394386291504,1.7398035097122198,ANOMALY
2026-06-25T13:01:08.271508,12.642004013061523,1.7398035097122198,ANOMALY
2026-06-25T13:01:08.784964,12.66833782196045,1.7398035097122198,ANOMALY
2026-06-25T13:01:09.294933,12.846463203430176,1.7398035097122198,ANOMALY
2026-06-25T13:01:09.805714,12.933052062988281,1.7398035097122198,ANOMALY
2026-06-25T13:01:10.315915,13.000022888183594,1.7398035097122198,ANOMALY
2026-06-25T13:01:10.930484,12.96450138092041,1.7398035097122198,ANOMALY
2026-06-25T13:01:11.440842,12.94579792022705,1.7398035097122198,ANOMALY
2026-06-25T13:01:11.950491,12.969083786010742,1.7398035097122198,ANOMALY
2026-06-25T13:01:12.459853,13.040186882019043,1.7398035097122198,ANOMALY
2026-06-25T13:01:12.974782,13.414961814880371,1.7398035097122198,ANOMALY
2026-06-25T13:01:13.484190,13.53524398803711,1.7398035097122198,ANOMALY
2026-06-25T13:01:13.994615,13.528322219848633,1.7398035097122198,ANOMALY
2026-06-25T13:01:14.505781,13.56308650970459,1.7398035097122198,ANOMALY
2026-06-25T13:01:15.020315,13.572768211364746,1.7398035097122198,ANOMALY
2026-06-25T13:01:15.531271,13.427913665771484,1.7398035097122198,ANOMALY
2026-06-25T13:01:16.040571,13.3153657913208,1.7398035097122198,ANOMALY
2026-06-25T13:01:16.550519,13.218274116516113,1.7398035097122198,ANOMALY
2026-06-25T13:01:17.056742,13.209753036499023,1.7398035097122198,ANOMALY
2026-06-25T13:01:17.567740,13.206350326538086,1.7398035097122198,ANOMALY
2026-06-25T13:01:18.077401,13.20496654510498,1.7398035097122198,ANOMALY
2026-06-25T13:01:18.588068,13.171232223510742,1.7398035097122198,ANOMALY
2026-06-25T13:01:19.098533,13.159065246582031,1.7398035097122198,ANOMALY
2026-06-25T13:01:19.608272,13.154022216796875,1.7398035097122198,ANOMALY
2026-06-25T13:01:20.118190,13.173345565795898,1.7398035097122198,ANOMALY
2026-06-25T13:01:20.633126,13.163116455078125,1.7398035097122198,ANOMALY
2026-06-25T13:01:21.143798,13.157392501831055,1.7398035097122198,ANOMALY
2026-06-25T13:01:21.653410,13.133605003356934,1.7398035097122198,ANOMALY
2026-06-25T13:01:22.162955,13.163687705993652,1.7398035097122198,ANOMALY
2026-06-25T13:01:22.673685,13.122536659240723,1.7398035097122198,ANOMALY
2026-06-25T13:01:23.184211,13.100635528564453,1.7398035097122198,ANOMALY
2026-06-25T13:01:23.693727,13.076687812805176,1.7398035097122198,ANOMALY
2026-06-25T13:01:24.204643,13.065773010253906,1.7398035097122198,ANOMALY
2026-06-25T13:01:24.715129,13.057196617126465,1.7398035097122198,ANOMALY
2026-06-25T13:01:25.227988,13.040229797363281,1.7398035097122198,ANOMALY
2026-06-25T13:01:25.738035,13.012417793273926,1.7398035097122198,ANOMALY
2026-06-25T13:01:26.246775,12.992342948913574,1.7398035097122198,ANOMALY
2026-06-25T13:01:26.755862,12.9706392288208,1.7398035097122198,ANOMALY
2026-06-25T13:01:27.266424,12.946464538574219,1.7398035097122198,ANOMALY
2026-06-25T13:01:27.776016,12.922069549560547,1.7398035097122198,ANOMALY
2026-06-25T13:01:28.285822,12.815141677856445,1.7398035097122198,ANOMALY
2026-06-25T13:01:28.795797,12.715084075927734,1.7398035097122198,ANOMALY
2026-06-25T13:01:29.305378,12.675000190734863,1.7398035097122198,ANOMALY
2026-06-25T13:01:29.816104,12.650005340576172,1.7398035097122198,ANOMALY
2026-06-25T13:01:30.325353,12.629634857177734,1.7398035097122198,ANOMALY
2026-06-25T13:01:30.835503,12.62215518951416,1.7398035097122198,ANOMALY
2026-06-25T13:01:31.345478,12.613574028015137,1.7398035097122198,ANOMALY
2026-06-25T13:01:31.855132,12.597763061523438,1.7398035097122198,ANOMALY
2026-06-25T13:01:32.365920,12.57589054107666,1.7398035097122198,ANOMALY
2026-06-25T13:01:32.875739,12.561420440673828,1.7398035097122198,ANOMALY
2026-06-25T13:01:33.385359,12.545945167541504,1.7398035097122198,ANOMALY
2026-06-25T13:01:33.894803,12.532638549804688,1.7398035097122198,ANOMALY
2026-06-25T13:01:34.404395,12.525543212890625,1.7398035097122198,ANOMALY
2026-06-25T13:01:34.914727,12.517254829406738,1.7398035097122198,ANOMALY
2026-06-25T13:01:35.425762,12.50820541381836,1.7398035097122198,ANOMALY
2026-06-25T13:01:35.936548,12.502676963806152,1.7398035097122198,ANOMALY
2026-06-25T13:01:36.447809,12.487418174743652,1.7398035097122198,ANOMALY
2026-06-25T13:01:36.957604,12.463128089904785,1.7398035097122198,ANOMALY
2026-06-25T13:01:37.467744,12.445663452148438,1.7398035097122198,ANOMALY
2026-06-25T13:01:37.978810,12.431729316711426,1.7398035097122198,ANOMALY
2026-06-25T13:01:38.488181,12.415083885192871,1.7398035097122198,ANOMALY
2026-06-25T13:01:38.998063,12.408699989318848,1.7398035097122198,ANOMALY
2026-06-25T13:01:39.507368,12.40605640411377,1.7398035097122198,ANOMALY
2026-06-25T13:01:40.017014,12.442323684692383,1.7398035097122198,ANOMALY
2026-06-25T13:01:40.530559,12.43763542175293,1.7398035097122198,ANOMALY
2026-06-25T13:01:41.040645,12.423587799072266,1.7398035097122198,ANOMALY
2026-06-25T13:01:41.655523,12.393847465515137,1.7398035097122198,ANOMALY
2026-06-25T13:01:42.061898,12.394624710083008,1.7398035097122198,ANOMALY
2026-06-25T13:01:42.572671,12.394645690917969,1.7398035097122198,ANOMALY
2026-06-25T13:01:43.186827,12.403548240661621,1.7398035097122198,ANOMALY
2026-06-25T13:01:43.696812,12.396871566772461,1.7398035097122198,ANOMALY
2026-06-25T13:01:44.208552,12.384004592895508,1.7398035097122198,ANOMALY
2026-06-25T13:01:44.717886,12.38239860534668,1.7398035097122198,ANOMALY
2026-06-25T13:01:45.228632,12.390364646911621,1.7398035097122198,ANOMALY
2026-06-25T13:01:45.737932,12.385904312133789,1.7398035097122198,ANOMALY
2026-06-25T13:01:46.248290,12.387544631958008,1.7398035097122198,ANOMALY
2026-06-25T13:01:46.758308,12.391048431396484,1.7398035097122198,ANOMALY
2026-06-25T13:01:47.263798,12.387372016906738,1.7398035097122198,ANOMALY
2026-06-25T13:01:47.777010,12.385498046875,1.7398035097122198,ANOMALY
2026-06-25T13:01:48.284171,12.389422416687012,1.7398035097122198,ANOMALY
2026-06-25T13:01:48.794867,12.406310081481934,1.7398035097122198,ANOMALY
2026-06-25T13:01:49.305583,12.535863876342773,1.7398035097122198,ANOMALY
2026-06-25T13:01:49.815595,12.596726417541504,1.7398035097122198,ANOMALY
2026-06-25T13:01:50.325010,12.63245964050293,1.7398035097122198,ANOMALY
2026-06-25T13:01:50.834988,12.508912086486816,1.7398035097122198,ANOMALY
2026-06-25T13:01:51.345116,12.36662769317627,1.7398035097122198,ANOMALY
2026-06-25T13:01:51.855242,12.335923194885254,1.7398035097122198,ANOMALY
2026-06-25T13:01:52.365952,12.320862770080566,1.7398035097122198,ANOMALY
2026-06-25T13:01:52.875284,12.309660911560059,1.7398035097122198,ANOMALY
2026-06-25T13:01:53.386382,12.299409866333008,1.7398035097122198,ANOMALY
2026-06-25T13:01:53.896176,12.366046905517578,1.7398035097122198,ANOMALY
2026-06-25T13:01:54.408003,12.49213981628418,1.7398035097122198,ANOMALY
2026-06-25T13:01:54.918335,12.528244018554688,1.7398035097122198,ANOMALY
2026-06-25T13:01:55.429320,12.538690567016602,1.7398035097122198,ANOMALY
2026-06-25T13:01:55.940995,12.560388565063477,1.7398035097122198,ANOMALY
2026-06-25T13:01:56.452292,12.644966125488281,1.7398035097122198,ANOMALY
2026-06-25T13:01:56.963481,12.639808654785156,1.7398035097122198,ANOMALY
2026-06-25T13:01:57.473591,12.60886001586914,1.7398035097122198,ANOMALY
2026-06-25T13:01:57.983147,12.49274730682373,1.7398035097122198,ANOMALY
2026-06-25T13:01:58.493000,12.438995361328125,1.7398035097122198,ANOMALY
2026-06-25T13:01:59.003577,12.428098678588867,1.7398035097122198,ANOMALY
2026-06-25T13:01:59.513384,12.423857688903809,1.7398035097122198,ANOMALY
2026-06-25T13:02:00.022132,12.465705871582031,1.7398035097122198,ANOMALY
2026-06-25T13:02:00.533309,12.47773265838623,1.7398035097122198,ANOMALY
2026-06-25T13:02:01.041771,12.456733703613281,1.7398035097122198,ANOMALY
2026-06-25T13:02:01.551937,12.435735702514648,1.7398035097122198,ANOMALY
2026-06-25T13:02:02.062049,12.425761222839355,1.7398035097122198,ANOMALY
2026-06-25T13:02:02.571036,12.407526016235352,1.7398035097122198,ANOMALY
2026-06-25T13:02:03.080490,12.397857666015625,1.7398035097122198,ANOMALY
2026-06-25T13:02:03.591524,12.392816543579102,1.7398035097122198,ANOMALY
2026-06-25T13:02:04.103605,12.393973350524902,1.7398035097122198,ANOMALY
2026-06-25T13:02:04.613671,12.441505432128906,1.7398035097122198,ANOMALY
2026-06-25T13:02:05.124642,12.453561782836914,1.7398035097122198,ANOMALY
2026-06-25T13:02:05.634685,12.375515937805176,1.7398035097122198,ANOMALY
2026-06-25T13:02:06.144226,12.060827255249023,1.7398035097122198,ANOMALY
2026-06-25T13:02:06.654655,12.04843521118164,1.7398035097122198,ANOMALY
2026-06-25T13:02:07.164203,12.040594100952148,1.7398035097122198,ANOMALY
2026-06-25T13:02:07.674662,12.02938461303711,1.7398035097122198,ANOMALY
2026-06-25T13:02:08.185121,12.025233268737793,1.7398035097122198,ANOMALY
2026-06-25T13:02:08.696297,12.021506309509277,1.7398035097122198,ANOMALY
2026-06-25T13:02:09.206638,12.01753044128418,1.7398035097122198,ANOMALY
2026-06-25T13:02:09.718485,12.013863563537598,1.7398035097122198,ANOMALY
2026-06-25T13:02:10.229936,12.003113746643066,1.7398035097122198,ANOMALY
2026-06-25T13:02:10.739932,11.9934663772583,1.7398035097122198,ANOMALY
2026-06-25T13:02:11.353832,11.991098403930664,1.7398035097122198,ANOMALY
2026-06-25T13:02:11.863239,11.99275016784668,1.7398035097122198,ANOMALY
2026-06-25T13:02:12.373813,12.000244140625,1.7398035097122198,ANOMALY
2026-06-25T13:02:12.884708,12.010965347290039,1.7398035097122198,ANOMALY
2026-06-25T13:02:13.394068,12.016372680664062,1.7398035097122198,ANOMALY
2026-06-25T13:02:13.904292,12.021713256835938,1.7398035097122198,ANOMALY
2026-06-25T13:02:14.310561,12.031974792480469,1.7398035097122198,ANOMALY
2026-06-25T13:02:14.920639,12.044071197509766,1.7398035097122198,ANOMALY
2026-06-25T13:02:15.329365,12.051513671875,1.7398035097122198,ANOMALY
2026-06-25T13:02:15.941088,12.062826156616211,1.7398035097122198,ANOMALY
2026-06-25T13:02:16.450176,12.063016891479492,1.7398035097122198,ANOMALY
2026-06-25T13:02:16.960268,12.066125869750977,1.7398035097122198,ANOMALY
2026-06-25T13:02:17.470617,12.07896900177002,1.7398035097122198,ANOMALY
2026-06-25T13:02:17.980092,12.084243774414062,1.7398035097122198,ANOMALY
2026-06-25T13:02:18.489820,12.087080001831055,1.7398035097122198,ANOMALY
2026-06-25T13:02:18.999803,12.091355323791504,1.7398035097122198,ANOMALY
2026-06-25T13:02:19.509963,12.096586227416992,1.7398035097122198,ANOMALY
2026-06-25T13:02:20.020057,12.100993156433105,1.7398035097122198,ANOMALY
2026-06-25T13:02:20.530367,12.108818054199219,1.7398035097122198,ANOMALY
2026-06-25T13:02:21.040320,12.113473892211914,1.7398035097122198,ANOMALY
2026-06-25T13:02:21.549723,12.118590354919434,1.7398035097122198,ANOMALY
2026-06-25T13:02:22.059045,12.127756118774414,1.7398035097122198,ANOMALY
2026-06-25T13:02:22.568235,12.134988784790039,1.7398035097122198,ANOMALY
2026-06-25T13:02:23.079686,12.142420768737793,1.7398035097122198,ANOMALY
2026-06-25T13:02:23.589806,12.15056324005127,1.7398035097122198,ANOMALY
2026-06-25T13:02:24.100651,12.14544677734375,1.7398035097122198,ANOMALY
2026-06-25T13:02:24.611540,12.147753715515137,1.7398035097122198,ANOMALY
2026-06-25T13:02:25.488348,12.152588844299316,1.7398035097122198,ANOMALY
2026-06-25T13:02:26.381239,12.15761661529541,1.7398035097122198,ANOMALY
2026-06-25T13:02:27.248744,12.172160148620605,1.7398035097122198,ANOMALY
2026-06-25T13:02:28.115658,12.194137573242188,1.7398035097122198,ANOMALY
2026-06-25T13:02:28.980646,12.203533172607422,1.7398035097122198,ANOMALY
2026-06-25T13:02:29.851397,12.222805976867676,1.7398035097122198,ANOMALY
2026-06-25T13:02:30.720534,12.203322410583496,1.7398035097122198,ANOMALY
2026-06-25T13:02:31.590402,12.197508811950684,1.7398035097122198,ANOMALY
2026-06-25T13:02:32.485613,12.19271183013916,1.7398035097122198,ANOMALY
2026-06-25T13:02:33.344075,12.275896072387695,1.7398035097122198,ANOMALY
2026-06-25T13:02:34.215905,12.37186336517334,1.7398035097122198,ANOMALY
2026-06-25T13:02:35.103135,12.444074630737305,1.7398035097122198,ANOMALY
2026-06-25T13:02:35.986855,12.461288452148438,1.7398035097122198,ANOMALY
2026-06-25T13:02:37.199958,12.51682186126709,1.7398035097122198,ANOMALY
2026-06-25T13:02:37.722245,12.57511043548584,1.7398035097122198,ANOMALY
2026-06-25T13:02:38.593961,12.636357307434082,1.7398035097122198,ANOMALY
2026-06-25T13:02:39.521853,12.625163078308105,1.7398035097122198,ANOMALY
2026-06-25T13:02:40.396374,12.619731903076172,1.7398035097122198,ANOMALY
2026-06-25T13:02:41.306060,12.781123161315918,1.7398035097122198,ANOMALY
2026-06-25T13:02:42.201943,12.767118453979492,1.7398035097122198,ANOMALY
2026-06-25T13:02:43.059201,12.695615768432617,1.7398035097122198,ANOMALY
2026-06-25T13:02:43.926478,12.598767280578613,1.7398035097122198,ANOMALY
2026-06-25T13:02:44.783251,12.55605697631836,1.7398035097122198,ANOMALY
2026-06-25T13:02:45.655063,12.540955543518066,1.7398035097122198,ANOMALY
2026-06-25T13:02:46.517516,12.406356811523438,1.7398035097122198,ANOMALY
2026-06-25T13:02:47.386767,12.341055870056152,1.7398035097122198,ANOMALY
2026-06-25T13:02:48.391373,12.299152374267578,1.7398035097122198,ANOMALY
2026-06-25T13:02:49.298955,12.329073905944824,1.7398035097122198,ANOMALY
2026-06-25T13:02:50.165890,12.340400695800781,1.7398035097122198,ANOMALY
2026-06-25T13:02:51.025962,12.35250473022461,1.7398035097122198,ANOMALY
2026-06-25T13:02:51.888487,12.365400314331055,1.7398035097122198,ANOMALY
2026-06-25T13:02:52.831600,12.366653442382812,1.7398035097122198,ANOMALY
2026-06-25T13:02:53.764069,12.330859184265137,1.7398035097122198,ANOMALY
2026-06-25T13:02:54.626185,12.322028160095215,1.7398035097122198,ANOMALY
2026-06-25T13:02:55.489727,12.32605266571045,1.7398035097122198,ANOMALY
2026-06-25T13:02:55.810877,12.318060874938965,1.7398035097122198,ANOMALY
2026-06-25T13:02:57.213111,12.297796249389648,1.7398035097122198,ANOMALY
2026-06-25T13:02:57.398148,12.269535064697266,1.7398035097122198,ANOMALY
2026-06-25T13:02:58.932986,12.250253677368164,1.7398035097122198,ANOMALY
2026-06-25T13:02:59.475778,12.183160781860352,1.7398035097122198,ANOMALY
2026-06-25T13:03:00.646346,12.177071571350098,1.7398035097122198,ANOMALY
2026-06-25T13:03:00.968189,12.184768676757812,1.7398035097122198,ANOMALY
2026-06-25T13:03:02.364324,12.204109191894531,1.7398035097122198,ANOMALY
2026-06-25T13:03:02.576694,12.21145248413086,1.7398035097122198,ANOMALY
2026-06-25T13:03:04.093354,12.210869789123535,1.7398035097122198,ANOMALY
2026-06-25T13:03:04.528010,12.206742286682129,1.7398035097122198,ANOMALY
2026-06-25T13:03:05.797917,12.177088737487793,1.7398035097122198,ANOMALY
2026-06-25T13:03:06.119749,12.166400909423828,1.7398035097122198,ANOMALY
2026-06-25T13:03:06.657394,12.154909133911133,1.7398035097122198,ANOMALY
2026-06-25T13:03:07.512577,12.150230407714844,1.7398035097122198,ANOMALY
2026-06-25T13:03:09.229589,12.150710105895996,1.7398035097122198,ANOMALY
2026-06-25T13:03:09.666012,12.162046432495117,1.7398035097122198,ANOMALY
2026-06-25T13:03:10.429270,12.189133644104004,1.7398035097122198,ANOMALY
2026-06-25T13:03:11.291131,12.162071228027344,1.7398035097122198,ANOMALY
2026-06-25T13:03:12.148579,12.148777961730957,1.7398035097122198,ANOMALY
2026-06-25T13:03:13.005972,12.134490966796875,1.7398035097122198,ANOMALY
2026-06-25T13:03:13.880324,12.12910270690918,1.7398035097122198,ANOMALY
2026-06-25T13:03:14.752272,12.121740341186523,1.7398035097122198,ANOMALY
2026-06-25T13:03:15.616012,12.112339973449707,1.7398035097122198,ANOMALY
2026-06-25T13:03:16.983821,12.097040176391602,1.7398035097122198,ANOMALY
2026-06-25T13:03:17.339371,12.078662872314453,1.7398035097122198,ANOMALY
2026-06-25T13:03:18.200564,12.070521354675293,1.7398035097122198,ANOMALY
2026-06-25T13:03:19.058145,12.055257797241211,1.7398035097122198,ANOMALY
2026-06-25T13:03:19.914819,12.051655769348145,1.7398035097122198,ANOMALY
2026-06-25T13:03:20.771263,12.045546531677246,1.7398035097122198,ANOMALY
2026-06-25T13:03:21.627613,12.047574996948242,1.7398035097122198,ANOMALY
2026-06-25T13:03:22.484872,12.041430473327637,1.7398035097122198,ANOMALY
2026-06-25T13:03:23.340142,12.039534568786621,1.7398035097122198,ANOMALY
